L_ms,meas_config,meas_d,meas_w,meas_T,meas_err,meas_budget,fit_config,fit_d,fit_w,fit_T,fit_err,fit_budget,agree_exact,agree_depth
32.11688995361328,C1,8,1152,1,1.11536628489618,C,C1,8,1152,1,1.200187889780989,C,True,True
37.11929148601363,C1,8,1152,1,1.11536628489618,C,C1,8,1152,1,1.200187889780989,C,True,True
42.900847573151516,C1,8,1152,1,1.11536628489618,C,C1,8,1152,1,1.200187889780989,C,True,True
49.582916289990735,C1,8,1152,1,1.11536628489618,C,C2,12,960,1,1.1751324475423455,C,False,False
57.30575797198941,C1,8,1152,1,1.11536628489618,C,C2,12,960,1,1.1751324475423455,C,False,False
66.23147935748092,C1,8,1152,2,0.7906013380563831,C,C1,8,1152,2,0.6786339003484898,C,True,True
76.54743629819119,C1,8,1152,2,0.7906013380563831,C,C1,8,1152,2,0.6786339003484898,C,True,True
88.47016646267622,C1,8,1152,2,0.7906013380563831,C,C1,8,1152,2,0.6786339003484898,C,True,True
102.24993458231053,C2,12,960,2,0.7658981822413212,C,C2,12,960,2,0.6535784581098464,C,True,True
118.17598564706634,C2,12,960,2,0.7658981822413212,C,C2,12,960,2,0.6535784581098464,C,True,True
136.58261631858005,C1,8,1152,4,0.356831150731205,C,C1,8,1152,4,0.40916607095028684,C,True,True
157.8561920028424,C1,8,1152,4,0.356831150731205,C,C1,8,1152,4,0.40916607095028684,C,True,True
182.44325687476532,C1,8,1152,4,0.356831150731205,C,C1,8,1152,4,0.40916607095028684,C,True,True
210.8599070885499,C1,8,1152,4,0.356831150731205,C,C2,12,960,4,0.3841106287116433,C,False,False
243.70262392274583,C1,8,1152,4,0.356831150731205,C,C2,12,960,4,0.3841106287116433,C,False,False
281.6607942537427,C1,8,1152,8,0.22998480578683242,C,C1,8,1152,8,0.26994192052323546,C,True,True
325.53118116938214,C1,8,1152,8,0.22998480578683242,C,C1,8,1152,8,0.26994192052323546,C,True,True
376.23464846891795,C1,8,1152,8,0.22998480578683242,C,C1,8,1152,8,0.26994192052323546,C,True,True
434.8354901058675,C1,8,1152,8,0.22998480578683242,C,C2,12,960,8,0.24488647828459192,C,False,False
502.5637703095029,C1,8,1152,8,0.22998480578683242,C,C2,12,960,8,0.24488647828459192,C,False,False
580.8411433165467,C1,8,1152,16,0.1804697981735589,C,C1,8,1152,16,0.1980099050933316,C,True,True
671.3106946835826,C1,8,1152,16,0.1804697981735589,C,C1,8,1152,16,0.1980099050933316,C,True,True
775.8714305659217,C1,8,1152,24,0.16876000416188872,C,C2,12,960,16,0.1729544628546881,C,False,False
896.7181389120385,C1,8,1152,24,0.16876000416188872,C,C2,12,960,16,0.1729544628546881,C,False,False
1036.387459282211,C1,8,1152,32,0.15414415053543462,C,C1,8,1152,32,0.16084526930322823,C,True,True
1197.8111283224493,C5,36,512,8,0.1437439433470208,C,C2,12,960,24,0.14831638132507863,C,False,False
1384.3775185458064,C5,36,512,8,0.1437439433470208,C,C2,12,960,24,0.14831638132507863,C,False,False
1600.002762154271,C5,36,512,8,0.1437439433470208,C,C2,12,960,32,0.13578982706458476,C,False,False
1849.2129528298126,C3,18,768,24,0.1330787647356796,C,C3,18,768,24,0.12844410553042576,C,True,True
2137.239150955816,C3,18,768,24,0.1330787647356796,C,C3,18,768,24,0.12844410553042576,C,True,True
2470.12718648133,C5,36,512,16,0.10276563987633026,C,C3,18,768,32,0.11591755126993186,C,False,False
2854.8645642512424,C5,36,512,16,0.10276563987633026,C,C4,26,640,24,0.11400053466613175,C,False,False
3299.527135615788,C5,36,512,16,0.10276563987633026,C,C4,26,640,24,0.11400053466613175,C,False,False
3813.448615037991,C5,36,512,24,0.09584366700841833,C,C4,26,640,32,0.10147398040563785,C,False,False
4407.4164999467785,C5,36,512,24,0.09584366700841833,C,C4,26,640,32,0.10147398040563785,C,False,False
5093.89850630244,C5,36,512,32,0.0914451540330448,C,C5,36,512,32,0.09099326563783103,C,True,True
5887.304272882666,C5,36,512,32,0.0914451540330448,C,C5,36,512,32,0.09099326563783103,C,True,True
6804.287827607645,C5,36,512,32,0.0914451540330448,C,C4,26,640,64,0.08227237531844286,C,False,False
7864.097164840446,C5,36,512,32,0.0914451540330448,C,C4,26,640,64,0.08227237531844286,C,False,False
9088.978271484379,C5,36,512,64,0.0884060433466773,C,C5,36,512,64,0.07179166055063603,C,True,True
