config,seed,T,nfe,budget,width,depth,heads,n_nonembed,n_total,lr,val_loss,wer,sim,utmos,degen_rate,crash_rate,err_wer,err_sim,err_ut,c_layer_ms,latency_ms,n_items,ckpt_step
A1,0,1,8,A,640,4,10,19666560,40750080,0.004,4.635533067937229,1.1099732221483622,0.1957006085058674,1.5267159137129784,0.4,0.0,1.1099732221483622,0.8042993914941325,0.8683210215717554,0.506141185760498,16.196517944335938,400,30000
A1,0,2,16,A,640,4,10,19666560,40750080,0.004,4.635533067937229,0.9916594514129852,0.2505066501977853,1.861312773525715,0.1375,0.0,0.9916594514129852,0.7494933498022147,0.7846718066185713,0.506141185760498,32.393035888671875,400,30000
A1,0,4,32,A,640,4,10,19666560,40750080,0.004,4.635533067937229,0.7220474949816326,0.2914514516107738,2.312038837969303,0.03,0.0,0.7220474949816326,0.7085485483892262,0.6719902905076742,0.506141185760498,64.78607177734375,400,30000
A1,0,8,64,A,640,4,10,19666560,40750080,0.004,4.635533067937229,0.5780410464191889,0.3157531565544195,2.617322410941124,0.0175,0.0,0.5780410464191889,0.6842468434455804,0.595669397264719,0.506141185760498,129.5721435546875,400,30000
A1,0,16,128,A,640,4,10,19666560,40750080,0.004,4.635533067937229,0.4856965224190841,0.3314446558163035,2.8211761718988417,0.005,0.0,0.4856965224190841,0.6685553441836964,0.5447059570252896,0.506141185760498,259.144287109375,400,30000
A1,1,1,8,A,640,4,10,19666560,40750080,0.004,4.625824757254107,1.0919528585292395,0.200526367642451,1.515981760919094,0.3875,0.0,1.0919528585292395,0.7994736323575489,0.8710045597702265,0.506141185760498,16.196517944335938,400,30000
A1,1,2,16,A,640,4,10,19666560,40750080,0.004,4.625824757254107,0.9812592935488996,0.2525671578524634,1.8607714900374408,0.155,0.0,0.9812592935488996,0.7474328421475366,0.7848071274906396,0.506141185760498,32.393035888671875,400,30000
A1,1,4,32,A,640,4,10,19666560,40750080,0.004,4.625824757254107,0.7392504763278097,0.2910432915156707,2.348339112699032,0.05,0.0,0.7392504763278097,0.7089567084843293,0.6629152218252421,0.506141185760498,64.78607177734375,400,30000
A1,1,8,64,A,640,4,10,19666560,40750080,0.004,4.625824757254107,0.542759007984049,0.3199661094415933,2.6825714910030367,0.0125,0.0,0.542759007984049,0.6800338905584067,0.5793571272492408,0.506141185760498,129.5721435546875,400,30000
A1,1,16,128,A,640,4,10,19666560,40750080,0.004,4.625824757254107,0.4547432515846903,0.3323480518208817,2.861441050171852,0.0075,0.0,0.4547432515846903,0.6676519481791183,0.534639737457037,0.506141185760498,259.144287109375,400,30000
A1,2,1,8,A,640,4,10,19666560,40750080,0.004,4.651856892515031,1.1830304099677398,0.1965630251693073,1.5318870806694032,0.3925,0.0,1.1830304099677398,0.8034369748306927,0.8670282298326493,0.506141185760498,16.196517944335938,400,30000
A1,2,2,16,A,640,4,10,19666560,40750080,0.004,4.651856892515031,1.0876552060789983,0.2425228740810416,1.861116333901882,0.1725,0.0,1.0876552060789983,0.7574771259189583,0.7847209165245295,0.506141185760498,32.393035888671875,400,30000
A1,2,4,32,A,640,4,10,19666560,40750080,0.004,4.651856892515031,0.8656824314359796,0.284190592423547,2.295066449642181,0.035,0.0,0.8656824314359796,0.715809407576453,0.6762333875894546,0.506141185760498,64.78607177734375,400,30000
A1,2,8,64,A,640,4,10,19666560,40750080,0.004,4.651856892515031,0.7184512932139857,0.3105029863817617,2.63126652777195,0.0175,0.0,0.7184512932139857,0.6894970136182383,0.5921833680570125,0.506141185760498,129.5721435546875,400,30000
A1,2,16,128,A,640,4,10,19666560,40750080,0.004,4.651856892515031,0.6752497032995076,0.3186290578945773,2.846937274336815,0.0075,0.0,0.6752497032995076,0.6813709421054227,0.5382656814157962,0.506141185760498,259.144287109375,400,30000
A2,0,1,8,A,448,8,7,19275200,34033664,0.004,4.561359522166006,1.1175150686592703,0.1959926280070794,1.5071037358045578,0.46,0.0,1.1175150686592703,0.8040073719929205,0.8732240660488606,0.5001288652420044,32.00824737548828,400,30000
A2,0,2,16,A,448,8,7,19275200,34033664,0.004,4.561359522166006,0.8233968428204146,0.2666702165757306,1.8841213598847388,0.1275,0.0,0.8233968428204146,0.7333297834242694,0.7789696600288153,0.5001288652420044,64.01649475097656,400,30000
A2,0,4,32,A,448,8,7,19275200,34033664,0.004,4.561359522166006,0.4318517602957623,0.3233997052372433,2.41043303668499,0.005,0.0,0.4318517602957623,0.6766002947627567,0.6473917408287525,0.5001288652420044,128.03298950195312,400,30000
A2,0,8,64,A,448,8,7,19275200,34033664,0.004,4.561359522166006,0.2818309065441975,0.3495089860912412,2.7258632537722587,0.0,0.0,0.2818309065441975,0.6504910139087587,0.5685341865569353,0.5001288652420044,256.06597900390625,400,30000
A2,0,16,128,A,448,8,7,19275200,34033664,0.004,4.561359522166006,0.2189205858394239,0.3572713403077796,2.901555669605732,0.0,0.0,0.2189205858394239,0.6427286596922204,0.524611082598567,0.5001288652420044,512.1319580078125,400,30000
A2,1,1,8,A,448,8,7,19275200,34033664,0.004,4.578615811213042,1.1514159995127866,0.1984219782287254,1.506812694966793,0.3975,0.0,1.1514159995127866,0.8015780217712745,0.8732968262583017,0.5001288652420044,32.00824737548828,400,30000
A2,1,2,16,A,448,8,7,19275200,34033664,0.004,4.578615811213042,0.8521526996330704,0.2652890285290777,1.898509618639946,0.0875,0.0,0.8521526996330704,0.7347109714709222,0.7753725953400135,0.5001288652420044,64.01649475097656,400,30000
A2,1,4,32,A,448,8,7,19275200,34033664,0.004,4.578615811213042,0.4521202769137397,0.3030507548642345,2.3932373824715616,0.01,0.0,0.4521202769137397,0.6969492451357655,0.6516906543821096,0.5001288652420044,128.03298950195312,400,30000
A2,1,8,64,A,448,8,7,19275200,34033664,0.004,4.578615811213042,0.2893855477693145,0.3350856014341116,2.714614283144474,0.0025,0.0,0.2893855477693145,0.6649143985658884,0.5713464292138815,0.5001288652420044,256.06597900390625,400,30000
A2,1,16,128,A,448,8,7,19275200,34033664,0.004,4.578615811213042,0.2222925718641007,0.3444799050595611,2.9041373032331466,0.0025,0.0,0.2222925718641007,0.655520094940439,0.5239656741917134,0.5001288652420044,512.1319580078125,400,30000
A2,2,1,8,A,448,8,7,19275200,34033664,0.004,4.605360781815187,1.2469327062563167,0.2110333703539799,1.5349560537934304,0.395,0.0,1.2469327062563167,0.78896662964602,0.8662609865516424,0.5001288652420044,32.00824737548828,400,30000
A2,2,2,16,A,448,8,7,19275200,34033664,0.004,4.605360781815187,0.9200330490598084,0.2685637433663942,1.9070486065745356,0.115,0.0,0.9200330490598084,0.7314362566336058,0.7732378483563662,0.5001288652420044,64.01649475097656,400,30000
A2,2,4,32,A,448,8,7,19275200,34033664,0.004,4.605360781815187,0.6403240903547627,0.3079694021493196,2.381888717710972,0.0225,0.0,0.6403240903547627,0.6920305978506803,0.654527820572257,0.5001288652420044,128.03298950195312,400,30000
A2,2,8,64,A,448,8,7,19275200,34033664,0.004,4.605360781815187,0.4701533225556646,0.3305108086997643,2.718227703869343,0.0075,0.0,0.4701533225556646,0.6694891913002357,0.5704430740326643,0.5001288652420044,256.06597900390625,400,30000
A2,2,16,128,A,448,8,7,19275200,34033664,0.004,4.605360781815187,0.4100288870723533,0.3432043619127944,2.909989560842514,0.0,0.0,0.4100288870723533,0.6567956380872055,0.5225026097893715,0.5001288652420044,512.1319580078125,400,30000
A3,0,1,8,A,384,12,6,21243264,33893376,0.004,4.557748676666254,1.1882510844628051,0.1976416242751293,1.5097940436005592,0.4075,0.0,1.1882510844628051,0.8023583757248707,0.8725514890998602,0.513961911201477,49.3403434753418,400,30000
A3,0,2,16,A,384,12,6,21243264,33893376,0.004,4.557748676666254,0.8645214533141143,0.2699693486164324,1.897707960009575,0.1075,0.0,0.8645214533141143,0.7300306513835676,0.7755730099976063,0.513961911201477,98.6806869506836,400,30000
A3,0,4,32,A,384,12,6,21243264,33893376,0.004,4.557748676666254,0.3555012312245976,0.3217369846650399,2.446433186531067,0.0125,0.0,0.3555012312245976,0.67826301533496,0.6383917033672333,0.513961911201477,197.3613739013672,400,30000
A3,0,8,64,A,384,12,6,21243264,33893376,0.004,4.557748676666254,0.1892626110547576,0.3466602837573737,2.780564428865909,0.0,0.0,0.1892626110547576,0.6533397162426263,0.5548588927835226,0.513961911201477,394.7227478027344,400,30000
A3,0,16,128,A,384,12,6,21243264,33893376,0.004,4.557748676666254,0.1612674587067795,0.3630279989249538,2.9465916946530344,0.0025,0.0,0.1612674587067795,0.6369720010750461,0.5133520763367414,0.513961911201477,789.4454956054688,400,30000
A3,1,1,8,A,384,12,6,21243264,33893376,0.004,4.569349860071089,1.0976112016102746,0.2035848360299132,1.5075186848640445,0.435,0.0,1.0976112016102746,0.7964151639700867,0.8731203287839889,0.513961911201477,49.3403434753418,400,30000
A3,1,2,16,A,384,12,6,21243264,33893376,0.004,4.569349860071089,0.7967769495890248,0.259513946804218,1.88800529062748,0.0825,0.0,0.7967769495890248,0.740486053195782,0.7779986773431301,0.513961911201477,98.6806869506836,400,30000
A3,1,4,32,A,384,12,6,21243264,33893376,0.004,4.569349860071089,0.3292045141782979,0.3198826798610389,2.415913976728916,0.0175,0.0,0.3292045141782979,0.6801173201389611,0.646021505817771,0.513961911201477,197.3613739013672,400,30000
A3,1,8,64,A,384,12,6,21243264,33893376,0.004,4.569349860071089,0.1951794884066844,0.3448073236551136,2.757899793088436,0.0,0.0,0.1951794884066844,0.6551926763448864,0.560525051727891,0.513961911201477,394.7227478027344,400,30000
A3,1,16,128,A,384,12,6,21243264,33893376,0.004,4.569349860071089,0.1425761903206346,0.3589310285262763,2.943021106123924,0.0,0.0,0.1425761903206346,0.6410689714737237,0.514244723469019,0.513961911201477,789.4454956054688,400,30000
A3,2,1,8,A,384,12,6,21243264,33893376,0.004,4.571121024641047,1.132330446956464,0.2042609031358734,1.5503840604424477,0.38,0.0,1.132330446956464,0.7957390968641266,0.8624039848893881,0.513961911201477,49.3403434753418,400,30000
A3,2,2,16,A,384,12,6,21243264,33893376,0.004,4.571121024641047,0.8358160732094783,0.2647258743224665,1.9340031439065928,0.105,0.0,0.8358160732094783,0.7352741256775335,0.7664992140233517,0.513961911201477,98.6806869506836,400,30000
A3,2,4,32,A,384,12,6,21243264,33893376,0.004,4.571121024641047,0.3547606908521512,0.3160022509051486,2.4730863332748414,0.0025,0.0,0.3547606908521512,0.6839977490948513,0.6317284166812897,0.513961911201477,197.3613739013672,400,30000
A3,2,8,64,A,384,12,6,21243264,33893376,0.004,4.571121024641047,0.2073764907066759,0.3467960742069408,2.7843309915065766,0.0,0.0,0.2073764907066759,0.6532039257930592,0.5539172521233559,0.513961911201477,394.7227478027344,400,30000
A3,2,16,128,A,384,12,6,21243264,33893376,0.004,4.571121024641047,0.1724952981673302,0.3579469625651836,2.9820822629332544,0.0025,0.0,0.1724952981673302,0.6420530374348163,0.5044794342666864,0.513961911201477,789.4454956054688,400,30000
A4,0,1,8,A,320,18,5,22130240,32672000,0.004,4.583725558188635,1.134478108051902,0.2016256582830101,1.529790322482586,0.415,0.0,1.134478108051902,0.7983743417169898,0.8675524193793536,0.51047682762146,73.50866317749023,400,30000
A4,0,2,16,A,320,18,5,22130240,32672000,0.004,4.583725558188635,0.811540445465947,0.2672956568270456,1.94766764909029,0.0775,0.0,0.811540445465947,0.7327043431729544,0.7630830877274275,0.51047682762146,147.01732635498047,400,30000
A4,0,4,32,A,320,18,5,22130240,32672000,0.004,4.583725558188635,0.3219483713813041,0.3173834811383858,2.4725719454884527,0.005,0.0,0.3219483713813041,0.6826165188616142,0.6318570136278868,0.51047682762146,294.03465270996094,400,30000
A4,0,8,64,A,320,18,5,22130240,32672000,0.004,4.583725558188635,0.1900890871181514,0.3476430524466559,2.801501302421093,0.0,0.0,0.1900890871181514,0.6523569475533441,0.5496246743947267,0.51047682762146,588.0693054199219,400,30000
A4,0,16,128,A,320,18,5,22130240,32672000,0.004,4.583725558188635,0.1382785702034287,0.3580772125720978,2.952933079600334,0.0,0.0,0.1382785702034287,0.6419227874279022,0.5117667300999165,0.51047682762146,1176.1386108398438,400,30000
A4,1,1,8,A,320,18,5,22130240,32672000,0.004,4.5729930490194,1.1594608618139832,0.2040590906061697,1.506262879371643,0.38,0.0,1.1594608618139832,0.7959409093938302,0.8734342801570892,0.51047682762146,73.50866317749023,400,30000
A4,1,2,16,A,320,18,5,22130240,32672000,0.004,4.5729930490194,0.7652990045515691,0.2617975546652451,1.9065295654535293,0.105,0.0,0.7652990045515691,0.7382024453347549,0.7733676086366177,0.51047682762146,147.01732635498047,400,30000
A4,1,4,32,A,320,18,5,22130240,32672000,0.004,4.5729930490194,0.3161258268941832,0.3154491456458345,2.4599098819494247,0.005,0.0,0.3161258268941832,0.6845508543541655,0.6350225295126438,0.51047682762146,294.03465270996094,400,30000
A4,1,8,64,A,320,18,5,22130240,32672000,0.004,4.5729930490194,0.1834577094819486,0.3451967458054423,2.763523493409157,0.0,0.0,0.1834577094819486,0.6548032541945576,0.5591191266477108,0.51047682762146,588.0693054199219,400,30000
A4,1,16,128,A,320,18,5,22130240,32672000,0.004,4.5729930490194,0.149139655637902,0.3517940860334784,2.921638618707657,0.0,0.0,0.149139655637902,0.6482059139665216,0.5195903453230858,0.51047682762146,1176.1386108398438,400,30000
A4,2,1,8,A,320,18,5,22130240,32672000,0.004,4.565170891368431,1.168376401495804,0.2031839124066755,1.5223109424114227,0.4025,0.0,1.168376401495804,0.7968160875933245,0.8694222643971443,0.51047682762146,73.50866317749023,400,30000
A4,2,2,16,A,320,18,5,22130240,32672000,0.004,4.565170891368431,0.734809199079839,0.270359032456763,1.9252686804533008,0.0525,0.0,0.734809199079839,0.7296409675432369,0.7686828298866748,0.51047682762146,147.01732635498047,400,30000
A4,2,4,32,A,320,18,5,22130240,32672000,0.004,4.565170891368431,0.2782769420266799,0.3272861929563805,2.503285934329033,0.0025,0.0,0.2782769420266799,0.6727138070436194,0.6241785164177418,0.51047682762146,294.03465270996094,400,30000
A4,2,8,64,A,320,18,5,22130240,32672000,0.004,4.565170891368431,0.1599698412811754,0.348774438360706,2.79541338801384,0.0,0.0,0.1599698412811754,0.651225561639294,0.5511466529965401,0.51047682762146,588.0693054199219,400,30000
A4,2,16,128,A,320,18,5,22130240,32672000,0.004,4.565170891368431,0.121864897474648,0.3660543000977486,2.9566609731316564,0.0,0.0,0.121864897474648,0.6339456999022514,0.5108347567170859,0.51047682762146,1176.1386108398438,400,30000
A5,0,1,8,A,256,24,4,18886912,27320320,0.004,4.599408855091214,1.1240707096694351,0.1857258124928921,1.4864846900105475,0.415,0.0,1.1240707096694351,0.8142741875071079,0.8783788274973631,0.497053861618042,95.43434143066406,400,30000
A5,0,2,16,A,256,24,4,18886912,27320320,0.004,4.599408855091214,0.7563358362316004,0.2602023767144419,1.8754277357459068,0.1,0.0,0.7563358362316004,0.7397976232855581,0.7811430660635232,0.497053861618042,190.86868286132807,400,30000
A5,0,4,32,A,256,24,4,18886912,27320320,0.004,4.599408855091214,0.3127876431116651,0.3139216062170453,2.431341454386711,0.005,0.0,0.3127876431116651,0.6860783937829547,0.6421646364033222,0.497053861618042,381.73736572265625,400,30000
A5,0,8,64,A,256,24,4,18886912,27320320,0.004,4.599408855091214,0.1791726027185454,0.3386069333087653,2.757996564805508,0.0025,0.0,0.1791726027185454,0.6613930666912347,0.5605008587986231,0.497053861618042,763.4747314453125,400,30000
A5,0,16,128,A,256,24,4,18886912,27320320,0.004,4.599408855091214,0.1189493989431179,0.3500576055701822,2.917010422348976,0.0025,0.0,0.1189493989431179,0.6499423944298177,0.520747394412756,0.497053861618042,1526.949462890625,400,30000
A5,1,1,8,A,256,24,4,18886912,27320320,0.004,4.612392644080175,1.151950487069589,0.2007499997457489,1.5383937814831734,0.355,0.0,1.151950487069589,0.7992500002542511,0.8654015546292066,0.497053861618042,95.43434143066406,400,30000
A5,1,2,16,A,256,24,4,18886912,27320320,0.004,4.612392644080175,0.7363027168557632,0.2632064699137117,1.9209416913986208,0.085,0.0,0.7363027168557632,0.7367935300862882,0.7697645771503449,0.497053861618042,190.86868286132807,400,30000
A5,1,4,32,A,256,24,4,18886912,27320320,0.004,4.612392644080175,0.3138764570460858,0.3157691200380214,2.4281415659189225,0.005,0.0,0.3138764570460858,0.6842308799619786,0.6429646085202694,0.497053861618042,381.73736572265625,400,30000
A5,1,8,64,A,256,24,4,18886912,27320320,0.004,4.612392644080175,0.2153374634660194,0.3382550868624821,2.754035700559616,0.005,0.0,0.2153374634660194,0.6617449131375179,0.561491074860096,0.497053861618042,763.4747314453125,400,30000
A5,1,16,128,A,256,24,4,18886912,27320320,0.004,4.612392644080175,0.1514434148012853,0.3516839011479169,2.922021652162075,0.0,0.0,0.1514434148012853,0.6483160988520831,0.5194945869594813,0.497053861618042,1526.949462890625,400,30000
A5,2,1,8,A,256,24,4,18886912,27320320,0.004,4.621673500720989,1.198997184664385,0.1968924838665407,1.5398577871918675,0.3775,0.0,1.198997184664385,0.8031075161334593,0.8650355532020331,0.497053861618042,95.43434143066406,400,30000
A5,2,2,16,A,256,24,4,18886912,27320320,0.004,4.621673500720989,0.7931869795047467,0.2564104494848289,1.921176525354385,0.1,0.0,0.7931869795047467,0.7435895505151711,0.7697058686614037,0.497053861618042,190.86868286132807,400,30000
A5,2,4,32,A,256,24,4,18886912,27320320,0.004,4.621673500720989,0.3980295409621509,0.3082556250551715,2.4311207324266437,0.0125,0.0,0.3980295409621509,0.6917443749448284,0.6422198168933392,0.497053861618042,381.73736572265625,400,30000
A5,2,8,64,A,256,24,4,18886912,27320320,0.004,4.621673500720989,0.2295485947283473,0.338767373538576,2.762147308886051,0.0,0.0,0.2295485947283473,0.6612326264614239,0.5594631727784872,0.497053861618042,763.4747314453125,400,30000
A5,2,16,128,A,256,24,4,18886912,27320320,0.004,4.621673500720989,0.1898533221826523,0.3500453577749431,2.9326099729537964,0.0025,0.0,0.1898533221826523,0.6499546422250568,0.5168475067615509,0.497053861618042,1526.949462890625,400,30000
B1,0,1,8,B,832,6,13,49850944,77259520,0.004,4.545553706494796,1.096957884719082,0.2108830232359469,1.5189634716510774,0.3925,0.0,1.096957884719082,0.7891169767640531,0.8702591320872306,0.4991978406906128,23.96149635314941,400,30000
B1,0,2,16,B,832,6,13,49850944,77259520,0.004,4.545553706494796,0.8169845780598282,0.2672125644912012,1.9152382883429528,0.09,0.0,0.8169845780598282,0.7327874355087989,0.7711904279142618,0.4991978406906128,47.92299270629883,400,30000
B1,0,4,32,B,832,6,13,49850944,77259520,0.004,4.545553706494796,0.4477236821851055,0.3261294252239167,2.431645250916481,0.01,0.0,0.4477236821851055,0.6738705747760833,0.6420886872708798,0.4991978406906128,95.84598541259766,400,30000
B1,0,8,64,B,832,6,13,49850944,77259520,0.004,4.545553706494796,0.3086205864433618,0.3504239671165123,2.75952013283968,0.0075,0.0,0.3086205864433618,0.6495760328834876,0.56011996679008,0.4991978406906128,191.6919708251953,400,30000
B1,0,16,128,B,832,6,13,49850944,77259520,0.004,4.545553706494796,0.2400857611792502,0.3663724613469094,2.9262196210026743,0.0,0.0,0.2400857611792502,0.6336275386530905,0.5184450947493314,0.4991978406906128,383.3839416503906,400,30000
B1,1,1,8,B,832,6,13,49850944,77259520,0.004,4.55083606209275,1.0818425251116202,0.203516541471472,1.5379283192753792,0.38,0.0,1.0818425251116202,0.796483458528528,0.8655179201811551,0.4991978406906128,23.96149635314941,400,30000
B1,1,2,16,B,832,6,13,49850944,77259520,0.004,4.55083606209275,0.8525995921734344,0.2671045238664373,1.9185788023471837,0.0975,0.0,0.8525995921734344,0.7328954761335627,0.7703552994132041,0.4991978406906128,47.92299270629883,400,30000
B1,1,4,32,B,832,6,13,49850944,77259520,0.004,4.55083606209275,0.5131619978778356,0.3144385835016146,2.421830978691578,0.015,0.0,0.5131619978778356,0.6855614164983854,0.6445422553271055,0.4991978406906128,95.84598541259766,400,30000
B1,1,8,64,B,832,6,13,49850944,77259520,0.004,4.55083606209275,0.3488959350112766,0.3401607752824202,2.739720667004585,0.005,0.0,0.3488959350112766,0.6598392247175797,0.5650698332488537,0.4991978406906128,191.6919708251953,400,30000
B1,1,16,128,B,832,6,13,49850944,77259520,0.004,4.55083606209275,0.2896792632114644,0.3571161601832136,2.933106941282749,0.0,0.0,0.2896792632114644,0.6428838398167864,0.5167232646793127,0.4991978406906128,383.3839416503906,400,30000
B1,2,1,8,B,832,6,13,49850944,77259520,0.004,4.555555333671891,1.184325289482227,0.2225863414711784,1.5727473357319832,0.41,0.0,1.184325289482227,0.7774136585288216,0.8568131660670042,0.4991978406906128,23.96149635314941,400,30000
B1,2,2,16,B,832,6,13,49850944,77259520,0.004,4.555555333671891,0.8826597171141971,0.273554561464698,1.942580734193325,0.095,0.0,0.8826597171141971,0.726445438535302,0.7643548164516687,0.4991978406906128,47.92299270629883,400,30000
B1,2,4,32,B,832,6,13,49850944,77259520,0.004,4.555555333671891,0.534605378460233,0.3197922977758571,2.442352842986584,0.025,0.0,0.534605378460233,0.6802077022241428,0.6394117892533541,0.4991978406906128,95.84598541259766,400,30000
B1,2,8,64,B,832,6,13,49850944,77259520,0.004,4.555555333671891,0.3534866544253914,0.3454186993848998,2.7643100008368493,0.0,0.0,0.3534866544253914,0.6545813006151002,0.5589224997907877,0.4991978406906128,191.6919708251953,400,30000
B1,2,16,128,B,832,6,13,49850944,77259520,0.004,4.555555333671891,0.3037721759242472,0.3606382502545602,2.9317881539464,0.0025,0.0,0.3037721759242472,0.6393617497454398,0.5170529615134001,0.4991978406906128,383.3839416503906,400,30000
B2,0,1,8,B,640,10,10,49165440,70248960,0.004,4.503971702516004,1.1617244307134391,0.2104882311855908,1.5030274820327758,0.435,0.0,1.1617244307134391,0.7895117688144091,0.874243129491806,0.506141185760498,40.49129486083984,400,30000
B2,0,2,16,B,640,10,10,49165440,70248960,0.004,4.503971702516004,0.7829589370734104,0.2860808205488138,1.9489310017228128,0.085,0.0,0.7829589370734104,0.7139191794511862,0.7627672495692968,0.506141185760498,80.98258972167969,400,30000
B2,0,4,32,B,640,10,10,49165440,70248960,0.004,4.503971702516004,0.323701423743584,0.3427139186160639,2.4875929814577105,0.0,0.0,0.323701423743584,0.6572860813839361,0.6281017546355724,0.506141185760498,161.96517944335938,400,30000
B2,0,8,64,B,640,10,10,49165440,70248960,0.004,4.503971702516004,0.2056424317685969,0.3716165831498801,2.8041279289126395,0.0025,0.0,0.2056424317685969,0.6283834168501199,0.5489680177718401,0.506141185760498,323.93035888671875,400,30000
B2,0,16,128,B,640,10,10,49165440,70248960,0.004,4.503971702516004,0.154841517831778,0.3859618786443025,2.969093018472195,0.0,0.0,0.154841517831778,0.6140381213556976,0.5077267453819513,0.506141185760498,647.8607177734375,400,30000
B2,1,1,8,B,640,10,10,49165440,70248960,0.004,4.50931424129374,1.1052599189621264,0.2057924073026515,1.5105845165252685,0.44,0.0,1.1052599189621264,0.7942075926973484,0.8723538708686829,0.506141185760498,40.49129486083984,400,30000
B2,1,2,16,B,640,10,10,49165440,70248960,0.004,4.50931424129374,0.8064387449109673,0.2716756924602668,1.9320102527737617,0.1175,0.0,0.8064387449109673,0.7283243075397332,0.7669974368065595,0.506141185760498,80.98258972167969,400,30000
B2,1,4,32,B,640,10,10,49165440,70248960,0.004,4.50931424129374,0.3652939447285337,0.3318535215267911,2.471825032234192,0.005,0.0,0.3652939447285337,0.6681464784732088,0.6320437419414521,0.506141185760498,161.96517944335938,400,30000
B2,1,8,64,B,640,10,10,49165440,70248960,0.004,4.50931424129374,0.2342914820682687,0.3647393479337916,2.795948786437512,0.0025,0.0,0.2342914820682687,0.6352606520662084,0.5510128033906221,0.506141185760498,323.93035888671875,400,30000
B2,1,16,128,B,640,10,10,49165440,70248960,0.004,4.50931424129374,0.1858775383708823,0.3737519835401326,2.957098132967949,0.0,0.0,0.1858775383708823,0.6262480164598674,0.5107254667580128,0.506141185760498,647.8607177734375,400,30000
B2,2,1,8,B,640,10,10,49165440,70248960,0.004,4.501274573525179,1.1507332118573972,0.20886135305278,1.5148620754480362,0.42,0.0,1.1507332118573972,0.7911386469472199,0.871284481137991,0.506141185760498,40.49129486083984,400,30000
B2,2,2,16,B,640,10,10,49165440,70248960,0.004,4.501274573525179,0.7077275819345735,0.2886350379348733,1.952834824025631,0.0675,0.0,0.7077275819345735,0.7113649620651268,0.7617912939935922,0.506141185760498,80.98258972167969,400,30000
B2,2,4,32,B,640,10,10,49165440,70248960,0.004,4.501274573525179,0.3199718921540978,0.3479170850943774,2.4922480750083924,0.0025,0.0,0.3199718921540978,0.6520829149056226,0.6269379812479019,0.506141185760498,161.96517944335938,400,30000
B2,2,8,64,B,640,10,10,49165440,70248960,0.004,4.501274573525179,0.186753780162993,0.3780902687367052,2.8417767596244814,0.0,0.0,0.186753780162993,0.6219097312632949,0.5395558100938797,0.506141185760498,323.93035888671875,400,30000
B2,2,16,128,B,640,10,10,49165440,70248960,0.004,4.501274573525179,0.1394548567998581,0.3825299806764815,3.01457357198,0.0,0.0,0.1394548567998581,0.6174700193235185,0.496356607005,0.506141185760498,647.8607177734375,400,30000
B3,0,1,8,B,512,16,8,50348544,67215360,0.004,4.497502267398678,1.1679861390134656,0.2120452289201785,1.5141216471791268,0.4375,0.0,1.1679861390134656,0.7879547710798215,0.8714695882052184,0.4931086301803589,63.11790466308594,400,30000
B3,0,2,16,B,512,16,8,50348544,67215360,0.004,4.497502267398678,0.7896007970750344,0.2911866891663521,1.935844830572605,0.0825,0.0,0.7896007970750344,0.7088133108336478,0.7660387923568488,0.4931086301803589,126.23580932617188,400,30000
B3,0,4,32,B,512,16,8,50348544,67215360,0.004,4.497502267398678,0.2877342499880277,0.3449943453026936,2.508281857073307,0.005,0.0,0.2877342499880277,0.6550056546973064,0.6229295357316732,0.4931086301803589,252.47161865234372,400,30000
B3,0,8,64,B,512,16,8,50348544,67215360,0.004,4.497502267398678,0.1777534409433762,0.37806951217819,2.805541116297245,0.0,0.0,0.1777534409433762,0.6219304878218099,0.5486147209256887,0.4931086301803589,504.9432373046875,400,30000
B3,0,16,128,B,512,16,8,50348544,67215360,0.004,4.497502267398678,0.1268854069095145,0.3926169538870454,2.9795328572392465,0.0025,0.0,0.1268854069095145,0.6073830461129546,0.5051167856901884,0.4931086301803589,1009.886474609375,400,30000
B3,1,1,8,B,512,16,8,50348544,67215360,0.004,4.497981906360108,1.1816746176610111,0.2051994370948523,1.5153464484214785,0.4025,0.0,1.1816746176610111,0.7948005629051477,0.8711633878946304,0.4931086301803589,63.11790466308594,400,30000
B3,1,2,16,B,512,16,8,50348544,67215360,0.004,4.497981906360108,0.7327975888202891,0.2902524425648153,1.9601490926742555,0.07,0.0,0.7327975888202891,0.7097475574351847,0.7599627268314362,0.4931086301803589,126.23580932617188,400,30000
B3,1,4,32,B,512,16,8,50348544,67215360,0.004,4.497981906360108,0.2877400666027049,0.3458001188514754,2.5158626767992973,0.0025,0.0,0.2877400666027049,0.6541998811485246,0.6210343308001757,0.4931086301803589,252.47161865234372,400,30000
B3,1,8,64,B,512,16,8,50348544,67215360,0.004,4.497981906360108,0.1810529528247628,0.3718842964433133,2.830336353480816,0.0,0.0,0.1810529528247628,0.6281157035566867,0.5424159116297961,0.4931086301803589,504.9432373046875,400,30000
B3,1,16,128,B,512,16,8,50348544,67215360,0.004,4.497981906360108,0.1287794430593384,0.3860178151447326,2.998426441550255,0.0,0.0,0.1287794430593384,0.6139821848552673,0.5003933896124363,0.4931086301803589,1009.886474609375,400,30000
B3,2,1,8,B,512,16,8,50348544,67215360,0.004,4.4958877524332665,1.097749019564301,0.2177411767002195,1.5302559345960618,0.37,0.0,1.097749019564301,0.7822588232997805,0.8674360163509846,0.4931086301803589,63.11790466308594,400,30000
B3,2,2,16,B,512,16,8,50348544,67215360,0.004,4.4958877524332665,0.664993833773062,0.2963571332453284,1.9847880205512047,0.0725,0.0,0.664993833773062,0.7036428667546716,0.7538029948621988,0.4931086301803589,126.23580932617188,400,30000
B3,2,4,32,B,512,16,8,50348544,67215360,0.004,4.4958877524332665,0.2298760370565805,0.3501456124894321,2.552454352080822,0.0025,0.0,0.2298760370565805,0.6498543875105679,0.6118864119797945,0.4931086301803589,252.47161865234372,400,30000
B3,2,8,64,B,512,16,8,50348544,67215360,0.004,4.4958877524332665,0.1377137541650185,0.3792239068401977,2.8683978712558744,0.0,0.0,0.1377137541650185,0.6207760931598023,0.5329005321860314,0.4931086301803589,504.9432373046875,400,30000
B3,2,16,128,B,512,16,8,50348544,67215360,0.004,4.4958877524332665,0.0999717645766439,0.3863540983013809,3.013289614021778,0.0,0.0,0.0999717645766439,0.6136459016986191,0.4966775964945554,0.4931086301803589,1009.886474609375,400,30000
B4,0,1,8,B,448,22,7,53006016,67764480,0.004,4.521516198872591,1.0856201952258533,0.2174746333342045,1.5324012407660483,0.4,0.0,1.0856201952258533,0.7825253666657954,0.866899689808488,0.5001288652420044,88.02268028259277,400,30000
B4,0,2,16,B,448,22,7,53006016,67764480,0.004,4.521516198872591,0.7861800469911612,0.2837517715757712,1.9369055232405663,0.0725,0.0,0.7861800469911612,0.7162482284242288,0.7657736191898584,0.5001288652420044,176.04536056518555,400,30000
B4,0,4,32,B,448,22,7,53006016,67764480,0.004,4.521516198872591,0.3273064280562253,0.3473597036674619,2.4885561871528625,0.0,0.0,0.3273064280562253,0.6526402963325382,0.6278609532117844,0.5001288652420044,352.0907211303711,400,30000
B4,0,8,64,B,448,22,7,53006016,67764480,0.004,4.521516198872591,0.2017547892093915,0.3663618454430252,2.7927949696779253,0.0025,0.0,0.2017547892093915,0.6336381545569747,0.5518012575805187,0.5001288652420044,704.1814422607422,400,30000
B4,0,16,128,B,448,22,7,53006016,67764480,0.004,4.521516198872591,0.1456593256713796,0.3856326579255983,2.937163597643375,0.0,0.0,0.1456593256713796,0.6143673420744017,0.5157091005891562,0.5001288652420044,1408.3628845214844,400,30000
B4,1,1,8,B,448,22,7,53006016,67764480,0.004,4.496750141379395,1.0931102051096335,0.2091785310744308,1.5048635306954383,0.465,0.0,1.0931102051096335,0.7908214689255693,0.8737841173261405,0.5001288652420044,88.02268028259277,400,30000
B4,1,2,16,B,448,22,7,53006016,67764480,0.004,4.496750141379395,0.6713925542730493,0.2876442977925763,1.9632491344213483,0.0775,0.0,0.6713925542730493,0.7123557022074237,0.7591877163946629,0.5001288652420044,176.04536056518555,400,30000
B4,1,4,32,B,448,22,7,53006016,67764480,0.004,4.496750141379395,0.2475312480996623,0.344097443013452,2.548215507864952,0.0025,0.0,0.2475312480996623,0.655902556986548,0.612946123033762,0.5001288652420044,352.0907211303711,400,30000
B4,1,8,64,B,448,22,7,53006016,67764480,0.004,4.496750141379395,0.1364094493056447,0.3817031746730208,2.847196100950241,0.0,0.0,0.1364094493056447,0.6182968253269792,0.5382009747624398,0.5001288652420044,704.1814422607422,400,30000
B4,1,16,128,B,448,22,7,53006016,67764480,0.004,4.496750141379395,0.1053237646805278,0.3817317589512095,3.0042834597826005,0.0,0.0,0.1053237646805278,0.6182682410487905,0.4989291350543499,0.5001288652420044,1408.3628845214844,400,30000
B4,2,1,8,B,448,22,7,53006016,67764480,0.004,4.513332436902873,1.0751635248916904,0.2104727093898691,1.5451260444521904,0.4075,0.0,1.0751635248916904,0.7895272906101309,0.8637184888869525,0.5001288652420044,88.02268028259277,400,30000
B4,2,2,16,B,448,22,7,53006016,67764480,0.004,4.513332436902873,0.6890382243863136,0.288683156799525,2.006936995983124,0.07,0.0,0.6890382243863136,0.7113168432004751,0.7482657510042191,0.5001288652420044,176.04536056518555,400,30000
B4,2,4,32,B,448,22,7,53006016,67764480,0.004,4.513332436902873,0.2822612371127782,0.3493144744704477,2.5580773043632505,0.005,0.0,0.2822612371127782,0.6506855255295523,0.6104806739091874,0.5001288652420044,352.0907211303711,400,30000
B4,2,8,64,B,448,22,7,53006016,67764480,0.004,4.513332436902873,0.1451394684080074,0.3756547830998897,2.8658028084039686,0.0,0.0,0.1451394684080074,0.6243452169001102,0.5335492978990078,0.5001288652420044,704.1814422607422,400,30000
B4,2,16,128,B,448,22,7,53006016,67764480,0.004,4.513332436902873,0.1094922161837919,0.377831015442498,3.0423453620076177,0.0025,0.0,0.1094922161837919,0.622168984557502,0.4894136594980955,0.5001288652420044,1408.3628845214844,400,30000
B5,0,1,8,B,384,30,6,53107584,65757696,0.004,4.508695794026762,1.097326422714911,0.2015014895424246,1.521399665772915,0.4425,0.0,1.097326422714911,0.7984985104575754,0.8696500835567713,0.513961911201477,123.35085868835448,400,30000
B5,0,2,16,B,384,30,6,53107584,65757696,0.004,4.508695794026762,0.673276460456679,0.2881098372163251,1.9576914939284324,0.0825,0.0,0.673276460456679,0.7118901627836749,0.7605771265178919,0.513961911201477,246.70171737670896,400,30000
B5,0,4,32,B,384,30,6,53107584,65757696,0.004,4.508695794026762,0.2384088005429536,0.3480294808186591,2.551219251155853,0.0,0.0,0.2384088005429536,0.651970519181341,0.6121951872110367,0.513961911201477,493.403434753418,400,30000
B5,0,8,64,B,384,30,6,53107584,65757696,0.004,4.508695794026762,0.13426418436749,0.3779827583348378,2.8276699203252798,0.0025,0.0,0.13426418436749,0.6220172416651621,0.5430825199186802,0.513961911201477,986.806869506836,400,30000
B5,0,16,128,B,384,30,6,53107584,65757696,0.004,4.508695794026762,0.0890841564112115,0.3762971043074503,2.998005625605584,0.0,0.0,0.0890841564112115,0.6237028956925497,0.5004985935986042,0.513961911201477,1973.613739013672,400,30000
B5,1,1,8,B,384,30,6,53107584,65757696,0.004,4.520610877163286,1.1418861171356056,0.2143716798664536,1.5069840025901795,0.3675,0.0,1.1418861171356056,0.7856283201335463,0.8732539993524551,0.513961911201477,123.35085868835448,400,30000
B5,1,2,16,B,384,30,6,53107584,65757696,0.004,4.520610877163286,0.6877777624760881,0.2898412737483158,1.945518695116043,0.0525,0.0,0.6877777624760881,0.7101587262516842,0.7636203262209893,0.513961911201477,246.70171737670896,400,30000
B5,1,4,32,B,384,30,6,53107584,65757696,0.004,4.520610877163286,0.2640495588982836,0.3456022950867191,2.49425839304924,0.0,0.0,0.2640495588982836,0.654397704913281,0.62643540173769,0.513961911201477,493.403434753418,400,30000
B5,1,8,64,B,384,30,6,53107584,65757696,0.004,4.520610877163286,0.1455565347902513,0.3687413244449999,2.8096459066867827,0.0,0.0,0.1455565347902513,0.631258675555,0.5475885233283043,0.513961911201477,986.806869506836,400,30000
B5,1,16,128,B,384,30,6,53107584,65757696,0.004,4.520610877163286,0.1103992697309761,0.3770365842012688,2.9661722880601884,0.0,0.0,0.1103992697309761,0.6229634157987312,0.5084569279849529,0.513961911201477,1973.613739013672,400,30000
B5,2,1,8,B,384,30,6,53107584,65757696,0.004,4.529994341288424,1.146054824680506,0.2117837224167306,1.532219696342945,0.4175,0.0,1.146054824680506,0.7882162775832694,0.8669450759142637,0.513961911201477,123.35085868835448,400,30000
B5,2,2,16,B,384,30,6,53107584,65757696,0.004,4.529994341288424,0.711306985717828,0.2779083654936403,1.9620348900556563,0.0825,0.0,0.711306985717828,0.7220916345063597,0.7594912774860859,0.513961911201477,246.70171737670896,400,30000
B5,2,4,32,B,384,30,6,53107584,65757696,0.004,4.529994341288424,0.3208642713581459,0.3408817140187603,2.514164941310882,0.0025,0.0,0.3208642713581459,0.6591182859812397,0.6214587646722793,0.513961911201477,493.403434753418,400,30000
B5,2,8,64,B,384,30,6,53107584,65757696,0.004,4.529994341288424,0.2007065691863977,0.3679924676381051,2.822962045967579,0.0025,0.0,0.2007065691863977,0.6320075323618948,0.5442594885081052,0.513961911201477,986.806869506836,400,30000
B5,2,16,128,B,384,30,6,53107584,65757696,0.004,4.529994341288424,0.1463290543010016,0.3731225918792188,2.988814198076725,0.0025,0.0,0.1463290543010016,0.6268774081207812,0.5027964504808188,0.513961911201477,1973.613739013672,400,30000
C1,0,1,8,C,1152,8,18,127421568,165371904,0.004,4.4817821344941855,1.1057004055379025,0.208106090540532,1.5252332815527916,0.4125,0.0,1.1057004055379025,0.7918939094594679,0.868691679611802,0.5018264055252075,32.11688995361328,400,30000
C1,0,2,16,C,1152,8,18,127421568,165371904,0.004,4.4817821344941855,0.7121416991697421,0.2966528726043179,1.9688028717041013,0.075,0.0,0.7121416991697421,0.7033471273956821,0.7577992820739746,0.5018264055252075,64.23377990722656,400,30000
C1,0,4,32,C,1152,8,18,127421568,165371904,0.004,4.4817821344941855,0.3177329106271439,0.3504178394563496,2.5351660948991777,0.0075,0.0,0.3177329106271439,0.6495821605436504,0.6162084762752056,0.5018264055252075,128.46755981445312,400,30000
C1,0,8,64,C,1152,8,18,127421568,165371904,0.004,4.4817821344941855,0.1848702564383821,0.3800140177062712,2.830864757895469,0.0,0.0,0.1848702564383821,0.6199859822937288,0.5422838105261326,0.5018264055252075,256.93511962890625,400,30000
C1,0,16,128,C,1152,8,18,127421568,165371904,0.004,4.4817821344941855,0.1300375029229322,0.3822435108176432,2.995788998901844,0.0025,0.0,0.1300375029229322,0.6177564891823568,0.501052750274539,0.5018264055252075,513.8702392578125,400,30000
C1,1,1,8,C,1152,8,18,127421568,165371904,0.004,4.507098158236761,1.1347628594602213,0.2189716422220226,1.5496126833558082,0.405,0.0,1.1347628594602213,0.7810283577779773,0.862596829161048,0.5018264055252075,32.11688995361328,400,30000
C1,1,2,16,C,1152,8,18,127421568,165371904,0.004,4.507098158236761,0.8167201238126247,0.2867603742028586,1.9769058564305304,0.095,0.0,0.8167201238126247,0.7132396257971414,0.7557735358923674,0.5018264055252075,64.23377990722656,400,30000
C1,1,4,32,C,1152,8,18,127421568,165371904,0.004,4.507098158236761,0.3439597361780776,0.3350976032530889,2.496508659720421,0.0,0.0,0.3439597361780776,0.6649023967469111,0.6258728350698948,0.5018264055252075,128.46755981445312,400,30000
C1,1,8,64,C,1152,8,18,127421568,165371904,0.004,4.507098158236761,0.2311894298097608,0.3663988106814213,2.8207952973246573,0.0025,0.0,0.2311894298097608,0.6336011893185787,0.5448011756688357,0.5018264055252075,256.93511962890625,400,30000
C1,1,16,128,C,1152,8,18,127421568,165371904,0.004,4.507098158236761,0.1842887082037428,0.376134588601999,2.9891242522001265,0.0025,0.0,0.1842887082037428,0.623865411398001,0.5027189369499684,0.5018264055252075,513.8702392578125,400,30000
C1,2,1,8,C,1152,8,18,127421568,165371904,0.004,4.522701375353239,1.143217709695194,0.2194486321962904,1.5454445132613182,0.35,0.0,1.143217709695194,0.7805513678037096,0.8636388716846705,0.5018264055252075,32.11688995361328,400,30000
C1,2,2,16,C,1152,8,18,127421568,165371904,0.004,4.522701375353239,0.8445209434749108,0.2825112614943645,1.9615598601102828,0.095,0.0,0.8445209434749108,0.7174887385056354,0.7596100349724293,0.5018264055252075,64.23377990722656,400,30000
C1,2,4,32,C,1152,8,18,127421568,165371904,0.004,4.522701375353239,0.3904469384446913,0.328234699126333,2.470110363066196,0.005,0.0,0.3904469384446913,0.671765300873667,0.6324724092334509,0.5018264055252075,128.46755981445312,400,30000
C1,2,8,64,C,1152,8,18,127421568,165371904,0.004,4.522701375353239,0.2578585569477033,0.3533005382772535,2.782818279862404,0.0,0.0,0.2578585569477033,0.6466994617227465,0.5542954300343991,0.5018264055252075,256.93511962890625,400,30000
C1,2,16,128,C,1152,8,18,127421568,165371904,0.004,4.522701375353239,0.1997676452292743,0.3619549282826483,2.950010876357555,0.0,0.0,0.1997676452292743,0.6380450717173517,0.5124972809106112,0.5018264055252075,513.8702392578125,400,30000
C2,0,1,8,C,960,12,15,132734400,164359680,0.004,4.511992912618829,1.155215619786027,0.2149637385527603,1.5256170719861983,0.395,0.0,1.155215619786027,0.7850362614472397,0.8685957320034504,0.4928535223007202,47.31393814086914,400,30000
C2,0,2,16,C,960,12,15,132734400,164359680,0.004,4.511992912618829,0.7810454337490418,0.2894066493446007,1.9452775511145592,0.065,0.0,0.7810454337490418,0.7105933506553992,0.7636806122213602,0.4928535223007202,94.62787628173828,400,30000
C2,0,4,32,C,960,12,15,132734400,164359680,0.004,4.511992912618829,0.3907408551913471,0.3435053565260023,2.464664823114872,0.0075,0.0,0.3907408551913471,0.6564946434739978,0.633833794221282,0.4928535223007202,189.25575256347656,400,30000
C2,0,8,64,C,960,12,15,132734400,164359680,0.004,4.511992912618829,0.2302683417315971,0.3706320993672125,2.778884692788124,0.0025,0.0,0.2302683417315971,0.6293679006327875,0.555278826802969,0.4928535223007202,378.5115051269531,400,30000
C2,0,16,128,C,960,12,15,132734400,164359680,0.004,4.511992912618829,0.1908505991041436,0.3764408929692581,2.940187146961689,0.0,0.0,0.1908505991041436,0.6235591070307418,0.5149532132595778,0.4928535223007202,757.0230102539062,400,30000
C2,1,1,8,C,960,12,15,132734400,164359680,0.004,4.501184654992188,1.1385792926937344,0.2128521155996713,1.5207812938094138,0.385,0.0,1.1385792926937344,0.7871478844003286,0.8698046765476466,0.4928535223007202,47.31393814086914,400,30000
C2,1,2,16,C,960,12,15,132734400,164359680,0.004,4.501184654992188,0.8044693888093493,0.2793562042643316,1.9368335422873495,0.0775,0.0,0.8044693888093493,0.7206437957356684,0.7657916144281626,0.4928535223007202,94.62787628173828,400,30000
C2,1,4,32,C,960,12,15,132734400,164359680,0.004,4.501184654992188,0.3907394753636008,0.3374175261706114,2.477034511566162,0.01,0.0,0.3907394753636008,0.6625824738293886,0.6307413721084595,0.4928535223007202,189.25575256347656,400,30000
C2,1,8,64,C,960,12,15,132734400,164359680,0.004,4.501184654992188,0.2643078465590416,0.3558682387368753,2.80501406699419,0.005,0.0,0.2643078465590416,0.6441317612631247,0.5487464832514525,0.4928535223007202,378.5115051269531,400,30000
C2,1,16,128,C,960,12,15,132734400,164359680,0.004,4.501184654992188,0.2044312469265285,0.3660661900602281,2.982099436223507,0.0025,0.0,0.2044312469265285,0.6339338099397719,0.5044751409441233,0.4928535223007202,757.0230102539062,400,30000
C2,2,1,8,C,960,12,15,132734400,164359680,0.004,4.497350355177605,1.169236648359438,0.2194622059655376,1.547835216522217,0.375,0.0,1.169236648359438,0.7805377940344624,0.8630411958694457,0.4928535223007202,47.31393814086914,400,30000
C2,2,2,16,C,960,12,15,132734400,164359680,0.004,4.497350355177605,0.7508930722778407,0.2897819521313067,1.983093377649784,0.0475,0.0,0.7508930722778407,0.7102180478686932,0.754226655587554,0.4928535223007202,94.62787628173828,400,30000
C2,2,4,32,C,960,12,15,132734400,164359680,0.004,4.497350355177605,0.3205089784143917,0.3418715784489177,2.5265660497546194,0.0025,0.0,0.3205089784143917,0.6581284215510823,0.6183584875613451,0.4928535223007202,189.25575256347656,400,30000
C2,2,8,64,C,960,12,15,132734400,164359680,0.004,4.497350355177605,0.2000532555485697,0.3707034722995013,2.8346652415394784,0.0,0.0,0.2000532555485697,0.6292965277004987,0.5413336896151304,0.4928535223007202,378.5115051269531,400,30000
C2,2,16,128,C,960,12,15,132734400,164359680,0.004,4.497350355177605,0.1703694137830824,0.3758884449070319,2.9973904263973234,0.0025,0.0,0.1703694137830824,0.6241115550929681,0.5006523934006691,0.4928535223007202,757.0230102539062,400,30000
C3,0,1,8,C,768,18,12,127430400,152730624,0.004,4.470157134169155,1.1411705989383842,0.2221119200624525,1.513186140358448,0.4225,0.0,1.1411705989383842,0.7778880799375474,0.871703464910388,0.4976648092269897,71.66373252868652,400,30000
C3,0,2,16,C,768,18,12,127430400,152730624,0.004,4.470157134169155,0.6887429431419129,0.305707919136621,1.968530688583851,0.06,0.0,0.6887429431419129,0.694292080863379,0.7578673278540373,0.4976648092269897,143.32746505737305,400,30000
C3,0,4,32,C,768,18,12,127430400,152730624,0.004,4.470157134169155,0.2742588107511268,0.3745530005637556,2.5310866555571554,0.005,0.0,0.2742588107511268,0.6254469994362444,0.6172283361107112,0.4976648092269897,286.6549301147461,400,30000
C3,0,8,64,C,768,18,12,127430400,152730624,0.004,4.470157134169155,0.1426233254754627,0.3979916976206004,2.8266905909776687,0.0,0.0,0.1426233254754627,0.6020083023793996,0.5433273522555828,0.4976648092269897,573.3098602294922,400,30000
C3,0,16,128,C,768,18,12,127430400,152730624,0.004,4.470157134169155,0.1125073363670673,0.4081370605202392,2.985288911163807,0.0,0.0,0.1125073363670673,0.5918629394797608,0.5036777722090483,0.4976648092269897,1146.6197204589844,400,30000
C3,1,1,8,C,768,18,12,127430400,152730624,0.004,4.498298044267592,1.1962591253633794,0.2186920235049911,1.5390402841567994,0.4,0.0,1.1962591253633794,0.7813079764950089,0.8652399289608002,0.4976648092269897,71.66373252868652,400,30000
C3,1,2,16,C,768,18,12,127430400,152730624,0.004,4.498298044267592,0.8763370054512234,0.2882098486786708,1.959093046784401,0.115,0.0,0.8763370054512234,0.7117901513213292,0.7602267383038998,0.4976648092269897,143.32746505737305,400,30000
C3,1,4,32,C,768,18,12,127430400,152730624,0.004,4.498298044267592,0.372846419703583,0.3373340108687989,2.493132565021515,0.0075,0.0,0.372846419703583,0.662665989131201,0.6267168587446212,0.4976648092269897,286.6549301147461,400,30000
C3,1,8,64,C,768,18,12,127430400,152730624,0.004,4.498298044267592,0.2430025802051223,0.3692651988216676,2.8218996986746787,0.0,0.0,0.2430025802051223,0.6307348011783325,0.5445250753313303,0.4976648092269897,573.3098602294922,400,30000
C3,1,16,128,C,768,18,12,127430400,152730624,0.004,4.498298044267592,0.1960623676755646,0.3858760979957878,2.97704545378685,0.0,0.0,0.1960623676755646,0.6141239020042122,0.5057386365532875,0.4976648092269897,1146.6197204589844,400,30000
C3,2,1,8,C,768,18,12,127430400,152730624,0.004,4.495241187004167,1.092347865705508,0.2211350126098841,1.5363177686929703,0.3625,0.0,1.092347865705508,0.7788649873901159,0.8659205578267575,0.4976648092269897,71.66373252868652,400,30000
C3,2,2,16,C,768,18,12,127430400,152730624,0.004,4.495241187004167,0.7232918358725753,0.2945254819025285,1.9576202407479288,0.075,0.0,0.7232918358725753,0.7054745180974715,0.7605949398130178,0.4976648092269897,143.32746505737305,400,30000
C3,2,4,32,C,768,18,12,127430400,152730624,0.004,4.495241187004167,0.3002046971945765,0.3484913015086204,2.509540256559849,0.0075,0.0,0.3002046971945765,0.6515086984913796,0.6226149358600378,0.4976648092269897,286.6549301147461,400,30000
C3,2,8,64,C,768,18,12,127430400,152730624,0.004,4.495241187004167,0.1663511941873437,0.3764463343471289,2.8301720795035363,0.0025,0.0,0.1663511941873437,0.6235536656528711,0.5424569801241159,0.4976648092269897,573.3098602294922,400,30000
C3,2,16,128,C,768,18,12,127430400,152730624,0.004,4.495241187004167,0.1195747477612825,0.3828717561345547,2.987964253723621,0.0,0.0,0.1195747477612825,0.6171282438654453,0.5030089365690946,0.4976648092269897,1146.6197204589844,400,30000
C4,0,1,8,C,640,26,10,127829120,148912640,0.004,4.487622845310373,1.1188122176785595,0.2092851648095529,1.5120971897244453,0.4425,0.0,1.1188122176785595,0.790714835190447,0.8719757025688887,0.506141185760498,105.2773666381836,400,30000
C4,0,2,16,C,640,26,10,127829120,148912640,0.004,4.487622845310373,0.7446683895851103,0.3001219460181892,1.9644267791509629,0.07,0.0,0.7446683895851103,0.6998780539818108,0.7588933052122593,0.506141185760498,210.5547332763672,400,30000
C4,0,4,32,C,640,26,10,127829120,148912640,0.004,4.487622845310373,0.2922785690806211,0.3471806137263775,2.52095616877079,0.0025,0.0,0.2922785690806211,0.6528193862736225,0.6197609578073024,0.506141185760498,421.1094665527344,400,30000
C4,0,8,64,C,640,26,10,127829120,148912640,0.004,4.487622845310373,0.165937226569456,0.3745667481562122,2.8370695978403093,0.0,0.0,0.165937226569456,0.6254332518437877,0.5407326005399227,0.506141185760498,842.2189331054688,400,30000
C4,0,16,128,C,640,26,10,127829120,148912640,0.004,4.487622845310373,0.1268604130888103,0.389794853576459,3.006089669764042,0.0025,0.0,0.1268604130888103,0.610205146423541,0.4984775825589895,0.506141185760498,1684.4378662109375,400,30000
C4,1,1,8,C,640,26,10,127829120,148912640,0.004,4.476158318237386,1.1599806145997131,0.2165480894246138,1.5083890417218209,0.4,0.0,1.1599806145997131,0.7834519105753861,0.8729027395695448,0.506141185760498,105.2773666381836,400,30000
C4,1,2,16,C,640,26,10,127829120,148912640,0.004,4.476158318237386,0.7164816971155287,0.2842325828340836,1.9518383255600928,0.075,0.0,0.7164816971155287,0.7157674171659164,0.7620404186099767,0.506141185760498,210.5547332763672,400,30000
C4,1,4,32,C,640,26,10,127829120,148912640,0.004,4.476158318237386,0.2739243132999413,0.3646928694099188,2.539265114068985,0.0,0.0,0.2739243132999413,0.6353071305900813,0.6151837214827538,0.506141185760498,421.1094665527344,400,30000
C4,1,8,64,C,640,26,10,127829120,148912640,0.004,4.476158318237386,0.1734700866995933,0.3899508999101818,2.849719469845295,0.0,0.0,0.1734700866995933,0.6100491000898183,0.5375701325386762,0.506141185760498,842.2189331054688,400,30000
C4,1,16,128,C,640,26,10,127829120,148912640,0.004,4.476158318237386,0.1395203885875878,0.3946605675364844,3.0257063448429107,0.0,0.0,0.1395203885875878,0.6053394324635155,0.4935734137892723,0.506141185760498,1684.4378662109375,400,30000
C4,2,1,8,C,640,26,10,127829120,148912640,0.004,4.502992139020091,1.1812983472813985,0.2198653599526733,1.5504776698350906,0.4075,0.0,1.1812983472813985,0.7801346400473267,0.8623805825412274,0.506141185760498,105.2773666381836,400,30000
C4,2,2,16,C,640,26,10,127829120,148912640,0.004,4.502992139020091,0.7331874353924214,0.2869668625015765,1.98067438274622,0.07,0.0,0.7331874353924214,0.7130331374984235,0.7548314043134451,0.506141185760498,210.5547332763672,400,30000
C4,2,4,32,C,640,26,10,127829120,148912640,0.004,4.502992139020091,0.2989564714193434,0.3441011729813181,2.5076416113972666,0.005,0.0,0.2989564714193434,0.6558988270186819,0.6230895971506833,0.506141185760498,421.1094665527344,400,30000
C4,2,8,64,C,640,26,10,127829120,148912640,0.004,4.502992139020091,0.1825271697173446,0.3783646267047152,2.8289898550510406,0.0,0.0,0.1825271697173446,0.6216353732952848,0.5427525362372398,0.506141185760498,842.2189331054688,400,30000
C4,2,16,128,C,640,26,10,127829120,148912640,0.004,4.502992139020091,0.1364916954025657,0.3843805469386279,2.9924216732382773,0.0,0.0,0.1364916954025657,0.6156194530613721,0.5018945816904307,0.506141185760498,1684.4378662109375,400,30000
C5,0,1,8,C,512,36,8,113283584,130150400,0.004,4.482311366403406,1.1016718307630111,0.224456577085657,1.5211906823515893,0.4325,0.0,1.1016718307630111,0.775543422914343,0.8697023294121027,0.4931086301803589,142.01528549194336,400,30000
C5,0,2,16,C,512,36,8,113283584,130150400,0.004,4.482311366403406,0.684699066571361,0.2949030480161309,1.95862873762846,0.075,0.0,0.684699066571361,0.705096951983869,0.7603428155928851,0.4931086301803589,284.0305709838867,400,30000
C5,0,4,32,C,512,36,8,113283584,130150400,0.004,4.482311366403406,0.2572024837379996,0.3582399148866534,2.52390867292881,0.0025,0.0,0.2572024837379996,0.6417600851133466,0.6190228317677975,0.4931086301803589,568.0611419677734,400,30000
C5,0,8,64,C,512,36,8,113283584,130150400,0.004,4.482311366403406,0.1450390605327172,0.3838157268427312,2.8200757732987403,0.0,0.0,0.1450390605327172,0.6161842731572688,0.5449810566753149,0.4931086301803589,1136.1222839355469,400,30000
C5,0,16,128,C,512,36,8,113283584,130150400,0.004,4.482311366403406,0.0966749057742926,0.3917036315798759,2.978548313379288,0.0,0.0,0.0966749057742926,0.6082963684201241,0.505362921655178,0.4931086301803589,2272.2445678710938,400,30000
C5,1,1,8,C,512,36,8,113283584,130150400,0.004,4.48997910782107,1.1300551146418063,0.208813426324632,1.50665380358696,0.3825,0.0,1.1300551146418063,0.791186573675368,0.8733365491032601,0.4931086301803589,142.01528549194336,400,30000
C5,1,2,16,C,512,36,8,113283584,130150400,0.004,4.48997910782107,0.6818881556843946,0.2885251245298423,1.9703961399197576,0.0725,0.0,0.6818881556843946,0.7114748754701576,0.7574009650200606,0.4931086301803589,284.0305709838867,400,30000
C5,1,4,32,C,512,36,8,113283584,130150400,0.004,4.48997910782107,0.2679507482709498,0.3486514097498729,2.5275866585969924,0.005,0.0,0.2679507482709498,0.651348590250127,0.6181033353507519,0.4931086301803589,568.0611419677734,400,30000
C5,1,8,64,C,512,36,8,113283584,130150400,0.004,4.48997910782107,0.1425904669616004,0.3769318553432822,2.878213174343109,0.0025,0.0,0.1425904669616004,0.6230681446567178,0.5304467064142228,0.4931086301803589,1136.1222839355469,400,30000
C5,1,16,128,C,512,36,8,113283584,130150400,0.004,4.48997910782107,0.1055652764536565,0.3787389974296093,3.029154044389725,0.0,0.0,0.1055652764536565,0.6212610025703906,0.4927114889025688,0.4931086301803589,2272.2445678710938,400,30000
C5,2,1,8,C,512,36,8,113283584,130150400,0.004,4.487904221026238,1.1323193207549502,0.2242103288171347,1.5422658857703209,0.4075,0.0,1.1323193207549502,0.7757896711828652,0.8644335285574198,0.4931086301803589,142.01528549194336,400,30000
C5,2,2,16,C,512,36,8,113283584,130150400,0.004,4.487904221026238,0.6625933864147231,0.2958338610036298,1.9835981702804568,0.0475,0.0,0.6625933864147231,0.7041661389963702,0.7541004574298859,0.4931086301803589,284.0305709838867,400,30000
C5,2,4,32,C,512,36,8,113283584,130150400,0.004,4.487904221026238,0.2243339305885958,0.3550204991735518,2.582259748578072,0.0025,0.0,0.2243339305885958,0.6449795008264483,0.6044350628554821,0.4931086301803589,568.0611419677734,400,30000
C5,2,8,64,C,512,36,8,113283584,130150400,0.004,4.487904221026238,0.130431646617224,0.3768773892102763,2.89407142996788,0.0,0.0,0.130431646617224,0.6231226107897236,0.5264821425080299,0.4931086301803589,1136.1222839355469,400,30000
C5,2,16,128,C,512,36,8,113283584,130150400,0.004,4.487904221026238,0.0932770209267091,0.3920781258796342,3.0428805667161942,0.0,0.0,0.0932770209267091,0.6079218741203658,0.4892798583209514,0.4931086301803589,2272.2445678710938,400,30000
D1,0,1,8,D,1536,10,24,283147776,333748224,0.002,4.414779032453249,1.2002472444149226,0.2218108377722092,1.5397411742806435,0.4225,0.0,1.2002472444149226,0.7781891622277908,-1.5397411742806435,,,400,30000
D1,0,2,16,D,1536,10,24,283147776,333748224,0.002,4.414779032453249,0.7490656014600452,0.3053994066407904,1.9736815983057021,0.075,0.0,0.7490656014600452,0.6946005933592097,-1.9736815983057021,,,400,30000
D1,0,4,32,D,1536,10,24,283147776,333748224,0.002,4.414779032453249,0.3287288544683647,0.3668863318162039,2.5492664995789527,0.0075,0.0,0.3287288544683647,0.6331136681837961,-2.5492664995789527,,,400,30000
D1,0,8,64,D,1536,10,24,283147776,333748224,0.002,4.414779032453249,0.1831510024437719,0.3921242883335799,2.868776221573353,0.0,0.0,0.1831510024437719,0.6078757116664202,-2.868776221573353,,,400,30000
D1,0,16,128,D,1536,10,24,283147776,333748224,0.002,4.414779032453249,0.13694029929109522,0.40746388958767055,3.0256696289777754,0.0,0.0,0.13694029929109522,0.5925361104123295,-3.0256696289777754,,,400,30000
D1,1,1,8,D,1536,10,24,283147776,333748224,0.002,4.413315869006583,1.2158236516147116,0.21955285624600948,1.5298942521214485,0.425,0.0,1.2158236516147116,0.7804471437539905,-1.5298942521214485,,,400,30000
D1,1,2,16,D,1536,10,24,283147776,333748224,0.002,4.413315869006583,0.7475030924147791,0.29999244534876196,1.995726696550846,0.0975,0.0,0.7475030924147791,0.7000075546512381,-1.995726696550846,,,400,30000
D1,1,4,32,D,1536,10,24,283147776,333748224,0.002,4.413315869006583,0.2853202660985339,0.3634085183823481,2.582395261824131,0.0025,0.0,0.2853202660985339,0.6365914816176519,-2.582395261824131,,,400,30000
D1,1,8,64,D,1536,10,24,283147776,333748224,0.002,4.413315869006583,0.18177960473396473,0.3830379765108228,2.869084885418415,0.0,0.0,0.18177960473396473,0.6169620234891773,-2.869084885418415,,,400,30000
D1,1,16,128,D,1536,10,24,283147776,333748224,0.002,4.413315869006583,0.14835054852329663,0.3942234165268019,3.0533921408653257,0.0025,0.0,0.14835054852329663,0.6057765834731981,-3.0533921408653257,,,400,30000
D2,0,1,8,D,1280,14,20,275288320,317455360,0.002,4.401322882640184,1.164871911407887,0.2266666650911793,1.5277719229459763,0.405,0.0,1.164871911407887,0.7733333349088207,-1.5277719229459763,,,400,30000
D2,0,2,16,D,1280,14,20,275288320,317455360,0.002,4.401322882640184,0.7099536780764761,0.30991826463257893,1.9987017926573754,0.0725,0.0,0.7099536780764761,0.6900817353674211,-1.9987017926573754,,,400,30000
D2,0,4,32,D,1280,14,20,275288320,317455360,0.002,4.401322882640184,0.268309997632321,0.3726103034848347,2.5783184018731116,0.0075,0.0,0.268309997632321,0.6273896965151653,-2.5783184018731116,,,400,30000
D2,0,8,64,D,1280,14,20,275288320,317455360,0.002,4.401322882640184,0.1460421748917691,0.3984808555897325,2.8793241024017333,0.0,0.0,0.1460421748917691,0.6015191444102674,-2.8793241024017333,,,400,30000
D2,0,16,128,D,1280,14,20,275288320,317455360,0.002,4.401322882640184,0.10033551439390492,0.4030934500833973,3.032633444368839,0.0,0.0,0.10033551439390492,0.5969065499166026,-3.032633444368839,,,400,30000
D2,1,1,8,D,1280,14,20,275288320,317455360,0.002,4.395621668953312,1.2318542864733213,0.22679191669914872,1.5290700632333756,0.43,0.0,1.2318542864733213,0.7732080833008512,-1.5290700632333756,,,400,30000
D2,1,2,16,D,1280,14,20,275288320,317455360,0.002,4.395621668953312,0.6044595032276229,0.3137036879081279,2.0111971443891523,0.0475,0.0,0.6044595032276229,0.6862963120918721,-2.0111971443891523,,,400,30000
D2,1,4,32,D,1280,14,20,275288320,317455360,0.002,4.395621668953312,0.224410658739724,0.37933551334775983,2.6025301375985146,0.0025,0.0,0.224410658739724,0.6206644866522402,-2.6025301375985146,,,400,30000
D2,1,8,64,D,1280,14,20,275288320,317455360,0.002,4.395621668953312,0.1280540157189822,0.40144444714766,2.89331240773201,0.0,0.0,0.1280540157189822,0.5985555528523401,-2.89331240773201,,,400,30000
D2,1,16,128,D,1280,14,20,275288320,317455360,0.002,4.395621668953312,0.09528680476726599,0.4090900466777384,3.067799706757069,0.0,0.0,0.09528680476726599,0.5909099533222616,-3.067799706757069,,,400,30000
D3,0,1,8,D,1088,20,17,284143168,319985152,0.002,4.414161046019181,1.1236064948339588,0.2175855295744259,1.5284002259373666,0.4,0.0,1.1236064948339588,0.7824144704255741,-1.5284002259373666,,,400,30000
D3,0,2,16,D,1088,20,17,284143168,319985152,0.002,4.414161046019181,0.7038208627161231,0.3068158382421825,2.003817532658577,0.065,0.0,0.7038208627161231,0.6931841617578175,-2.003817532658577,,,400,30000
D3,0,4,32,D,1088,20,17,284143168,319985152,0.002,4.414161046019181,0.2753858774627046,0.37397304160520434,2.5810000416636467,0.0025,0.0,0.2753858774627046,0.6260269583947957,-2.5810000416636467,,,400,30000
D3,0,8,64,D,1088,20,17,284143168,319985152,0.002,4.414161046019181,0.15569952137832244,0.3960106321319472,2.8808354896306994,0.0,0.0,0.15569952137832244,0.6039893678680528,-2.8808354896306994,,,400,30000
D3,0,16,128,D,1088,20,17,284143168,319985152,0.002,4.414161046019181,0.11325365468172849,0.41447707996936517,3.02792144626379,0.0,0.0,0.11325365468172849,0.5855229200306349,-3.02792144626379,,,400,30000
D3,1,1,8,D,1088,20,17,284143168,319985152,0.002,4.413108708434597,1.1378320629111078,0.2212018894450739,1.5239517039060593,0.395,0.0,1.1378320629111078,0.7787981105549261,-1.5239517039060593,,,400,30000
D3,1,2,16,D,1088,20,17,284143168,319985152,0.002,4.413108708434597,0.7166067100368569,0.304905766393058,1.9797425764799117,0.0825,0.0,0.7166067100368569,0.695094233606942,-1.9797425764799117,,,400,30000
D3,1,4,32,D,1088,20,17,284143168,319985152,0.002,4.413108708434597,0.27910001536541984,0.3692158081382513,2.5606140825152397,0.0,0.0,0.27910001536541984,0.6307841918617487,-2.5606140825152397,,,400,30000
D3,1,8,64,D,1088,20,17,284143168,319985152,0.002,4.413108708434597,0.16617103889302193,0.40194176690652966,2.891738720834255,0.0025,0.0,0.16617103889302193,0.5980582330934703,-2.891738720834255,,,400,30000
D3,1,16,128,D,1088,20,17,284143168,319985152,0.002,4.413108708434597,0.11890827445978586,0.40944839471252636,3.0508114835619926,0.0,0.0,0.11890827445978586,0.5905516052874736,-3.0508114835619926,,,400,30000
D4,0,1,8,D,896,28,14,269797248,299314176,0.002,4.413823883407,1.133469063888708,0.22946483495878056,1.550693628191948,0.415,0.0,1.133469063888708,0.7705351650412194,-1.550693628191948,,,400,30000
D4,0,2,16,D,896,28,14,269797248,299314176,0.002,4.413823883407,0.7514671917781374,0.3089924320532009,1.987337035536766,0.0875,0.0,0.7514671917781374,0.6910075679467991,-1.987337035536766,,,400,30000
D4,0,4,32,D,896,28,14,269797248,299314176,0.002,4.413823883407,0.2936285650895302,0.3740904069179669,2.5559046259522438,0.0,0.0,0.2936285650895302,0.6259095930820331,-2.5559046259522438,,,400,30000
D4,0,8,64,D,896,28,14,269797248,299314176,0.002,4.413823883407,0.17267974976310885,0.41097675792872906,2.866214457452297,0.0,0.0,0.17267974976310885,0.5890232420712709,-2.866214457452297,,,400,30000
D4,0,16,128,D,896,28,14,269797248,299314176,0.002,4.413823883407,0.12115886255167649,0.41322684336453674,3.0333227160573006,0.0,0.0,0.12115886255167649,0.5867731566354633,-3.0333227160573006,,,400,30000
D4,1,1,8,D,896,28,14,269797248,299314176,0.002,4.418337611465303,1.138353065988199,0.22463181441416963,1.5243375670909882,0.4575,0.0,1.138353065988199,0.7753681855858303,-1.5243375670909882,,,400,30000
D4,1,2,16,D,896,28,14,269797248,299314176,0.002,4.418337611465303,0.7610042918475679,0.30830916941165926,1.9722743412852288,0.09,0.0,0.7610042918475679,0.6916908305883407,-1.9722743412852288,,,400,30000
D4,1,4,32,D,896,28,14,269797248,299314176,0.002,4.418337611465303,0.32543056674290693,0.3654655987536535,2.565886588096619,0.0,0.0,0.32543056674290693,0.6345344012463465,-2.565886588096619,,,400,30000
D4,1,8,64,D,896,28,14,269797248,299314176,0.002,4.418337611465303,0.1867679382362555,0.39590418414212764,2.876649698913097,0.0025,0.0,0.1867679382362555,0.6040958158578724,-2.876649698913097,,,400,30000
D4,1,16,128,D,896,28,14,269797248,299314176,0.002,4.418337611465303,0.15070233795618695,0.40872672262601556,3.033871991634369,0.0,0.0,0.15070233795618695,0.5912732773739844,-3.033871991634369,,,400,30000
D5,0,1,8,D,768,38,12,269018880,294319104,0.002,4.401266344771873,1.072142802031616,0.22793330342043192,1.5110111579298973,0.4425,0.0,1.072142802031616,0.7720666965795681,-1.5110111579298973,0.49766480922698975,151.29010200500488,400,30000
D5,0,2,16,D,768,38,12,269018880,294319104,0.002,4.401266344771873,0.6754350176694558,0.3230645295814611,1.9964886209368706,0.055,0.0,0.6754350176694558,0.6769354704185389,-1.9964886209368706,0.49766480922698975,302.58020401000977,400,30000
D5,0,4,32,D,768,38,12,269018880,294319104,0.002,4.401266344771873,0.25959645868639475,0.3856069841608405,2.576985525786877,0.01,0.0,0.25959645868639475,0.6143930158391595,-2.576985525786877,0.49766480922698975,605.1604080200195,400,30000
D5,0,8,64,D,768,38,12,269018880,294319104,0.002,4.401266344771873,0.13482637848580445,0.41177484749350696,2.8791904935240744,0.0,0.0,0.13482637848580445,0.588225152506493,-2.8791904935240744,0.49766480922698975,1210.320816040039,400,30000
D5,0,16,128,D,768,38,12,269018880,294319104,0.002,4.401266344771873,0.10506319846024798,0.41623550860444086,3.0352331110835076,0.0025,0.0,0.10506319846024798,0.5837644913955591,-3.0352331110835076,0.49766480922698975,2420.641632080078,400,30000
D5,1,1,8,D,768,38,12,269018880,294319104,0.002,4.40555695435211,1.0668151460122106,0.22088808507658542,1.5034929993748665,0.4575,0.0,1.0668151460122106,0.7791119149234146,-1.5034929993748665,0.49766480922698975,151.29010200500488,400,30000
D5,1,2,16,D,768,38,12,269018880,294319104,0.002,4.40555695435211,0.6899590167813692,0.3125438774144277,1.9894788560271264,0.0575,0.0,0.6899590167813692,0.6874561225855723,-1.9894788560271264,0.49766480922698975,302.58020401000977,400,30000
D5,1,4,32,D,768,38,12,269018880,294319104,0.002,4.40555695435211,0.24100369206804076,0.37788293794961647,2.5916713002324103,0.0,0.0,0.24100369206804076,0.6221170620503835,-2.5916713002324103,0.49766480922698975,605.1604080200195,400,30000
D5,1,8,64,D,768,38,12,269018880,294319104,0.002,4.40555695435211,0.13343771823120465,0.4113211270654574,2.8834739768505098,0.0,0.0,0.13343771823120465,0.5886788729345426,-2.8834739768505098,0.49766480922698975,1210.320816040039,400,30000
D5,1,16,128,D,768,38,12,269018880,294319104,0.002,4.40555695435211,0.09292128047948257,0.409812125749886,3.0433480688929557,0.0,0.0,0.09292128047948257,0.590187874250114,-3.0433480688929557,0.49766480922698975,2420.641632080078,400,30000
