run,encoder,item,refine,search
C1_2,wavlm_large,it0000,0.47247976064682007,0.585780918598175
C1_2,wavlm_large,it0001,0.20443283021450043,0.35151034593582153
C1_2,wavlm_large,it0002,0.3289966285228729,0.3523899018764496
C1_2,wavlm_large,it0003,0.19465599954128265,0.47379493713378906
C1_2,wavlm_large,it0004,0.21226766705513,0.4602075219154358
C1_2,wavlm_large,it0005,0.42500612139701843,0.362349271774292
C1_2,wavlm_large,it0006,0.2670334577560425,0.3784722089767456
C1_2,wavlm_large,it0007,0.3403733968734741,0.3243626356124878
C1_2,wavlm_large,it0008,0.2916106879711151,0.38481637835502625
C1_2,wavlm_large,it0009,0.5382465720176697,0.61985844373703
C1_2,wavlm_large,it0010,0.5248295068740845,0.5602693557739258
C1_2,wavlm_large,it0011,0.4692821502685547,0.4851709306240082
C1_2,wavlm_large,it0012,0.13894471526145935,0.29998013377189636
C1_2,wavlm_large,it0013,0.4862612187862396,0.5799764394760132
C1_2,wavlm_large,it0014,0.22860835492610931,0.4417903423309326
C1_2,wavlm_large,it0015,0.4547217786312103,0.5841387510299683
C1_2,wavlm_large,it0016,0.18510179221630096,0.32799485325813293
C1_2,wavlm_large,it0017,0.3544348478317261,0.38709259033203125
C1_2,wavlm_large,it0018,0.21598711609840393,0.3024742901325226
C1_2,wavlm_large,it0019,0.6038535833358765,0.5715253353118896
C1_2,wavlm_large,it0020,0.1792353093624115,0.2937912046909332
C1_2,wavlm_large,it0021,0.3223111033439636,0.420434832572937
C1_2,wavlm_large,it0022,0.2924312949180603,0.45455485582351685
C1_2,wavlm_large,it0023,0.48447123169898987,0.564311683177948
C1_2,wavlm_large,it0024,0.41052383184432983,0.489391952753067
C1_2,wavlm_large,it0025,0.510208249092102,0.5839265584945679
C1_2,wavlm_large,it0026,0.12407670170068741,0.2641807794570923
C1_2,wavlm_large,it0027,0.4980117082595825,0.6184555888175964
C1_2,wavlm_large,it0028,0.4319646954536438,0.57596355676651
C1_2,wavlm_large,it0029,0.3020074665546417,0.3932301998138428
C1_2,wavlm_large,it0030,0.3770105838775635,0.5074756145477295
C1_2,wavlm_large,it0031,0.4038087725639343,0.32650887966156006
C1_2,wavlm_large,it0032,0.49150869250297546,0.5734318494796753
C1_2,wavlm_large,it0033,0.2386355698108673,0.31768521666526794
C1_2,wavlm_large,it0034,0.23294809460639954,0.3098744750022888
C1_2,wavlm_large,it0035,0.12043409794569016,0.33312585949897766
C1_2,wavlm_large,it0036,0.4941254258155823,0.5541092157363892
C1_2,wavlm_large,it0037,0.4606868326663971,0.5358956456184387
C1_2,wavlm_large,it0038,0.1831335425376892,0.2164115309715271
C1_2,wavlm_large,it0039,0.4037344455718994,0.4801572263240814
C1_2,wavlm_large,it0040,0.11731448769569397,0.2571960687637329
C1_2,wavlm_large,it0041,0.43214499950408936,0.5117576122283936
C1_2,wavlm_large,it0042,0.3080100417137146,0.4088553190231323
C1_2,wavlm_large,it0043,0.17030411958694458,0.29975688457489014
C1_2,wavlm_large,it0044,0.23156554996967316,0.6301995515823364
C1_2,wavlm_large,it0045,0.38195309042930603,0.37883448600769043
C1_2,wavlm_large,it0046,0.08544974774122238,0.27073192596435547
C1_2,wavlm_large,it0047,0.2445233166217804,0.22168491780757904
C1_2,wavlm_large,it0048,0.4695369601249695,0.4312492609024048
C1_2,wavlm_large,it0049,0.446067750453949,0.4998838007450104
C1_2,wavlm_large,it0050,-0.04132309556007385,0.07792675495147705
C1_2,wavlm_large,it0051,0.385725200176239,0.44209718704223633
C1_2,wavlm_large,it0052,0.21102562546730042,0.2846287488937378
C1_2,wavlm_large,it0053,0.2761693596839905,0.3536742329597473
C1_2,wavlm_large,it0054,0.13044141232967377,0.2727426588535309
C1_2,wavlm_large,it0055,0.5185664892196655,0.5231016874313354
C1_2,wavlm_large,it0056,0.1534176915884018,0.2975137531757355
C1_2,wavlm_large,it0057,0.20601660013198853,0.3059965670108795
C1_2,wavlm_large,it0058,0.33544379472732544,0.43547162413597107
C1_2,wavlm_large,it0059,0.5753492116928101,0.5506197810173035
C1_2,wavlm_large,it0060,0.32979029417037964,0.39593884348869324
C1_2,wavlm_large,it0061,0.5068557262420654,0.5935757160186768
C1_2,wavlm_large,it0062,0.49927765130996704,0.6182011961936951
C1_2,wavlm_large,it0063,0.3002355992794037,0.3998384475708008
C1_2,wavlm_large,it0064,0.400424599647522,0.5031925439834595
C1_2,wavlm_large,it0065,0.4979867935180664,0.5995787382125854
C1_2,wavlm_large,it0066,0.2890508770942688,0.34220224618911743
C1_2,wavlm_large,it0067,0.26531344652175903,0.2502649426460266
C1_2,wavlm_large,it0068,0.6120977997779846,0.5419917702674866
C1_2,wavlm_large,it0069,0.20036685466766357,0.3815307319164276
C1_2,wavlm_large,it0070,0.48185575008392334,0.6153734922409058
C1_2,wavlm_large,it0071,0.48142266273498535,0.5249442458152771
C1_2,wavlm_large,it0072,0.47700226306915283,0.48756521940231323
C1_2,wavlm_large,it0073,0.06167033314704895,0.35464227199554443
C1_2,wavlm_large,it0074,0.04705068841576576,0.3004877269268036
C1_2,wavlm_large,it0075,0.3820176124572754,0.38600653409957886
C1_2,wavlm_large,it0076,0.2690359950065613,0.3877606987953186
C1_2,wavlm_large,it0077,0.3829704523086548,0.591101884841919
C1_2,wavlm_large,it0078,0.26837900280952454,0.3942960798740387
C1_2,wavlm_large,it0079,0.5457854270935059,0.5093013048171997
C1_2,wavlm_large,it0080,0.25595712661743164,0.2562233507633209
C1_2,wavlm_large,it0081,0.2673390507698059,0.275872141122818
C1_2,wavlm_large,it0082,0.4976729154586792,0.5444143414497375
C1_2,wavlm_large,it0083,0.2653639018535614,0.38187915086746216
C1_2,wavlm_large,it0084,0.4605010151863098,0.48457321524620056
C1_2,wavlm_large,it0085,0.46903538703918457,0.47982117533683777
C1_2,wavlm_large,it0086,0.5774276256561279,0.6287439465522766
C1_2,wavlm_large,it0087,0.44162413477897644,0.6717504858970642
C1_2,wavlm_large,it0088,0.2746621072292328,0.4109988808631897
C1_2,wavlm_large,it0089,0.14197319746017456,0.23722051084041595
C1_2,wavlm_large,it0090,0.5114802122116089,0.5728129148483276
C1_2,wavlm_large,it0091,0.5229861736297607,0.561962902545929
C1_2,wavlm_large,it0092,0.3086295425891876,0.39174672961235046
C1_2,wavlm_large,it0093,0.32535111904144287,0.39400169253349304
C1_2,wavlm_large,it0094,0.5382810831069946,0.48425909876823425
C1_2,wavlm_large,it0095,0.5713794827461243,0.5656853318214417
C1_2,wavlm_large,it0096,0.46938425302505493,0.4409298002719879
C1_2,wavlm_large,it0097,0.5140892267227173,0.600460946559906
C1_2,wavlm_large,it0098,0.31578168272972107,0.45555585622787476
C1_2,wavlm_large,it0099,0.2980111837387085,0.24078433215618134
C1_2,wavlm_large,it0100,0.5513415932655334,0.6695469617843628
C1_2,wavlm_large,it0101,0.1820991039276123,0.30278995633125305
C1_2,wavlm_large,it0102,0.4732680916786194,0.41178348660469055
C1_2,wavlm_large,it0103,0.38870352506637573,0.47070786356925964
C1_2,wavlm_large,it0104,0.2118154615163803,0.503303587436676
C1_2,wavlm_large,it0105,0.413556307554245,0.47942864894866943
C1_2,wavlm_large,it0106,0.4340091049671173,0.444365918636322
C1_2,wavlm_large,it0107,0.1959020048379898,0.5277929902076721
C1_2,wavlm_large,it0108,0.26414674520492554,0.33653512597084045
C1_2,wavlm_large,it0109,0.35968294739723206,0.44703274965286255
C1_2,wavlm_large,it0110,0.2765168249607086,0.3011952042579651
C1_2,wavlm_large,it0111,0.1581997275352478,0.21009300649166107
C1_2,wavlm_large,it0112,0.5401938557624817,0.5681177973747253
C1_2,wavlm_large,it0113,0.46032798290252686,0.5012888312339783
C1_2,wavlm_large,it0114,0.25870615243911743,0.5348542332649231
C1_2,wavlm_large,it0115,0.22818265855312347,0.32400014996528625
C1_2,wavlm_large,it0116,0.38333526253700256,0.4206103980541229
C1_2,wavlm_large,it0117,0.4968496263027191,0.5406436920166016
C1_2,wavlm_large,it0118,0.38698652386665344,0.47182175517082214
C1_2,wavlm_large,it0119,0.30860501527786255,0.5659799575805664
C1_2,wavlm_large,it0120,0.3821156620979309,0.5334645509719849
C1_2,wavlm_large,it0121,0.41245654225349426,0.37983953952789307
C1_2,wavlm_large,it0122,0.30120736360549927,0.357717901468277
C1_2,wavlm_large,it0123,0.4140166640281677,0.5782968401908875
C1_2,wavlm_large,it0124,0.47681671380996704,0.46751129627227783
C1_2,wavlm_large,it0125,0.45202985405921936,0.4497842788696289
C1_2,wavlm_large,it0126,0.3684539794921875,0.5389884114265442
C1_2,wavlm_large,it0127,0.33805036544799805,0.36526498198509216
C1_2,wavlm_large,it0128,0.30574336647987366,0.5057604312896729
C1_2,wavlm_large,it0129,0.277864545583725,0.25148674845695496
C1_2,wavlm_large,it0130,0.3012334108352661,0.35668933391571045
C1_2,wavlm_large,it0131,0.357032835483551,0.4586113393306732
C1_2,wavlm_large,it0132,0.28474104404449463,0.31702345609664917
C1_2,wavlm_large,it0133,0.4599767327308655,0.5049734115600586
C1_2,wavlm_large,it0134,0.38840192556381226,0.3302827775478363
C1_2,wavlm_large,it0135,0.35416242480278015,0.517548680305481
C1_2,wavlm_large,it0136,0.3438749611377716,0.4019652009010315
C1_2,wavlm_large,it0137,0.3667411208152771,0.43634629249572754
C1_2,wavlm_large,it0138,0.5300819873809814,0.6249756217002869
C1_2,wavlm_large,it0139,0.2556377649307251,0.5426305532455444
C1_2,wavlm_large,it0140,0.15104669332504272,0.39871516823768616
C1_2,wavlm_large,it0141,0.6090322136878967,0.6304867267608643
C1_2,wavlm_large,it0142,0.2598109841346741,0.2413780242204666
C1_2,wavlm_large,it0143,0.3328837454319,0.4692723751068115
C1_2,wavlm_large,it0144,0.38447409868240356,0.3815779685974121
C1_2,wavlm_large,it0145,0.5458017587661743,0.5833135843276978
C1_2,wavlm_large,it0146,0.46738871932029724,0.4070740342140198
C1_2,wavlm_large,it0147,0.41715720295906067,0.3873995840549469
C1_2,wavlm_large,it0148,0.04975394159555435,0.19624461233615875
C1_2,wavlm_large,it0149,0.36548787355422974,0.4863666296005249
C1_2,wavlm_large,it0150,0.46119338274002075,0.5045802593231201
C1_2,wavlm_large,it0151,0.48863860964775085,0.5147998332977295
C1_2,wavlm_large,it0152,0.3368837833404541,0.40200650691986084
C1_2,wavlm_large,it0153,0.3197621703147888,0.46130162477493286
C1_2,wavlm_large,it0154,0.16112321615219116,0.18681184947490692
C1_2,wavlm_large,it0155,0.2885780930519104,0.26047876477241516
C1_2,wavlm_large,it0156,0.27261781692504883,0.3297220468521118
C1_2,wavlm_large,it0157,0.4502161741256714,0.45936477184295654
C1_2,wavlm_large,it0158,0.342468798160553,0.389370322227478
C1_2,wavlm_large,it0159,0.3082365095615387,0.37814465165138245
C1_2,wavlm_large,it0160,0.4217577576637268,0.4889727830886841
C1_2,wavlm_large,it0161,0.2649729549884796,0.31313955783843994
C1_2,wavlm_large,it0162,0.29205814003944397,0.3157951831817627
C1_2,wavlm_large,it0163,0.4367423355579376,0.37217020988464355
C1_2,wavlm_large,it0164,0.18759849667549133,0.27242863178253174
C1_2,wavlm_large,it0165,0.2625272572040558,0.3204575181007385
C1_2,wavlm_large,it0166,0.1435479074716568,0.4316827356815338
C1_2,wavlm_large,it0167,0.44925418496131897,0.5651333928108215
C1_2,wavlm_large,it0168,0.30029457807540894,0.3435260057449341
C1_2,wavlm_large,it0169,0.30900612473487854,0.422847718000412
C1_2,wavlm_large,it0170,0.34911882877349854,0.4337480962276459
C1_2,wavlm_large,it0171,0.5058281421661377,0.6050597429275513
C1_2,wavlm_large,it0172,0.223135307431221,0.3429805636405945
C1_2,wavlm_large,it0173,0.5925512909889221,0.6296005249023438
C1_2,wavlm_large,it0174,0.2386583387851715,0.46105217933654785
C1_2,wavlm_large,it0175,0.2687658667564392,0.34374383091926575
C1_2,wavlm_large,it0176,0.4146418273448944,0.4846222698688507
C1_2,wavlm_large,it0177,0.36955058574676514,0.505906879901886
C1_2,wavlm_large,it0178,0.16237270832061768,0.28910011053085327
C1_2,wavlm_large,it0179,0.5633498430252075,0.6111302971839905
C1_2,wavlm_large,it0180,0.5090051293373108,0.5151733160018921
C1_2,wavlm_large,it0181,0.4553338885307312,0.533720850944519
C1_2,wavlm_large,it0182,0.4320012331008911,0.43045103549957275
C1_2,wavlm_large,it0183,0.4695536494255066,0.5913639664649963
C1_2,wavlm_large,it0184,0.24864718317985535,0.32195961475372314
C1_2,wavlm_large,it0185,0.2947680354118347,0.4866710901260376
C1_2,wavlm_large,it0186,0.4720700979232788,0.4917035698890686
C1_2,wavlm_large,it0187,0.3306518793106079,0.38894569873809814
C1_2,wavlm_large,it0188,0.3442705273628235,0.4572804868221283
C1_2,wavlm_large,it0189,0.2930402159690857,0.2996530532836914
C1_2,wavlm_large,it0190,0.5356237292289734,0.513628363609314
C1_2,wavlm_large,it0191,0.22476887702941895,0.41992896795272827
C1_2,wavlm_large,it0192,0.4378931224346161,0.5626459717750549
C1_2,wavlm_large,it0193,0.25870978832244873,0.3359861969947815
C1_2,wavlm_large,it0194,0.6859794855117798,0.6094685792922974
C1_2,wavlm_large,it0195,0.4460780918598175,0.5965745449066162
C1_2,wavlm_large,it0196,0.23018166422843933,0.39681580662727356
C1_2,wavlm_large,it0197,0.34783685207366943,0.39168843626976013
C1_2,wavlm_large,it0198,0.17325031757354736,0.2890987992286682
C1_2,wavlm_large,it0199,0.39906853437423706,0.4578501284122467
C1_2,ecapa,it0000,0.4945937395095825,0.547907292842865
C1_2,ecapa,it0001,0.4098831117153168,0.4563030004501343
C1_2,ecapa,it0002,0.47663354873657227,0.2455025464296341
C1_2,ecapa,it0003,0.36270999908447266,0.49830275774002075
C1_2,ecapa,it0004,0.4975462853908539,0.5377840399742126
C1_2,ecapa,it0005,0.460053950548172,0.44686734676361084
C1_2,ecapa,it0006,0.2450011670589447,0.38734549283981323
C1_2,ecapa,it0007,0.27336907386779785,0.3083975315093994
C1_2,ecapa,it0008,0.2536846399307251,0.34426844120025635
C1_2,ecapa,it0009,0.5419216752052307,0.5335717797279358
C1_2,ecapa,it0010,0.5404306650161743,0.6282419562339783
C1_2,ecapa,it0011,0.4708786606788635,0.5689265131950378
C1_2,ecapa,it0012,0.280048668384552,0.42927318811416626
C1_2,ecapa,it0013,0.4754624664783478,0.5794674158096313
C1_2,ecapa,it0014,0.37382256984710693,0.3940293788909912
C1_2,ecapa,it0015,0.364139199256897,0.46160200238227844
C1_2,ecapa,it0016,0.32427603006362915,0.5887956619262695
C1_2,ecapa,it0017,0.3985910713672638,0.579751193523407
C1_2,ecapa,it0018,0.382970929145813,0.3633871078491211
C1_2,ecapa,it0019,0.6119268536567688,0.6688324809074402
C1_2,ecapa,it0020,0.33584922552108765,0.3954189121723175
C1_2,ecapa,it0021,0.3314463794231415,0.499883770942688
C1_2,ecapa,it0022,0.2500048875808716,0.4293472170829773
C1_2,ecapa,it0023,0.675595223903656,0.6126910448074341
C1_2,ecapa,it0024,0.5813684463500977,0.5697771906852722
C1_2,ecapa,it0025,0.5832455158233643,0.6133399605751038
C1_2,ecapa,it0026,0.18856562674045563,0.17319445312023163
C1_2,ecapa,it0027,0.6576805114746094,0.6739197969436646
C1_2,ecapa,it0028,0.39742130041122437,0.4563238024711609
C1_2,ecapa,it0029,0.2756989300251007,0.11381889879703522
C1_2,ecapa,it0030,0.48574957251548767,0.5758799910545349
C1_2,ecapa,it0031,0.4785284399986267,0.433595210313797
C1_2,ecapa,it0032,0.542313277721405,0.7037867307662964
C1_2,ecapa,it0033,0.2764621078968048,0.4181913137435913
C1_2,ecapa,it0034,0.3724869191646576,0.442315936088562
C1_2,ecapa,it0035,0.3093481957912445,0.3966103792190552
C1_2,ecapa,it0036,0.6251632571220398,0.660548210144043
C1_2,ecapa,it0037,0.4567524194717407,0.509362518787384
C1_2,ecapa,it0038,0.2760433256626129,0.33954760432243347
C1_2,ecapa,it0039,0.479054719209671,0.45409122109413147
C1_2,ecapa,it0040,0.1795068234205246,0.36284127831459045
C1_2,ecapa,it0041,0.5267552733421326,0.6522223353385925
C1_2,ecapa,it0042,0.3065587878227234,0.42160356044769287
C1_2,ecapa,it0043,0.22943642735481262,0.26971951127052307
C1_2,ecapa,it0044,0.4130971431732178,0.4796803295612335
C1_2,ecapa,it0045,0.2915878891944885,0.21181660890579224
C1_2,ecapa,it0046,0.3232790529727936,0.31581911444664
C1_2,ecapa,it0047,0.2480660080909729,0.2264813333749771
C1_2,ecapa,it0048,0.5594316124916077,0.5648326873779297
C1_2,ecapa,it0049,0.35510435700416565,0.23648864030838013
C1_2,ecapa,it0050,0.19508445262908936,0.28513336181640625
C1_2,ecapa,it0051,0.19979482889175415,0.1586160659790039
C1_2,ecapa,it0052,0.21936076879501343,0.24876096844673157
C1_2,ecapa,it0053,0.20989641547203064,0.320642352104187
C1_2,ecapa,it0054,0.2662390470504761,0.2107187956571579
C1_2,ecapa,it0055,0.47115397453308105,0.5525615215301514
C1_2,ecapa,it0056,0.2776421308517456,0.3564208447933197
C1_2,ecapa,it0057,0.43048974871635437,0.5231069326400757
C1_2,ecapa,it0058,0.3670544922351837,0.4089779555797577
C1_2,ecapa,it0059,0.5572725534439087,0.5404822826385498
C1_2,ecapa,it0060,0.4156535267829895,0.4436367154121399
C1_2,ecapa,it0061,0.49788036942481995,0.5762591361999512
C1_2,ecapa,it0062,0.6024878025054932,0.66130530834198
C1_2,ecapa,it0063,0.3829801678657532,0.44305720925331116
C1_2,ecapa,it0064,0.2614870071411133,0.2351909875869751
C1_2,ecapa,it0065,0.5505318641662598,0.6292462348937988
C1_2,ecapa,it0066,0.33253195881843567,0.2530241012573242
C1_2,ecapa,it0067,0.2590632438659668,0.37751463055610657
C1_2,ecapa,it0068,0.6255358457565308,0.6129843592643738
C1_2,ecapa,it0069,0.28033241629600525,0.4469411373138428
C1_2,ecapa,it0070,0.4439716339111328,0.47576841711997986
C1_2,ecapa,it0071,0.5226959586143494,0.5610159635543823
C1_2,ecapa,it0072,0.45518165826797485,0.4850994646549225
C1_2,ecapa,it0073,0.17938125133514404,0.22614306211471558
C1_2,ecapa,it0074,0.18423216044902802,0.2301652431488037
C1_2,ecapa,it0075,0.37704992294311523,0.4269244074821472
C1_2,ecapa,it0076,0.45616787672042847,0.608962893486023
C1_2,ecapa,it0077,0.40538489818573,0.4936617314815521
C1_2,ecapa,it0078,0.2963673770427704,0.3788087069988251
C1_2,ecapa,it0079,0.5601128935813904,0.5694780945777893
C1_2,ecapa,it0080,0.44353199005126953,0.46179619431495667
C1_2,ecapa,it0081,0.35288554430007935,0.3889162540435791
C1_2,ecapa,it0082,0.4470691680908203,0.4817875623703003
C1_2,ecapa,it0083,0.38785433769226074,0.49579301476478577
C1_2,ecapa,it0084,0.6261110305786133,0.6085907220840454
C1_2,ecapa,it0085,0.4143539369106293,0.6648997068405151
C1_2,ecapa,it0086,0.6213372349739075,0.554979145526886
C1_2,ecapa,it0087,0.47078046202659607,0.5670221447944641
C1_2,ecapa,it0088,0.30050623416900635,0.37928342819213867
C1_2,ecapa,it0089,0.3109550476074219,0.32491186261177063
C1_2,ecapa,it0090,0.6026632785797119,0.5090136528015137
C1_2,ecapa,it0091,0.5650351047515869,0.6739076972007751
C1_2,ecapa,it0092,0.3812251091003418,0.4886103868484497
C1_2,ecapa,it0093,0.42400431632995605,0.5701305866241455
C1_2,ecapa,it0094,0.4869409203529358,0.33033233880996704
C1_2,ecapa,it0095,0.40644046664237976,0.628949761390686
C1_2,ecapa,it0096,0.4659520089626312,0.48347142338752747
C1_2,ecapa,it0097,0.549291729927063,0.6283326745033264
C1_2,ecapa,it0098,0.5494661927223206,0.5554422736167908
C1_2,ecapa,it0099,0.2672736942768097,0.263175368309021
C1_2,ecapa,it0100,0.6111006140708923,0.5644218921661377
C1_2,ecapa,it0101,0.15624691545963287,0.26224467158317566
C1_2,ecapa,it0102,0.3594081997871399,0.24822606146335602
C1_2,ecapa,it0103,0.3655022084712982,0.5199441313743591
C1_2,ecapa,it0104,0.4016075134277344,0.3994704782962799
C1_2,ecapa,it0105,0.2668096125125885,0.3729592263698578
C1_2,ecapa,it0106,0.34736931324005127,0.4202120304107666
C1_2,ecapa,it0107,0.3452564477920532,0.5327003002166748
C1_2,ecapa,it0108,0.4315234422683716,0.43216413259506226
C1_2,ecapa,it0109,0.45732381939888,0.46423226594924927
C1_2,ecapa,it0110,0.18614062666893005,0.1027955412864685
C1_2,ecapa,it0111,0.2558557391166687,0.32611584663391113
C1_2,ecapa,it0112,0.6648043394088745,0.6809853315353394
C1_2,ecapa,it0113,0.4809105396270752,0.5455735325813293
C1_2,ecapa,it0114,0.26602068543434143,0.49865978956222534
C1_2,ecapa,it0115,0.3130950927734375,0.3653947114944458
C1_2,ecapa,it0116,0.5164719223976135,0.5254393219947815
C1_2,ecapa,it0117,0.41044920682907104,0.40218672156333923
C1_2,ecapa,it0118,0.45158225297927856,0.6150988340377808
C1_2,ecapa,it0119,0.41905102133750916,0.516308069229126
C1_2,ecapa,it0120,0.5350439548492432,0.6004010438919067
C1_2,ecapa,it0121,0.5865726470947266,0.49869370460510254
C1_2,ecapa,it0122,0.2740297317504883,0.19624026119709015
C1_2,ecapa,it0123,0.17960494756698608,0.4716212749481201
C1_2,ecapa,it0124,0.5789835453033447,0.6088396310806274
C1_2,ecapa,it0125,0.53398597240448,0.5974100828170776
C1_2,ecapa,it0126,0.5141865015029907,0.5237426161766052
C1_2,ecapa,it0127,0.31642669439315796,0.371048241853714
C1_2,ecapa,it0128,0.38913214206695557,0.5404075980186462
C1_2,ecapa,it0129,0.16986647248268127,0.24072137475013733
C1_2,ecapa,it0130,0.28914397954940796,0.3489762842655182
C1_2,ecapa,it0131,0.3276365399360657,0.36204835772514343
C1_2,ecapa,it0132,0.3133603036403656,0.3021138608455658
C1_2,ecapa,it0133,0.4327465295791626,0.46945178508758545
C1_2,ecapa,it0134,0.43837979435920715,0.3835052251815796
C1_2,ecapa,it0135,0.3893924653530121,0.3901464641094208
C1_2,ecapa,it0136,0.3143269419670105,0.3742339611053467
C1_2,ecapa,it0137,0.5107611417770386,0.6224753856658936
C1_2,ecapa,it0138,0.3579776883125305,0.4663371443748474
C1_2,ecapa,it0139,0.49716612696647644,0.5991787314414978
C1_2,ecapa,it0140,0.219524547457695,0.4250514805316925
C1_2,ecapa,it0141,0.5080043077468872,0.6767377853393555
C1_2,ecapa,it0142,0.19888471066951752,0.1384515017271042
C1_2,ecapa,it0143,0.29721522331237793,0.3393687605857849
C1_2,ecapa,it0144,0.5834086537361145,0.5588104724884033
C1_2,ecapa,it0145,0.4805090129375458,0.508185625076294
C1_2,ecapa,it0146,0.5192933678627014,0.4795282483100891
C1_2,ecapa,it0147,0.3851205110549927,0.40919676423072815
C1_2,ecapa,it0148,-0.006158705335110426,0.013026004657149315
C1_2,ecapa,it0149,0.486368864774704,0.46554034948349
C1_2,ecapa,it0150,0.4429877698421478,0.4309651255607605
C1_2,ecapa,it0151,0.5134257078170776,0.562233030796051
C1_2,ecapa,it0152,0.4679079055786133,0.49671733379364014
C1_2,ecapa,it0153,0.22220349311828613,0.37001433968544006
C1_2,ecapa,it0154,0.2592591345310211,0.2749277651309967
C1_2,ecapa,it0155,0.22898142039775848,0.20475949347019196
C1_2,ecapa,it0156,0.20714642107486725,0.35598933696746826
C1_2,ecapa,it0157,0.5283597707748413,0.5709406137466431
C1_2,ecapa,it0158,0.47683724761009216,0.32809433341026306
C1_2,ecapa,it0159,0.46824517846107483,0.5470640063285828
C1_2,ecapa,it0160,0.5103926062583923,0.528866171836853
C1_2,ecapa,it0161,0.36754167079925537,0.3124030828475952
C1_2,ecapa,it0162,0.12364421784877777,0.11994389444589615
C1_2,ecapa,it0163,0.5612210631370544,0.5582718849182129
C1_2,ecapa,it0164,0.3819192051887512,0.42584913969039917
C1_2,ecapa,it0165,0.2758771777153015,0.2940666079521179
C1_2,ecapa,it0166,0.4861294627189636,0.6349018812179565
C1_2,ecapa,it0167,0.4006466567516327,0.4559425711631775
C1_2,ecapa,it0168,0.31111252307891846,0.4492458701133728
C1_2,ecapa,it0169,0.27990394830703735,0.4399006962776184
C1_2,ecapa,it0170,0.2622295618057251,0.4323601722717285
C1_2,ecapa,it0171,0.5908831357955933,0.6298810243606567
C1_2,ecapa,it0172,0.20441682636737823,0.24233394861221313
C1_2,ecapa,it0173,0.6494267582893372,0.728688657283783
C1_2,ecapa,it0174,0.42125630378723145,0.46980422735214233
C1_2,ecapa,it0175,0.2252759337425232,0.23979268968105316
C1_2,ecapa,it0176,0.34898269176483154,0.4430340528488159
C1_2,ecapa,it0177,0.3656153082847595,0.43047070503234863
C1_2,ecapa,it0178,0.33168792724609375,0.31071698665618896
C1_2,ecapa,it0179,0.6004217863082886,0.6262582540512085
C1_2,ecapa,it0180,0.5311486124992371,0.45167142152786255
C1_2,ecapa,it0181,0.44570642709732056,0.5446824431419373
C1_2,ecapa,it0182,0.5408629179000854,0.5230542421340942
C1_2,ecapa,it0183,0.5959954857826233,0.6736574769020081
C1_2,ecapa,it0184,0.2148662507534027,0.2658597528934479
C1_2,ecapa,it0185,0.34949493408203125,0.49429750442504883
C1_2,ecapa,it0186,0.5016863942146301,0.5293651819229126
C1_2,ecapa,it0187,0.3450278639793396,0.4273974895477295
C1_2,ecapa,it0188,0.5079824924468994,0.5626395344734192
C1_2,ecapa,it0189,0.3833726644515991,0.3889543414115906
C1_2,ecapa,it0190,0.5439466238021851,0.5450083017349243
C1_2,ecapa,it0191,0.3675585687160492,0.4530075192451477
C1_2,ecapa,it0192,0.3991706967353821,0.5157899260520935
C1_2,ecapa,it0193,0.45142731070518494,0.46919724345207214
C1_2,ecapa,it0194,0.5764162540435791,0.6277371644973755
C1_2,ecapa,it0195,0.4853450059890747,0.5922210216522217
C1_2,ecapa,it0196,0.47803524136543274,0.6013249754905701
C1_2,ecapa,it0197,0.37033557891845703,0.41385945677757263
C1_2,ecapa,it0198,0.24568194150924683,0.25013113021850586
C1_2,ecapa,it0199,0.4261387288570404,0.4563426375389099
C1_2,ge2e,it0000,0.8054928779602051,0.8312833309173584
C1_2,ge2e,it0001,0.8147512674331665,0.8666106462478638
C1_2,ge2e,it0002,0.7099400758743286,0.7596652507781982
C1_2,ge2e,it0003,0.6979420185089111,0.7016872763633728
C1_2,ge2e,it0004,0.802161455154419,0.8505992889404297
C1_2,ge2e,it0005,0.862275242805481,0.8567262291908264
C1_2,ge2e,it0006,0.739486575126648,0.7381848692893982
C1_2,ge2e,it0007,0.7646300196647644,0.8239912986755371
C1_2,ge2e,it0008,0.8391582369804382,0.8401719331741333
C1_2,ge2e,it0009,0.8866677284240723,0.869399905204773
C1_2,ge2e,it0010,0.7910028100013733,0.8601175546646118
C1_2,ge2e,it0011,0.8792517185211182,0.8533651828765869
C1_2,ge2e,it0012,0.5906661748886108,0.71412593126297
C1_2,ge2e,it0013,0.8028461933135986,0.8336724042892456
C1_2,ge2e,it0014,0.7911511063575745,0.8328558206558228
C1_2,ge2e,it0015,0.8190889358520508,0.8584239482879639
C1_2,ge2e,it0016,0.7965877056121826,0.8629781603813171
C1_2,ge2e,it0017,0.8397255539894104,0.7948585152626038
C1_2,ge2e,it0018,0.8421269059181213,0.8232595920562744
C1_2,ge2e,it0019,0.8616061806678772,0.8295080661773682
C1_2,ge2e,it0020,0.6873410940170288,0.7488470673561096
C1_2,ge2e,it0021,0.8016806840896606,0.840760350227356
C1_2,ge2e,it0022,0.7221701145172119,0.7824811339378357
C1_2,ge2e,it0023,0.8644490838050842,0.8342782855033875
C1_2,ge2e,it0024,0.8462735414505005,0.8738837838172913
C1_2,ge2e,it0025,0.8653198480606079,0.8877696394920349
C1_2,ge2e,it0026,0.7017967104911804,0.6985898613929749
C1_2,ge2e,it0027,0.7823501825332642,0.8112455606460571
C1_2,ge2e,it0028,0.8494683504104614,0.8727619051933289
C1_2,ge2e,it0029,0.7682536840438843,0.8093026280403137
C1_2,ge2e,it0030,0.860001802444458,0.8457225561141968
C1_2,ge2e,it0031,0.7870137691497803,0.8215006589889526
C1_2,ge2e,it0032,0.8125635981559753,0.8221946358680725
C1_2,ge2e,it0033,0.7977312803268433,0.7939863801002502
C1_2,ge2e,it0034,0.8434045910835266,0.8235056400299072
C1_2,ge2e,it0035,0.7010334730148315,0.8111178874969482
C1_2,ge2e,it0036,0.8641722202301025,0.8415298461914062
C1_2,ge2e,it0037,0.8753132224082947,0.8725273609161377
C1_2,ge2e,it0038,0.8078185319900513,0.8183273077011108
C1_2,ge2e,it0039,0.778398871421814,0.8516628742218018
C1_2,ge2e,it0040,0.7933019995689392,0.8193025588989258
C1_2,ge2e,it0041,0.7981751561164856,0.8387693762779236
C1_2,ge2e,it0042,0.8154522180557251,0.8079758882522583
C1_2,ge2e,it0043,0.7959016561508179,0.8071760535240173
C1_2,ge2e,it0044,0.7953532338142395,0.8105262517929077
C1_2,ge2e,it0045,0.8411961793899536,0.780608057975769
C1_2,ge2e,it0046,0.7397814989089966,0.7464752197265625
C1_2,ge2e,it0047,0.7413054704666138,0.7464393377304077
C1_2,ge2e,it0048,0.866695761680603,0.8656773567199707
C1_2,ge2e,it0049,0.8609335422515869,0.8846509456634521
C1_2,ge2e,it0050,0.8096086978912354,0.8499279618263245
C1_2,ge2e,it0051,0.7825233936309814,0.8124280571937561
C1_2,ge2e,it0052,0.8127586245536804,0.8108967542648315
C1_2,ge2e,it0053,0.7605279684066772,0.784095048904419
C1_2,ge2e,it0054,0.7985841035842896,0.7958528399467468
C1_2,ge2e,it0055,0.7980079650878906,0.8647164702415466
C1_2,ge2e,it0056,0.8950868248939514,0.8890163898468018
C1_2,ge2e,it0057,0.8213019371032715,0.8268553018569946
C1_2,ge2e,it0058,0.7882129549980164,0.8052298426628113
C1_2,ge2e,it0059,0.8472698926925659,0.8591304421424866
C1_2,ge2e,it0060,0.83087557554245,0.7849876880645752
C1_2,ge2e,it0061,0.8781864047050476,0.8908779621124268
C1_2,ge2e,it0062,0.8638206720352173,0.9087531566619873
C1_2,ge2e,it0063,0.7961632013320923,0.6869983673095703
C1_2,ge2e,it0064,0.8057670593261719,0.8143206238746643
C1_2,ge2e,it0065,0.8248230814933777,0.8589032888412476
C1_2,ge2e,it0066,0.7784040570259094,0.7915185689926147
C1_2,ge2e,it0067,0.7972099781036377,0.8546180725097656
C1_2,ge2e,it0068,0.8641888499259949,0.8538692593574524
C1_2,ge2e,it0069,0.7396165728569031,0.7521191835403442
C1_2,ge2e,it0070,0.7758757472038269,0.7782314419746399
C1_2,ge2e,it0071,0.8137817978858948,0.8458499908447266
C1_2,ge2e,it0072,0.851922869682312,0.8722261190414429
C1_2,ge2e,it0073,0.7565720677375793,0.8080042600631714
C1_2,ge2e,it0074,0.759117841720581,0.8351662755012512
C1_2,ge2e,it0075,0.8414579629898071,0.8786685466766357
C1_2,ge2e,it0076,0.8196585178375244,0.8648355603218079
C1_2,ge2e,it0077,0.7607735395431519,0.774968683719635
C1_2,ge2e,it0078,0.6746898889541626,0.7077553272247314
C1_2,ge2e,it0079,0.7982092499732971,0.8419150114059448
C1_2,ge2e,it0080,0.735539436340332,0.7433265447616577
C1_2,ge2e,it0081,0.8165434002876282,0.8322106599807739
C1_2,ge2e,it0082,0.8321903944015503,0.8585550785064697
C1_2,ge2e,it0083,0.8534754514694214,0.8672640919685364
C1_2,ge2e,it0084,0.8761749267578125,0.9117348790168762
C1_2,ge2e,it0085,0.8564289808273315,0.8410216569900513
C1_2,ge2e,it0086,0.8300391435623169,0.8533105850219727
C1_2,ge2e,it0087,0.8602041006088257,0.8563011884689331
C1_2,ge2e,it0088,0.7881171703338623,0.8182320594787598
C1_2,ge2e,it0089,0.7715936303138733,0.8005680441856384
C1_2,ge2e,it0090,0.853559672832489,0.8724223971366882
C1_2,ge2e,it0091,0.8432357907295227,0.8510556817054749
C1_2,ge2e,it0092,0.7512311935424805,0.8169368505477905
C1_2,ge2e,it0093,0.8014484643936157,0.8729856610298157
C1_2,ge2e,it0094,0.7774792909622192,0.8038636445999146
C1_2,ge2e,it0095,0.8396831750869751,0.899796187877655
C1_2,ge2e,it0096,0.8463112115859985,0.8229557871818542
C1_2,ge2e,it0097,0.8152356147766113,0.8382232785224915
C1_2,ge2e,it0098,0.8371080160140991,0.8514124751091003
C1_2,ge2e,it0099,0.7644578218460083,0.736407458782196
C1_2,ge2e,it0100,0.8183804750442505,0.8595116138458252
C1_2,ge2e,it0101,0.6398115158081055,0.7365291118621826
C1_2,ge2e,it0102,0.8756067156791687,0.8657094836235046
C1_2,ge2e,it0103,0.7574255466461182,0.7633521556854248
C1_2,ge2e,it0104,0.7847233414649963,0.8419376015663147
C1_2,ge2e,it0105,0.7816280722618103,0.8521013855934143
C1_2,ge2e,it0106,0.8402035236358643,0.8623322248458862
C1_2,ge2e,it0107,0.7671440243721008,0.8292897939682007
C1_2,ge2e,it0108,0.8277478218078613,0.8645839095115662
C1_2,ge2e,it0109,0.8095734715461731,0.7372688055038452
C1_2,ge2e,it0110,0.717892587184906,0.7574201822280884
C1_2,ge2e,it0111,0.7838909029960632,0.8286755681037903
C1_2,ge2e,it0112,0.8678873777389526,0.8802021741867065
C1_2,ge2e,it0113,0.8238039612770081,0.8909956216812134
C1_2,ge2e,it0114,0.8586782217025757,0.8571929335594177
C1_2,ge2e,it0115,0.8406842947006226,0.8641715049743652
C1_2,ge2e,it0116,0.8704183101654053,0.828739583492279
C1_2,ge2e,it0117,0.8611124753952026,0.8366395831108093
C1_2,ge2e,it0118,0.722333550453186,0.8316397666931152
C1_2,ge2e,it0119,0.8141636252403259,0.8191483020782471
C1_2,ge2e,it0120,0.7602118253707886,0.7485710382461548
C1_2,ge2e,it0121,0.8062925338745117,0.8186517357826233
C1_2,ge2e,it0122,0.827941358089447,0.8069505095481873
C1_2,ge2e,it0123,0.7347444891929626,0.7405620217323303
C1_2,ge2e,it0124,0.8715898990631104,0.8914079666137695
C1_2,ge2e,it0125,0.909119725227356,0.910251259803772
C1_2,ge2e,it0126,0.8682873249053955,0.8605327010154724
C1_2,ge2e,it0127,0.6801123023033142,0.797494113445282
C1_2,ge2e,it0128,0.812335729598999,0.8191124200820923
C1_2,ge2e,it0129,0.7456414103507996,0.7723276019096375
C1_2,ge2e,it0130,0.8289483785629272,0.8391322493553162
C1_2,ge2e,it0131,0.8303301334381104,0.8547919988632202
C1_2,ge2e,it0132,0.8498724102973938,0.7893824577331543
C1_2,ge2e,it0133,0.826941192150116,0.858017086982727
C1_2,ge2e,it0134,0.7483119964599609,0.7877932786941528
C1_2,ge2e,it0135,0.7704068422317505,0.8002476096153259
C1_2,ge2e,it0136,0.8477448225021362,0.8195760250091553
C1_2,ge2e,it0137,0.8433175086975098,0.849641740322113
C1_2,ge2e,it0138,0.7732112407684326,0.8311160802841187
C1_2,ge2e,it0139,0.8773494362831116,0.8453778028488159
C1_2,ge2e,it0140,0.7649882435798645,0.7790097594261169
C1_2,ge2e,it0141,0.8183632493019104,0.8487514853477478
C1_2,ge2e,it0142,0.7653383612632751,0.7969056367874146
C1_2,ge2e,it0143,0.8249368071556091,0.8767955303192139
C1_2,ge2e,it0144,0.8614543676376343,0.8650968670845032
C1_2,ge2e,it0145,0.777103066444397,0.865953803062439
C1_2,ge2e,it0146,0.8283439874649048,0.8311920166015625
C1_2,ge2e,it0147,0.8776301145553589,0.8659763336181641
C1_2,ge2e,it0148,0.7807249426841736,0.8088736534118652
C1_2,ge2e,it0149,0.7551140785217285,0.7952565550804138
C1_2,ge2e,it0150,0.7705205678939819,0.8203493356704712
C1_2,ge2e,it0151,0.8353769779205322,0.8891764283180237
C1_2,ge2e,it0152,0.8459569215774536,0.8271870613098145
C1_2,ge2e,it0153,0.7836267948150635,0.7901787757873535
C1_2,ge2e,it0154,0.7994536757469177,0.7268083691596985
C1_2,ge2e,it0155,0.8136749863624573,0.8209919333457947
C1_2,ge2e,it0156,0.6906844973564148,0.7713146209716797
C1_2,ge2e,it0157,0.835088312625885,0.8717368841171265
C1_2,ge2e,it0158,0.822850227355957,0.8284328579902649
C1_2,ge2e,it0159,0.854753851890564,0.8836908936500549
C1_2,ge2e,it0160,0.8461468815803528,0.8465427756309509
C1_2,ge2e,it0161,0.7956448793411255,0.8242727518081665
C1_2,ge2e,it0162,0.7778844833374023,0.7944774031639099
C1_2,ge2e,it0163,0.7386628985404968,0.7101702690124512
C1_2,ge2e,it0164,0.8473774194717407,0.8324601054191589
C1_2,ge2e,it0165,0.7571026086807251,0.786407470703125
C1_2,ge2e,it0166,0.8606933355331421,0.8579385876655579
C1_2,ge2e,it0167,0.8850522041320801,0.877520740032196
C1_2,ge2e,it0168,0.7555865049362183,0.7633789777755737
C1_2,ge2e,it0169,0.7735469341278076,0.8415851593017578
C1_2,ge2e,it0170,0.8230535387992859,0.8370588421821594
C1_2,ge2e,it0171,0.7931732535362244,0.8192466497421265
C1_2,ge2e,it0172,0.751778781414032,0.7478976845741272
C1_2,ge2e,it0173,0.8681408762931824,0.8877360820770264
C1_2,ge2e,it0174,0.8406468629837036,0.8433595895767212
C1_2,ge2e,it0175,0.6687192916870117,0.7126674652099609
C1_2,ge2e,it0176,0.8008673191070557,0.7987662553787231
C1_2,ge2e,it0177,0.7656337022781372,0.840968668460846
C1_2,ge2e,it0178,0.7372456789016724,0.7763287425041199
C1_2,ge2e,it0179,0.8495319485664368,0.8785802721977234
C1_2,ge2e,it0180,0.8616015315055847,0.8315185308456421
C1_2,ge2e,it0181,0.7556797862052917,0.8466384410858154
C1_2,ge2e,it0182,0.8550626635551453,0.8999186754226685
C1_2,ge2e,it0183,0.8121164441108704,0.8682044148445129
C1_2,ge2e,it0184,0.7706762552261353,0.790680468082428
C1_2,ge2e,it0185,0.8147797584533691,0.8656467199325562
C1_2,ge2e,it0186,0.7918872833251953,0.8002956509590149
C1_2,ge2e,it0187,0.763519823551178,0.7903108596801758
C1_2,ge2e,it0188,0.8446610569953918,0.8453195095062256
C1_2,ge2e,it0189,0.6890017986297607,0.8130507469177246
C1_2,ge2e,it0190,0.822756826877594,0.8603768944740295
C1_2,ge2e,it0191,0.7680667638778687,0.7772470712661743
C1_2,ge2e,it0192,0.7501646280288696,0.7733830809593201
C1_2,ge2e,it0193,0.8406826853752136,0.8080652356147766
C1_2,ge2e,it0194,0.8637976050376892,0.8580193519592285
C1_2,ge2e,it0195,0.8004576563835144,0.8449102640151978
C1_2,ge2e,it0196,0.8319504857063293,0.8536160588264465
C1_2,ge2e,it0197,0.8321894407272339,0.8177379369735718
C1_2,ge2e,it0198,0.8034569025039673,0.8351705074310303
C1_2,ge2e,it0199,0.8351233005523682,0.8493215441703796
C1_2,xvect,it0000,0.9577807784080505,0.9722381830215454
C1_2,xvect,it0001,0.9342650175094604,0.958871603012085
C1_2,xvect,it0002,0.9526286125183105,0.9458548426628113
C1_2,xvect,it0003,0.9399720430374146,0.9371600151062012
C1_2,xvect,it0004,0.947963535785675,0.9553993344306946
C1_2,xvect,it0005,0.95597243309021,0.9280402660369873
C1_2,xvect,it0006,0.9464255571365356,0.9344101548194885
C1_2,xvect,it0007,0.9543359875679016,0.9503337740898132
C1_2,xvect,it0008,0.9270498752593994,0.9446712136268616
C1_2,xvect,it0009,0.9578737020492554,0.9635517597198486
C1_2,xvect,it0010,0.9623556733131409,0.9704917073249817
C1_2,xvect,it0011,0.9514818787574768,0.9640200138092041
C1_2,xvect,it0012,0.9092365503311157,0.9438806772232056
C1_2,xvect,it0013,0.9600077271461487,0.9663207530975342
C1_2,xvect,it0014,0.8929102420806885,0.9186933040618896
C1_2,xvect,it0015,0.9218451976776123,0.9352519512176514
C1_2,xvect,it0016,0.9068560600280762,0.937796413898468
C1_2,xvect,it0017,0.9384188055992126,0.9485949277877808
C1_2,xvect,it0018,0.9323419332504272,0.9333766102790833
C1_2,xvect,it0019,0.9487862586975098,0.9091309309005737
C1_2,xvect,it0020,0.9426850080490112,0.9526621103286743
C1_2,xvect,it0021,0.9503819346427917,0.9559375047683716
C1_2,xvect,it0022,0.883814811706543,0.9465754628181458
C1_2,xvect,it0023,0.9468886852264404,0.9492585062980652
C1_2,xvect,it0024,0.9567103981971741,0.9626847505569458
C1_2,xvect,it0025,0.9314086437225342,0.9438305497169495
C1_2,xvect,it0026,0.933674156665802,0.9099941253662109
C1_2,xvect,it0027,0.9598978161811829,0.9613175988197327
C1_2,xvect,it0028,0.9477025270462036,0.9621796011924744
C1_2,xvect,it0029,0.9449402689933777,0.9535105228424072
C1_2,xvect,it0030,0.9594095945358276,0.9661227464675903
C1_2,xvect,it0031,0.9439668655395508,0.9517102837562561
C1_2,xvect,it0032,0.9481605887413025,0.9679904580116272
C1_2,xvect,it0033,0.9312927722930908,0.9557894468307495
C1_2,xvect,it0034,0.9536190629005432,0.9615803360939026
C1_2,xvect,it0035,0.9543782472610474,0.961063802242279
C1_2,xvect,it0036,0.933174729347229,0.9416238069534302
C1_2,xvect,it0037,0.9592036604881287,0.9588557481765747
C1_2,xvect,it0038,0.9195375442504883,0.9453686475753784
C1_2,xvect,it0039,0.9282017350196838,0.9555521607398987
C1_2,xvect,it0040,0.9500355124473572,0.9518176913261414
C1_2,xvect,it0041,0.9383230805397034,0.9491890072822571
C1_2,xvect,it0042,0.9433510303497314,0.9433373212814331
C1_2,xvect,it0043,0.952435314655304,0.9591033458709717
C1_2,xvect,it0044,0.961673378944397,0.9665766954421997
C1_2,xvect,it0045,0.9404899477958679,0.9397899508476257
C1_2,xvect,it0046,0.9468932151794434,0.9515712857246399
C1_2,xvect,it0047,0.9519704580307007,0.956881046295166
C1_2,xvect,it0048,0.9574074149131775,0.9662950038909912
C1_2,xvect,it0049,0.9244323372840881,0.9444249272346497
C1_2,xvect,it0050,0.9294998049736023,0.9556506872177124
C1_2,xvect,it0051,0.9490395784378052,0.9495964050292969
C1_2,xvect,it0052,0.9440917372703552,0.9552698731422424
C1_2,xvect,it0053,0.9573245644569397,0.9621005058288574
C1_2,xvect,it0054,0.9511286020278931,0.956202507019043
C1_2,xvect,it0055,0.9255843758583069,0.9557077288627625
C1_2,xvect,it0056,0.9439592361450195,0.9591121077537537
C1_2,xvect,it0057,0.9398608207702637,0.951759934425354
C1_2,xvect,it0058,0.9374771118164062,0.9334275722503662
C1_2,xvect,it0059,0.967755913734436,0.9685719013214111
C1_2,xvect,it0060,0.9382719397544861,0.9237156510353088
C1_2,xvect,it0061,0.9237536787986755,0.923550009727478
C1_2,xvect,it0062,0.9502675533294678,0.9620661735534668
C1_2,xvect,it0063,0.9512268900871277,0.9375559091567993
C1_2,xvect,it0064,0.8957764506340027,0.9519599080085754
C1_2,xvect,it0065,0.9284545183181763,0.9541410207748413
C1_2,xvect,it0066,0.9287290573120117,0.9408221244812012
C1_2,xvect,it0067,0.9386853575706482,0.9366340637207031
C1_2,xvect,it0068,0.9714884161949158,0.9701882004737854
C1_2,xvect,it0069,0.9508295059204102,0.9629011154174805
C1_2,xvect,it0070,0.9331789016723633,0.9425565600395203
C1_2,xvect,it0071,0.9618369340896606,0.9605406522750854
C1_2,xvect,it0072,0.960363507270813,0.9683390259742737
C1_2,xvect,it0073,0.9425384402275085,0.9438455700874329
C1_2,xvect,it0074,0.9226068258285522,0.9470171332359314
C1_2,xvect,it0075,0.9450527429580688,0.9670032858848572
C1_2,xvect,it0076,0.9390397667884827,0.9612851738929749
C1_2,xvect,it0077,0.9310123920440674,0.9482858180999756
C1_2,xvect,it0078,0.9449096918106079,0.9539016485214233
C1_2,xvect,it0079,0.9637125730514526,0.9685511589050293
C1_2,xvect,it0080,0.9154368042945862,0.9363706707954407
C1_2,xvect,it0081,0.9584359526634216,0.959954023361206
C1_2,xvect,it0082,0.9173436164855957,0.926114559173584
C1_2,xvect,it0083,0.9550120234489441,0.9629716277122498
C1_2,xvect,it0084,0.9646216034889221,0.9716998338699341
C1_2,xvect,it0085,0.9342482089996338,0.9498684406280518
C1_2,xvect,it0086,0.971674382686615,0.9669275879859924
C1_2,xvect,it0087,0.961665689945221,0.9663339853286743
C1_2,xvect,it0088,0.9526494741439819,0.9494382739067078
C1_2,xvect,it0089,0.9590549468994141,0.9584046006202698
C1_2,xvect,it0090,0.9596306681632996,0.9653310775756836
C1_2,xvect,it0091,0.9439358115196228,0.948735237121582
C1_2,xvect,it0092,0.9450622797012329,0.9590087532997131
C1_2,xvect,it0093,0.9505285024642944,0.9595007300376892
C1_2,xvect,it0094,0.8951423764228821,0.9042547941207886
C1_2,xvect,it0095,0.9413267970085144,0.9640786051750183
C1_2,xvect,it0096,0.9513774514198303,0.9505845308303833
C1_2,xvect,it0097,0.9610142111778259,0.9657021164894104
C1_2,xvect,it0098,0.9516761898994446,0.9724661707878113
C1_2,xvect,it0099,0.9379503726959229,0.9440765380859375
C1_2,xvect,it0100,0.9640191793441772,0.9685515761375427
C1_2,xvect,it0101,0.9365557432174683,0.9499531388282776
C1_2,xvect,it0102,0.9506422877311707,0.9484606981277466
C1_2,xvect,it0103,0.9479944705963135,0.9589175581932068
C1_2,xvect,it0104,0.878140926361084,0.9547690749168396
C1_2,xvect,it0105,0.9235639572143555,0.9495664238929749
C1_2,xvect,it0106,0.9570483565330505,0.9553218483924866
C1_2,xvect,it0107,0.9373607635498047,0.9657471179962158
C1_2,xvect,it0108,0.9536229968070984,0.9635660648345947
C1_2,xvect,it0109,0.9632135629653931,0.9611916542053223
C1_2,xvect,it0110,0.9237178564071655,0.9448602795600891
C1_2,xvect,it0111,0.9629430770874023,0.9715840220451355
C1_2,xvect,it0112,0.966261625289917,0.9583481550216675
C1_2,xvect,it0113,0.9300941228866577,0.945100724697113
C1_2,xvect,it0114,0.9423304796218872,0.9660329222679138
C1_2,xvect,it0115,0.9646052122116089,0.9649942517280579
C1_2,xvect,it0116,0.9487928748130798,0.95416259765625
C1_2,xvect,it0117,0.9666790962219238,0.9652193188667297
C1_2,xvect,it0118,0.9506356120109558,0.9618225693702698
C1_2,xvect,it0119,0.9552589058876038,0.9676938652992249
C1_2,xvect,it0120,0.9554847478866577,0.9592799544334412
C1_2,xvect,it0121,0.9585421085357666,0.9585812091827393
C1_2,xvect,it0122,0.9360918998718262,0.9238072037696838
C1_2,xvect,it0123,0.9128322005271912,0.9676807522773743
C1_2,xvect,it0124,0.9240245223045349,0.9428277015686035
C1_2,xvect,it0125,0.9556467533111572,0.9592008590698242
C1_2,xvect,it0126,0.9513794183731079,0.9648639559745789
C1_2,xvect,it0127,0.9419230222702026,0.9592774510383606
C1_2,xvect,it0128,0.9529649615287781,0.9658920168876648
C1_2,xvect,it0129,0.949861466884613,0.9407042264938354
C1_2,xvect,it0130,0.9599276781082153,0.95436030626297
C1_2,xvect,it0131,0.9436691403388977,0.9544546604156494
C1_2,xvect,it0132,0.9513395428657532,0.9589127898216248
C1_2,xvect,it0133,0.9536577463150024,0.9648752808570862
C1_2,xvect,it0134,0.9643851518630981,0.9661579132080078
C1_2,xvect,it0135,0.9439758658409119,0.9520539045333862
C1_2,xvect,it0136,0.9433273673057556,0.9547730088233948
C1_2,xvect,it0137,0.9524610042572021,0.9616231918334961
C1_2,xvect,it0138,0.9346227645874023,0.9679112434387207
C1_2,xvect,it0139,0.9130280017852783,0.927210807800293
C1_2,xvect,it0140,0.9315105676651001,0.934486985206604
C1_2,xvect,it0141,0.9482085704803467,0.9652442336082458
C1_2,xvect,it0142,0.9422644972801208,0.9387935996055603
C1_2,xvect,it0143,0.9667674899101257,0.9702561497688293
C1_2,xvect,it0144,0.9599097967147827,0.9628564715385437
C1_2,xvect,it0145,0.9342880845069885,0.947189211845398
C1_2,xvect,it0146,0.9470811486244202,0.9502363204956055
C1_2,xvect,it0147,0.9441625475883484,0.9404631853103638
C1_2,xvect,it0148,0.927056610584259,0.9477156400680542
C1_2,xvect,it0149,0.9408831000328064,0.959385097026825
C1_2,xvect,it0150,0.9362735748291016,0.9345698356628418
C1_2,xvect,it0151,0.9656313061714172,0.9665329456329346
C1_2,xvect,it0152,0.9618952870368958,0.9617521166801453
C1_2,xvect,it0153,0.9157897233963013,0.9313867688179016
C1_2,xvect,it0154,0.9339559674263,0.9486994743347168
C1_2,xvect,it0155,0.9581996202468872,0.9625352025032043
C1_2,xvect,it0156,0.9394731521606445,0.9582757949829102
C1_2,xvect,it0157,0.9643293619155884,0.9678994417190552
C1_2,xvect,it0158,0.9607060551643372,0.9617896676063538
C1_2,xvect,it0159,0.9496509432792664,0.9518370628356934
C1_2,xvect,it0160,0.9616457223892212,0.9356486201286316
C1_2,xvect,it0161,0.9570660591125488,0.960419237613678
C1_2,xvect,it0162,0.9486278295516968,0.9578599333763123
C1_2,xvect,it0163,0.9745312929153442,0.9678539633750916
C1_2,xvect,it0164,0.9547024369239807,0.9556416273117065
C1_2,xvect,it0165,0.9468313455581665,0.9484102725982666
C1_2,xvect,it0166,0.9490285515785217,0.9575083255767822
C1_2,xvect,it0167,0.9477732181549072,0.9524486064910889
C1_2,xvect,it0168,0.9398128986358643,0.9429530501365662
C1_2,xvect,it0169,0.9580327868461609,0.9687578678131104
C1_2,xvect,it0170,0.940929114818573,0.9457099437713623
C1_2,xvect,it0171,0.9366707801818848,0.9602228403091431
C1_2,xvect,it0172,0.9253509044647217,0.9260105490684509
C1_2,xvect,it0173,0.9652205109596252,0.9626427888870239
C1_2,xvect,it0174,0.9455212354660034,0.9325611591339111
C1_2,xvect,it0175,0.9499914050102234,0.9575290679931641
C1_2,xvect,it0176,0.942619800567627,0.9457532167434692
C1_2,xvect,it0177,0.915484607219696,0.9415174126625061
C1_2,xvect,it0178,0.9440759420394897,0.9525097608566284
C1_2,xvect,it0179,0.9570383429527283,0.9617724418640137
C1_2,xvect,it0180,0.9575411677360535,0.9462813138961792
C1_2,xvect,it0181,0.9672382473945618,0.967499852180481
C1_2,xvect,it0182,0.9422231912612915,0.9565287232398987
C1_2,xvect,it0183,0.9629557132720947,0.9664386510848999
C1_2,xvect,it0184,0.9298986196517944,0.9390172958374023
C1_2,xvect,it0185,0.9365304112434387,0.9496365785598755
C1_2,xvect,it0186,0.8887038230895996,0.9350049495697021
C1_2,xvect,it0187,0.9311483502388,0.9482676386833191
C1_2,xvect,it0188,0.9505002498626709,0.9581485390663147
C1_2,xvect,it0189,0.9438565373420715,0.9544010758399963
C1_2,xvect,it0190,0.9531342387199402,0.9599918127059937
C1_2,xvect,it0191,0.9501316547393799,0.9627373814582825
C1_2,xvect,it0192,0.9406943917274475,0.9519006609916687
C1_2,xvect,it0193,0.9590327739715576,0.9707927703857422
C1_2,xvect,it0194,0.9559098482131958,0.9653483629226685
C1_2,xvect,it0195,0.947688102722168,0.9585647583007812
C1_2,xvect,it0196,0.9508060216903687,0.9607207775115967
C1_2,xvect,it0197,0.9285768270492554,0.9411488175392151
C1_2,xvect,it0198,0.8974060416221619,0.9465726017951965
C1_2,xvect,it0199,0.9556330442428589,0.9626467227935791
C1_2,wavlm_base_plus,it0000,0.8996832370758057,0.9300627112388611
C1_2,wavlm_base_plus,it0001,0.9026516079902649,0.8979461193084717
C1_2,wavlm_base_plus,it0002,0.9438394904136658,0.8816028237342834
C1_2,wavlm_base_plus,it0003,0.9175664186477661,0.9033533334732056
C1_2,wavlm_base_plus,it0004,0.9340376257896423,0.9712479114532471
C1_2,wavlm_base_plus,it0005,0.9031786322593689,0.9367464184761047
C1_2,wavlm_base_plus,it0006,0.8779455423355103,0.8649784326553345
C1_2,wavlm_base_plus,it0007,0.934403657913208,0.9344488978385925
C1_2,wavlm_base_plus,it0008,0.901488184928894,0.9398297071456909
C1_2,wavlm_base_plus,it0009,0.981130063533783,0.9671869277954102
C1_2,wavlm_base_plus,it0010,0.8539748787879944,0.930420458316803
C1_2,wavlm_base_plus,it0011,0.9427853226661682,0.949003279209137
C1_2,wavlm_base_plus,it0012,0.8489658236503601,0.8514797687530518
C1_2,wavlm_base_plus,it0013,0.9408385157585144,0.9616096019744873
C1_2,wavlm_base_plus,it0014,0.8322409391403198,0.9479256868362427
C1_2,wavlm_base_plus,it0015,0.9171662330627441,0.9366410374641418
C1_2,wavlm_base_plus,it0016,0.853307843208313,0.9459278583526611
C1_2,wavlm_base_plus,it0017,0.9264742732048035,0.931965708732605
C1_2,wavlm_base_plus,it0018,0.8109089136123657,0.894665539264679
C1_2,wavlm_base_plus,it0019,0.9713904857635498,0.9603028893470764
C1_2,wavlm_base_plus,it0020,0.7294232249259949,0.9616219401359558
C1_2,wavlm_base_plus,it0021,0.8895840644836426,0.9351537227630615
C1_2,wavlm_base_plus,it0022,0.9087446331977844,0.9496976137161255
C1_2,wavlm_base_plus,it0023,0.9464448094367981,0.9678182005882263
C1_2,wavlm_base_plus,it0024,0.9168224334716797,0.951988160610199
C1_2,wavlm_base_plus,it0025,0.9509179592132568,0.9224672913551331
C1_2,wavlm_base_plus,it0026,0.8106521964073181,0.7921545505523682
C1_2,wavlm_base_plus,it0027,0.936090350151062,0.9018862247467041
C1_2,wavlm_base_plus,it0028,0.9547449350357056,0.9293042421340942
C1_2,wavlm_base_plus,it0029,0.8861205577850342,0.8597798943519592
C1_2,wavlm_base_plus,it0030,0.918470561504364,0.9427419900894165
C1_2,wavlm_base_plus,it0031,0.9719398021697998,0.9796494245529175
C1_2,wavlm_base_plus,it0032,0.9126445651054382,0.9199123978614807
C1_2,wavlm_base_plus,it0033,0.7783400416374207,0.8863904476165771
C1_2,wavlm_base_plus,it0034,0.7415274381637573,0.7851014733314514
C1_2,wavlm_base_plus,it0035,0.798014223575592,0.8183275461196899
C1_2,wavlm_base_plus,it0036,0.9563912749290466,0.959688663482666
C1_2,wavlm_base_plus,it0037,0.9430954456329346,0.9707837104797363
C1_2,wavlm_base_plus,it0038,0.9018073678016663,0.910760760307312
C1_2,wavlm_base_plus,it0039,0.9439425468444824,0.9179050922393799
C1_2,wavlm_base_plus,it0040,0.7559493780136108,0.8045315146446228
C1_2,wavlm_base_plus,it0041,0.9475693702697754,0.9687334895133972
C1_2,wavlm_base_plus,it0042,0.8766568303108215,0.8774052858352661
C1_2,wavlm_base_plus,it0043,0.8830236196517944,0.8914473056793213
C1_2,wavlm_base_plus,it0044,0.8988544940948486,0.9441976547241211
C1_2,wavlm_base_plus,it0045,0.9253751039505005,0.8765707612037659
C1_2,wavlm_base_plus,it0046,0.7433464527130127,0.8599811792373657
C1_2,wavlm_base_plus,it0047,0.7808618545532227,0.8102904558181763
C1_2,wavlm_base_plus,it0048,0.9588030576705933,0.9309291839599609
C1_2,wavlm_base_plus,it0049,0.912009596824646,0.8632354736328125
C1_2,wavlm_base_plus,it0050,0.5902647972106934,0.5969810485839844
C1_2,wavlm_base_plus,it0051,0.9502590298652649,0.940720796585083
C1_2,wavlm_base_plus,it0052,0.9102944135665894,0.8587032556533813
C1_2,wavlm_base_plus,it0053,0.8978536128997803,0.8653851747512817
C1_2,wavlm_base_plus,it0054,0.8369381427764893,0.8471190929412842
C1_2,wavlm_base_plus,it0055,0.9608768224716187,0.9734333753585815
C1_2,wavlm_base_plus,it0056,0.913669764995575,0.9533217549324036
C1_2,wavlm_base_plus,it0057,0.8783426284790039,0.9087843894958496
C1_2,wavlm_base_plus,it0058,0.89192795753479,0.8933002352714539
C1_2,wavlm_base_plus,it0059,0.9658225178718567,0.9747177362442017
C1_2,wavlm_base_plus,it0060,0.7050480842590332,0.8550926446914673
C1_2,wavlm_base_plus,it0061,0.90888911485672,0.9231983423233032
C1_2,wavlm_base_plus,it0062,0.9077262282371521,0.9373101592063904
C1_2,wavlm_base_plus,it0063,0.6361790299415588,0.7044479846954346
C1_2,wavlm_base_plus,it0064,0.8605711460113525,0.8630473613739014
C1_2,wavlm_base_plus,it0065,0.959262490272522,0.9672694802284241
C1_2,wavlm_base_plus,it0066,0.7933168411254883,0.900291383266449
C1_2,wavlm_base_plus,it0067,0.863822340965271,0.9157260060310364
C1_2,wavlm_base_plus,it0068,0.9450818300247192,0.9346895217895508
C1_2,wavlm_base_plus,it0069,0.8268114924430847,0.9387438297271729
C1_2,wavlm_base_plus,it0070,0.8956875801086426,0.9522820711135864
C1_2,wavlm_base_plus,it0071,0.9072631597518921,0.8817858099937439
C1_2,wavlm_base_plus,it0072,0.9603748321533203,0.9692293405532837
C1_2,wavlm_base_plus,it0073,0.6965126395225525,0.8051298260688782
C1_2,wavlm_base_plus,it0074,0.45605021715164185,0.571571946144104
C1_2,wavlm_base_plus,it0075,0.9190038442611694,0.9416122436523438
C1_2,wavlm_base_plus,it0076,0.8644621968269348,0.876298189163208
C1_2,wavlm_base_plus,it0077,0.8875886797904968,0.8687108755111694
C1_2,wavlm_base_plus,it0078,0.868412435054779,0.8961526155471802
C1_2,wavlm_base_plus,it0079,0.9788156151771545,0.9490844011306763
C1_2,wavlm_base_plus,it0080,0.9138025641441345,0.9061568975448608
C1_2,wavlm_base_plus,it0081,0.8948779106140137,0.9010180830955505
C1_2,wavlm_base_plus,it0082,0.9353023171424866,0.9349127411842346
C1_2,wavlm_base_plus,it0083,0.969880223274231,0.9578636288642883
C1_2,wavlm_base_plus,it0084,0.8986369967460632,0.9181874990463257
C1_2,wavlm_base_plus,it0085,0.9389212131500244,0.9188750982284546
C1_2,wavlm_base_plus,it0086,0.918660581111908,0.9139282703399658
C1_2,wavlm_base_plus,it0087,0.9132145047187805,0.9124990105628967
C1_2,wavlm_base_plus,it0088,0.9000216722488403,0.9142601490020752
C1_2,wavlm_base_plus,it0089,0.8823366165161133,0.8862278461456299
C1_2,wavlm_base_plus,it0090,0.9547106027603149,0.9064129590988159
C1_2,wavlm_base_plus,it0091,0.9291632771492004,0.9374285340309143
C1_2,wavlm_base_plus,it0092,0.8431379795074463,0.9228248000144958
C1_2,wavlm_base_plus,it0093,0.8482539057731628,0.9527491927146912
C1_2,wavlm_base_plus,it0094,0.9146410822868347,0.9247803688049316
C1_2,wavlm_base_plus,it0095,0.8954353928565979,0.9202929139137268
C1_2,wavlm_base_plus,it0096,0.9742491245269775,0.9236252307891846
C1_2,wavlm_base_plus,it0097,0.9310991764068604,0.9464173316955566
C1_2,wavlm_base_plus,it0098,0.9580445289611816,0.8824192881584167
C1_2,wavlm_base_plus,it0099,0.6745038032531738,0.7172532081604004
C1_2,wavlm_base_plus,it0100,0.9135819673538208,0.9480128884315491
C1_2,wavlm_base_plus,it0101,0.822386622428894,0.864973783493042
C1_2,wavlm_base_plus,it0102,0.9194405674934387,0.9207398891448975
C1_2,wavlm_base_plus,it0103,0.8862883448600769,0.9339048862457275
C1_2,wavlm_base_plus,it0104,0.755204975605011,0.9138420820236206
C1_2,wavlm_base_plus,it0105,0.7709892988204956,0.8666654229164124
C1_2,wavlm_base_plus,it0106,0.8720899820327759,0.910487949848175
C1_2,wavlm_base_plus,it0107,0.7828750610351562,0.9215056300163269
C1_2,wavlm_base_plus,it0108,0.9016044735908508,0.9389111995697021
C1_2,wavlm_base_plus,it0109,0.9584730267524719,0.9038060903549194
C1_2,wavlm_base_plus,it0110,0.664698600769043,0.7040596604347229
C1_2,wavlm_base_plus,it0111,0.9315218329429626,0.9509281516075134
C1_2,wavlm_base_plus,it0112,0.9493069052696228,0.9359050393104553
C1_2,wavlm_base_plus,it0113,0.9569814205169678,0.9482648372650146
C1_2,wavlm_base_plus,it0114,0.9004788994789124,0.9133116006851196
C1_2,wavlm_base_plus,it0115,0.8607286810874939,0.8389743566513062
C1_2,wavlm_base_plus,it0116,0.8702255487442017,0.9347304701805115
C1_2,wavlm_base_plus,it0117,0.9386953711509705,0.9342778921127319
C1_2,wavlm_base_plus,it0118,0.8501758575439453,0.8951431512832642
C1_2,wavlm_base_plus,it0119,0.9339967966079712,0.8944748640060425
C1_2,wavlm_base_plus,it0120,0.9462743997573853,0.9687155485153198
C1_2,wavlm_base_plus,it0121,0.9001551866531372,0.9504199028015137
C1_2,wavlm_base_plus,it0122,0.9617904424667358,0.9228085875511169
C1_2,wavlm_base_plus,it0123,0.9464269876480103,0.9504837393760681
C1_2,wavlm_base_plus,it0124,0.9130645990371704,0.9363674521446228
C1_2,wavlm_base_plus,it0125,0.9388191103935242,0.9564878344535828
C1_2,wavlm_base_plus,it0126,0.920418918132782,0.922586977481842
C1_2,wavlm_base_plus,it0127,0.8684309124946594,0.8799716830253601
C1_2,wavlm_base_plus,it0128,0.9097012281417847,0.9549393653869629
C1_2,wavlm_base_plus,it0129,0.7305073738098145,0.8692996501922607
C1_2,wavlm_base_plus,it0130,0.8243558406829834,0.879193127155304
C1_2,wavlm_base_plus,it0131,0.9570352435112,0.9745618104934692
C1_2,wavlm_base_plus,it0132,0.7477966547012329,0.7937714457511902
C1_2,wavlm_base_plus,it0133,0.9076856374740601,0.911381185054779
C1_2,wavlm_base_plus,it0134,0.9012529850006104,0.9393565654754639
C1_2,wavlm_base_plus,it0135,0.8324893712997437,0.9560458660125732
C1_2,wavlm_base_plus,it0136,0.846462607383728,0.8808121681213379
C1_2,wavlm_base_plus,it0137,0.8696772456169128,0.8917000889778137
C1_2,wavlm_base_plus,it0138,0.8913209438323975,0.9393939971923828
C1_2,wavlm_base_plus,it0139,0.8989391922950745,0.952680766582489
C1_2,wavlm_base_plus,it0140,0.8732995390892029,0.9319326281547546
C1_2,wavlm_base_plus,it0141,0.9548671245574951,0.955951988697052
C1_2,wavlm_base_plus,it0142,0.8690531253814697,0.8428433537483215
C1_2,wavlm_base_plus,it0143,0.8514399528503418,0.9503803253173828
C1_2,wavlm_base_plus,it0144,0.9343633651733398,0.9247969388961792
C1_2,wavlm_base_plus,it0145,0.8687142133712769,0.8685516715049744
C1_2,wavlm_base_plus,it0146,0.9427271485328674,0.9418905377388
C1_2,wavlm_base_plus,it0147,0.9150323867797852,0.9431933164596558
C1_2,wavlm_base_plus,it0148,0.7192409038543701,0.8263365626335144
C1_2,wavlm_base_plus,it0149,0.909739077091217,0.947013795375824
C1_2,wavlm_base_plus,it0150,0.926844596862793,0.9399288892745972
C1_2,wavlm_base_plus,it0151,0.8227977156639099,0.8980094790458679
C1_2,wavlm_base_plus,it0152,0.922765851020813,0.880132257938385
C1_2,wavlm_base_plus,it0153,0.9159850478172302,0.9399503469467163
C1_2,wavlm_base_plus,it0154,0.5446690320968628,0.5697200298309326
C1_2,wavlm_base_plus,it0155,0.8443077206611633,0.9000983238220215
C1_2,wavlm_base_plus,it0156,0.8240852952003479,0.8903988599777222
C1_2,wavlm_base_plus,it0157,0.9364665150642395,0.9468286037445068
C1_2,wavlm_base_plus,it0158,0.9048125743865967,0.9562273025512695
C1_2,wavlm_base_plus,it0159,0.9028407335281372,0.9278224110603333
C1_2,wavlm_base_plus,it0160,0.9329854249954224,0.9448366165161133
C1_2,wavlm_base_plus,it0161,0.9295234084129333,0.9509661197662354
C1_2,wavlm_base_plus,it0162,0.9301387667655945,0.9061824083328247
C1_2,wavlm_base_plus,it0163,0.8663846254348755,0.8494226932525635
C1_2,wavlm_base_plus,it0164,0.925529956817627,0.8979558348655701
C1_2,wavlm_base_plus,it0165,0.7163835763931274,0.7102077603340149
C1_2,wavlm_base_plus,it0166,0.8175808787345886,0.8818877935409546
C1_2,wavlm_base_plus,it0167,0.917285680770874,0.9556789398193359
C1_2,wavlm_base_plus,it0168,0.9113062620162964,0.9466955065727234
C1_2,wavlm_base_plus,it0169,0.9126819372177124,0.9517897963523865
C1_2,wavlm_base_plus,it0170,0.8726286292076111,0.9286481142044067
C1_2,wavlm_base_plus,it0171,0.9280733466148376,0.9468951225280762
C1_2,wavlm_base_plus,it0172,0.8680091500282288,0.8468300104141235
C1_2,wavlm_base_plus,it0173,0.9658082127571106,0.9635656476020813
C1_2,wavlm_base_plus,it0174,0.8010687828063965,0.8867875337600708
C1_2,wavlm_base_plus,it0175,0.9076423645019531,0.9147459864616394
C1_2,wavlm_base_plus,it0176,0.9508355259895325,0.9143158793449402
C1_2,wavlm_base_plus,it0177,0.8929411172866821,0.9033522009849548
C1_2,wavlm_base_plus,it0178,0.8911136984825134,0.9190054535865784
C1_2,wavlm_base_plus,it0179,0.920458197593689,0.936752200126648
C1_2,wavlm_base_plus,it0180,0.9391827583312988,0.9518848657608032
C1_2,wavlm_base_plus,it0181,0.8373259902000427,0.8480153679847717
C1_2,wavlm_base_plus,it0182,0.9493183493614197,0.9743955135345459
C1_2,wavlm_base_plus,it0183,0.9570336937904358,0.9730877876281738
C1_2,wavlm_base_plus,it0184,0.8107073307037354,0.8036130666732788
C1_2,wavlm_base_plus,it0185,0.9181500673294067,0.9280912280082703
C1_2,wavlm_base_plus,it0186,0.9577447175979614,0.9508472681045532
C1_2,wavlm_base_plus,it0187,0.8524022102355957,0.9161663055419922
C1_2,wavlm_base_plus,it0188,0.9398196935653687,0.8417049050331116
C1_2,wavlm_base_plus,it0189,0.8731915950775146,0.9120281934738159
C1_2,wavlm_base_plus,it0190,0.960885763168335,0.947429895401001
C1_2,wavlm_base_plus,it0191,0.9658509492874146,0.9709329605102539
C1_2,wavlm_base_plus,it0192,0.9457417726516724,0.9659895896911621
C1_2,wavlm_base_plus,it0193,0.8965697288513184,0.9233183264732361
C1_2,wavlm_base_plus,it0194,0.916047990322113,0.9395112991333008
C1_2,wavlm_base_plus,it0195,0.9251993298530579,0.972559928894043
C1_2,wavlm_base_plus,it0196,0.8384284377098083,0.9355010390281677
C1_2,wavlm_base_plus,it0197,0.9484382271766663,0.9002097249031067
C1_2,wavlm_base_plus,it0198,0.8976806402206421,0.9706282615661621
C1_2,wavlm_base_plus,it0199,0.9284744262695312,0.9485623836517334
