config,seed,T,nfe,budget,width,depth,n_nonembed,c_layer_ms,latency_ms,wer,wer_se,sim,sim_se,utmos,degen_rate,crash_rate,n_items,err_wer,err_sim,err_ut
A3,0,1,8,A,384,12,21243264,0.513961911201477,49.3403434753418,1.25981927434296,0.08518211507946648,0.19805032631382347,0.008147062279635324,1.5032283693552018,0.42,0.0,200,1.25981927434296,0.8019496736861765,-1.5032283693552018
A3,0,2,16,A,384,12,21243264,0.513961911201477,98.6806869506836,0.8888856102324033,0.061418195402958196,0.26359716190956534,0.008886641822806686,1.8866180634498597,0.125,0.0,200,0.8888856102324033,0.7364028380904346,-1.8866180634498597
A3,0,4,32,A,384,12,21243264,0.513961911201477,197.3613739013672,0.37718365221957006,0.022565251945806435,0.3106705135200173,0.009275097291505833,2.4108156895637514,0.02,0.0,200,0.37718365221957006,0.6893294864799827,-2.4108156895637514
A3,0,8,64,A,384,12,21243264,0.513961911201477,394.7227478027344,0.19226533895221387,0.011359101919796766,0.3417756322957575,0.008854244915122303,2.741721816062927,0.0,0.0,200,0.19226533895221387,0.6582243677042425,-2.741721816062927
A3,0,16,128,A,384,12,21243264,0.513961911201477,789.4454956054688,0.19422907944487522,0.05486777869724665,0.355581584663596,0.009143060195672586,2.9474336636066436,0.005,0.0,200,0.19422907944487522,0.644418415336404,-2.9474336636066436
A3,0,24,192,A,384,12,21243264,0.513961911201477,1184.1682434082031,0.1268442173925605,0.009292787959584202,0.3513276751874946,0.009386128835217097,2.992230110168457,0.0,0.0,200,0.1268442173925605,0.6486723248125055,-2.992230110168457
A3,0,32,256,A,384,12,21243264,0.513961911201477,1578.8909912109375,0.12705374920627033,0.009447532877538951,0.360114230569452,0.00958268259699324,2.993064513206482,0.0,0.0,200,0.12705374920627033,0.639885769430548,-2.993064513206482
A3,0,64,512,A,384,12,21243264,0.513961911201477,3157.781982421875,0.10664298718114626,0.008054202833676492,0.3627915008924901,0.009454190942602919,3.041613249182701,0.0,0.0,200,0.10664298718114626,0.6372084991075099,-3.041613249182701
A3,1,1,8,A,384,12,21243264,0.513961911201477,49.3403434753418,1.1032573761209374,0.0656280050779195,0.20258901319932193,0.0075133100611766345,1.5049807900190353,0.435,0.0,200,1.1032573761209374,0.797410986800678,-1.5049807900190353
A3,1,2,16,A,384,12,21243264,0.513961911201477,98.6806869506836,0.8037689674090632,0.048658864158182775,0.25967586869839576,0.008608069279565618,1.88244952917099,0.075,0.0,200,0.8037689674090632,0.7403241313016042,-1.88244952917099
A3,1,4,32,A,384,12,21243264,0.513961911201477,197.3613739013672,0.32710559172923426,0.01483139099156527,0.3119607777521014,0.009123697872602447,2.3872137689590454,0.01,0.0,200,0.32710559172923426,0.6880392222478986,-2.3872137689590454
A3,1,8,64,A,384,12,21243264,0.513961911201477,394.7227478027344,0.20587695072618412,0.012772704009942478,0.3385021728836,0.009310093426839043,2.7472401428222657,0.0,0.0,200,0.20587695072618412,0.6614978271164,-2.7472401428222657
A3,1,16,128,A,384,12,21243264,0.513961911201477,789.4454956054688,0.1470769981019534,0.009205724489136702,0.34756085511296986,0.00926536802351542,2.914219717979431,0.0,0.0,200,0.1470769981019534,0.6524391448870301,-2.914219717979431
A3,1,24,192,A,384,12,21243264,0.513961911201477,1184.1682434082031,0.13706660157038766,0.009129090481657496,0.34152173858135937,0.009893559896526766,2.9609308290481566,0.0,0.0,200,0.13706660157038766,0.6584782614186406,-2.9609308290481566
A3,1,32,256,A,384,12,21243264,0.513961911201477,1578.8909912109375,0.11708140810745302,0.007850813405845218,0.3486287323012948,0.009772881392568631,2.974752984046936,0.0,0.0,200,0.11708140810745302,0.6513712676987051,-2.974752984046936
A3,1,64,512,A,384,12,21243264,0.513961911201477,3157.781982421875,0.1227434876581228,0.009042510237096676,0.3520983604970388,0.009612629491983738,3.0243061023950575,0.0,0.0,200,0.1227434876581228,0.6479016395029612,-3.0243061023950575
A3,2,1,8,A,384,12,21243264,0.513961911201477,49.3403434753418,1.170361049781601,0.08225617077022154,0.20166973270941527,0.007345154514085079,1.5507671511173249,0.375,0.0,200,1.170361049781601,0.7983302672905848,-1.5507671511173249
A3,2,2,16,A,384,12,21243264,0.513961911201477,98.6806869506836,0.878200882671984,0.053407099774097105,0.2580105194635689,0.008280457645668647,1.9191598504781724,0.12,0.0,200,0.878200882671984,0.7419894805364311,-1.9191598504781724
A3,2,4,32,A,384,12,21243264,0.513961911201477,197.3613739013672,0.3530276374048133,0.014751127753371614,0.31241143910214303,0.008783720130418745,2.4634617245197297,0.0,0.0,200,0.3530276374048133,0.6875885608978569,-2.4634617245197297
A3,2,8,64,A,384,12,21243264,0.513961911201477,394.7227478027344,0.20734197078295444,0.010561295845056587,0.3407949607633054,0.008945869355886869,2.7773997873067855,0.0,0.0,200,0.20734197078295444,0.6592050392366946,-2.7773997873067855
A3,2,16,128,A,384,12,21243264,0.513961911201477,789.4454956054688,0.1768849066379754,0.010743282882358091,0.3498209910839796,0.009198182989902322,2.960065725445747,0.0,0.0,200,0.1768849066379754,0.6501790089160204,-2.960065725445747
A3,2,24,192,A,384,12,21243264,0.513961911201477,1184.1682434082031,0.16894806720281552,0.009802253739365236,0.35071736020967365,0.009303786007390027,3.006455088853836,0.0,0.0,200,0.16894806720281552,0.6492826397903264,-3.006455088853836
A3,2,32,256,A,384,12,21243264,0.513961911201477,1578.8909912109375,0.16866373679407856,0.010505620948860728,0.34988518004305663,0.008990337178978755,3.024451444149017,0.005,0.0,200,0.16866373679407856,0.6501148199569433,-3.024451444149017
A3,2,64,512,A,384,12,21243264,0.513961911201477,3157.781982421875,0.16296911464033306,0.010087917810232331,0.35023569270968435,0.009635847598373963,3.0579569011926653,0.0,0.0,200,0.16296911464033306,0.6497643072903156,-3.0579569011926653
B3,0,1,8,B,512,16,50348544,0.4931086301803589,63.11790466308594,1.160096517689444,0.05934783193361358,0.21519823699723928,0.008026074130882672,1.5121347361803055,0.455,0.0,200,1.160096517689444,0.7848017630027607,-1.5121347361803055
B3,0,2,16,B,512,16,50348544,0.4931086301803589,126.23580932617188,0.7590403457065577,0.02719730280011405,0.28574773694388567,0.008766436762013625,1.9041227895021438,0.09,0.0,200,0.7590403457065577,0.7142522630561143,-1.9041227895021438
B3,0,4,32,B,512,16,50348544,0.4931086301803589,252.47161865234375,0.31850145075957287,0.014979204632544296,0.3282432672660798,0.009313189219759224,2.4788978695869446,0.005,0.0,200,0.31850145075957287,0.6717567327339202,-2.4788978695869446
B3,0,8,64,B,512,16,50348544,0.4931086301803589,504.9432373046875,0.17952023849242432,0.01071864379912391,0.3643445716891438,0.009530794387651923,2.7917432433366773,0.0,0.0,200,0.17952023849242432,0.6356554283108562,-2.7917432433366773
B3,0,16,128,B,512,16,50348544,0.4931086301803589,1009.886474609375,0.1337844107663499,0.014644266419274358,0.38379832848906514,0.009981558237544682,2.9740014165639876,0.005,0.0,200,0.1337844107663499,0.6162016715109349,-2.9740014165639876
B3,0,24,192,B,512,16,50348544,0.4931086301803589,1514.8297119140625,0.10947230164861661,0.008706869191889585,0.3814164692349732,0.009829478407252016,3.0202827990055083,0.0,0.0,200,0.10947230164861661,0.6185835307650268,-3.0202827990055083
B3,0,32,256,B,512,16,50348544,0.4931086301803589,2019.77294921875,0.1155160711777049,0.008325730587862316,0.3757448491919786,0.009619997538034004,3.0320853281021116,0.0,0.0,200,0.1155160711777049,0.6242551508080214,-3.0320853281021116
B3,0,64,512,B,512,16,50348544,0.4931086301803589,4039.5458984375,0.10161911143503455,0.00750968976615507,0.37445589259266854,0.009759616180648724,3.0624110037088395,0.0,0.0,200,0.10161911143503455,0.6255441074073315,-3.0624110037088395
B3,1,1,8,B,512,16,50348544,0.4931086301803589,63.11790466308594,1.181663462266526,0.07010588621791962,0.20593142656609417,0.008215657215410751,1.5148594212532043,0.355,0.0,200,1.181663462266526,0.7940685734339058,-1.5148594212532043
B3,1,2,16,B,512,16,50348544,0.4931086301803589,126.23580932617188,0.7405470455796948,0.03597594924557706,0.29430076921358705,0.008395564138936997,1.9505975925922394,0.07,0.0,200,0.7405470455796948,0.705699230786413,-1.9505975925922394
B3,1,4,32,B,512,16,50348544,0.4931086301803589,252.47161865234375,0.3042276692149777,0.015171240142558934,0.33975837244652213,0.009421656533876202,2.486464917063713,0.005,0.0,200,0.3042276692149777,0.6602416275534779,-2.486464917063713
B3,1,8,64,B,512,16,50348544,0.4931086301803589,504.9432373046875,0.19234899773481995,0.011063804956551244,0.3620136919990182,0.009083915140441214,2.800399838089943,0.0,0.0,200,0.19234899773481995,0.6379863080009818,-2.800399838089943
B3,1,16,128,B,512,16,50348544,0.4931086301803589,1009.886474609375,0.13751269992736476,0.009576355000323077,0.38228392001241446,0.008745834990852297,2.968150994181633,0.0,0.0,200,0.13751269992736476,0.6177160799875856,-2.968150994181633
B3,1,24,192,B,512,16,50348544,0.4931086301803589,1514.8297119140625,0.14203079986314562,0.0105562875431308,0.37766050377860666,0.009804514249794885,3.0248498129844665,0.0,0.0,200,0.14203079986314562,0.6223394962213933,-3.0248498129844665
B3,1,32,256,B,512,16,50348544,0.4931086301803589,2019.77294921875,0.12819108118541617,0.009288236728141957,0.3713058076240122,0.009576746930110593,3.068016431927681,0.0,0.0,200,0.12819108118541617,0.6286941923759878,-3.068016431927681
B3,1,64,512,B,512,16,50348544,0.4931086301803589,4039.5458984375,0.16133925539629834,0.03338931735131445,0.37756140833720564,0.009585275696434907,3.0763233524560927,0.01,0.0,200,0.16133925539629834,0.6224385916627944,-3.0763233524560927
B3,2,1,8,B,512,16,50348544,0.4931086301803589,63.11790466308594,1.0561119536973853,0.03677262872866237,0.2269973588269204,0.007892689492009983,1.5191901713609695,0.4,0.0,200,1.0561119536973853,0.7730026411730796,-1.5191901713609695
B3,2,2,16,B,512,16,50348544,0.4931086301803589,126.23580932617188,0.6725185797104595,0.032706992189085564,0.29386868378147485,0.008692848203969157,1.966125237941742,0.08,0.0,200,0.6725185797104595,0.7061313162185252,-1.966125237941742
B3,2,4,32,B,512,16,50348544,0.4931086301803589,252.47161865234375,0.23876953578391283,0.012730706718060578,0.343992808163166,0.009875429991252384,2.522094389796257,0.005,0.0,200,0.23876953578391283,0.656007191836834,-2.522094389796257
B3,2,8,64,B,512,16,50348544,0.4931086301803589,504.9432373046875,0.13815976290017834,0.009437167011039672,0.36607952871359883,0.009881583508328922,2.8454317915439606,0.0,0.0,200,0.13815976290017834,0.6339204712864012,-2.8454317915439606
B3,2,16,128,B,512,16,50348544,0.4931086301803589,1009.886474609375,0.09933610490655581,0.008014471854474795,0.37019764706492425,0.00979076093094531,3.0102891016006468,0.0,0.0,200,0.09933610490655581,0.6298023529350758,-3.0102891016006468
B3,2,24,192,B,512,16,50348544,0.4931086301803589,1514.8297119140625,0.09504959433157661,0.00789255777042682,0.37120694799348714,0.010464369693805719,3.0540348798036576,0.0,0.0,200,0.09504959433157661,0.6287930520065128,-3.0540348798036576
B3,2,32,256,B,512,16,50348544,0.4931086301803589,2019.77294921875,0.10125531540386859,0.00825843699173793,0.37192830618470907,0.01005462432838625,3.0495902699232103,0.0,0.0,200,0.10125531540386859,0.6280716938152909,-3.0495902699232103
B3,2,64,512,B,512,16,50348544,0.4931086301803589,4039.5458984375,0.08721616810661552,0.007108419491879226,0.38119840089231727,0.009651227745472326,3.0912248098850252,0.0,0.0,200,0.08721616810661552,0.6188015991076827,-3.0912248098850252
C1,0,1,8,C,1152,8,127421568,0.5018264055252075,32.11688995361328,1.0960555138150454,0.04734047129269428,0.21124501524027436,0.00764496218864594,1.512405148744583,0.4,0.0,200,1.0960555138150454,0.7887549847597256,-1.512405148744583
C1,0,2,16,C,1152,8,127421568,0.5018264055252075,64.23377990722656,0.7230917676421384,0.0302987532749204,0.2937398355640471,0.008556039382567045,1.9467893272638321,0.09,0.0,200,0.7230917676421384,0.706260164435953,-1.9467893272638321
C1,0,4,32,C,1152,8,127421568,0.5018264055252075,128.46755981445312,0.3173799740153424,0.015601129220487654,0.3404502372816205,0.009500996679826915,2.5250442951917647,0.005,0.0,200,0.3173799740153424,0.6595497627183795,-2.5250442951917647
C1,0,8,64,C,1152,8,127421568,0.5018264055252075,256.93511962890625,0.18145592207942995,0.010022637115486111,0.3640168540319428,0.009537773084254936,2.8083508068323138,0.0,0.0,200,0.18145592207942995,0.6359831459680572,-2.8083508068323138
C1,0,16,128,C,1152,8,127421568,0.5018264055252075,513.8702392578125,0.12832553631620883,0.008669581575554211,0.36696324663236735,0.009863872109847696,2.9931045079231264,0.0,0.0,200,0.12832553631620883,0.6330367533676327,-2.9931045079231264
C1,0,24,192,C,1152,8,127421568,0.5018264055252075,770.8053588867188,0.12912907361014123,0.008650620827972121,0.38507295710034667,0.009518142783058353,3.021982850432396,0.0,0.0,200,0.12912907361014123,0.6149270428996534,-3.021982850432396
C1,0,32,256,C,1152,8,127421568,0.5018264055252075,1027.740478515625,0.1245759322192625,0.00871968958861241,0.36978667370975016,0.009663431477193314,3.0684156876802446,0.0,0.0,200,0.1245759322192625,0.6302133262902498,-3.0684156876802446
C1,0,64,512,C,1152,8,127421568,0.5018264055252075,2055.48095703125,0.11785579651902214,0.008984875536234279,0.37211420389823613,0.010183606502733512,3.0773099088668823,0.0,0.0,200,0.11785579651902214,0.6278857961017639,-3.0773099088668823
C1,1,1,8,C,1152,8,127421568,0.5018264055252075,32.11688995361328,1.1280930306121573,0.04366736478528133,0.21884930721018464,0.008058977078695495,1.5395151942968368,0.365,0.0,200,1.1280930306121573,0.7811506927898153,-1.5395151942968368
C1,1,2,16,C,1152,8,127421568,0.5018264055252075,64.23377990722656,0.840512538218875,0.04025932727532934,0.28430860649328676,0.008505034370250325,1.9621615159511565,0.075,0.0,200,0.840512538218875,0.7156913935067133,-1.9621615159511565
C1,1,4,32,C,1152,8,127421568,0.5018264055252075,128.46755981445312,0.3656835736509781,0.01492322838731184,0.3323197951726615,0.008890414980022604,2.4869065040349962,0.0,0.0,200,0.3656835736509781,0.6676802048273385,-2.4869065040349962
C1,1,8,64,C,1152,8,127421568,0.5018264055252075,256.93511962890625,0.2444312946336158,0.013289274714248117,0.3606167205097154,0.009422930870065774,2.788236777186394,0.005,0.0,200,0.2444312946336158,0.6393832794902846,-2.788236777186394
C1,1,16,128,C,1152,8,127421568,0.5018264055252075,513.8702392578125,0.2025630777788761,0.01250028111749411,0.3657920096442103,0.009293229368794084,2.952006363272667,0.005,0.0,200,0.2025630777788761,0.6342079903557897,-2.952006363272667
C1,1,24,192,C,1152,8,127421568,0.5018264055252075,770.8053588867188,0.17750071195372855,0.010848548744229506,0.36519129121676086,0.00989034804095723,3.010264860987663,0.0,0.0,200,0.17750071195372855,0.6348087087832391,-3.010264860987663
C1,1,32,256,C,1152,8,127421568,0.5018264055252075,1027.740478515625,0.15970707043191792,0.008938301717302486,0.36097218295559286,0.009816562132306686,3.0360179948806763,0.0,0.0,200,0.15970707043191792,0.6390278170444071,-3.0360179948806763
C1,1,64,512,C,1152,8,127421568,0.5018264055252075,2055.48095703125,0.1566229241857954,0.009257838767661146,0.36225873382296414,0.01025386044870278,3.0743506932258606,0.0,0.0,200,0.1566229241857954,0.6377412661770359,-3.0743506932258606
C1,2,1,8,C,1152,8,127421568,0.5018264055252075,32.11688995361328,1.121950310261337,0.0409725183960549,0.21821788601344452,0.008217697655279339,1.539723841547966,0.375,0.0,200,1.121950310261337,0.7817821139865555,-1.539723841547966
C1,2,2,16,C,1152,8,127421568,0.5018264055252075,64.23377990722656,0.8081997083081363,0.04015137868130351,0.27915929444599896,0.009100136813977106,1.9598774796724319,0.095,0.0,200,0.8081997083081363,0.720840705554001,-1.9598774796724319
C1,2,4,32,C,1152,8,127421568,0.5018264055252075,128.46755981445312,0.3874299045272946,0.015111779698347493,0.3155880393832922,0.008912904901195303,2.4683523863554,0.005,0.0,200,0.3874299045272946,0.6844119606167078,-2.4683523863554
C1,2,8,64,C,1152,8,127421568,0.5018264055252075,256.93511962890625,0.26406720064745154,0.011948272477465985,0.3451104061678052,0.009418410409456977,2.7677501595020293,0.0,0.0,200,0.26406720064745154,0.6548895938321948,-2.7677501595020293
C1,2,16,128,C,1152,8,127421568,0.5018264055252075,513.8702392578125,0.2105207804255918,0.011090438915796298,0.35260489281266927,0.010148172606609301,2.9357289719581603,0.0,0.0,200,0.2105207804255918,0.6473951071873307,-2.9357289719581603
C1,2,24,192,C,1152,8,127421568,0.5018264055252075,770.8053588867188,0.19965022692179646,0.010784219033228288,0.3501091711781919,0.009532908927270153,3.008275898694992,0.0,0.0,200,0.19965022692179646,0.6498908288218082,-3.008275898694992
C1,2,32,256,C,1152,8,127421568,0.5018264055252075,1027.740478515625,0.17814944895512352,0.010811673352834453,0.3551250595599413,0.009465219898518994,3.033759551644325,0.0,0.0,200,0.17814944895512352,0.6448749404400587,-3.033759551644325
C1,2,64,512,C,1152,8,127421568,0.5018264055252075,2055.48095703125,0.1874837205462321,0.010217094257491644,0.3528161082416773,0.009372143338622773,3.0734130185842514,0.0,0.0,200,0.1874837205462321,0.6471838917583227,-3.0734130185842514
C2,0,1,8,C,960,12,132734400,0.4928535223007202,47.31393814086914,1.1976952412502078,0.07354858715045985,0.21761306514497847,0.00821123281923912,1.504028172492981,0.395,0.0,200,1.1976952412502078,0.7823869348550215,-1.504028172492981
C2,0,2,16,C,960,12,132734400,0.4928535223007202,94.62787628173828,0.7672243718681162,0.02610944452426939,0.28570366479456427,0.008447833562429207,1.9196291476488114,0.075,0.0,200,0.7672243718681162,0.7142963352054357,-1.9196291476488114
C2,0,4,32,C,960,12,132734400,0.4928535223007202,189.25575256347656,0.40413828173215627,0.025364979022592167,0.3313799714297056,0.008612933680839374,2.4558602243661882,0.005,0.0,200,0.40413828173215627,0.6686200285702943,-2.4558602243661882
C2,0,8,64,C,960,12,132734400,0.4928535223007202,378.5115051269531,0.23303799751777407,0.011727643282808092,0.3569309135526419,0.009351670428818118,2.767176031470299,0.0,0.0,200,0.23303799751777407,0.643069086447358,-2.767176031470299
C2,0,16,128,C,960,12,132734400,0.4928535223007202,757.0230102539062,0.19352846656923653,0.012367148238290502,0.368952027624473,0.009754659538783869,2.9180364310741425,0.0,0.0,200,0.19352846656923653,0.631047972375527,-2.9180364310741425
C2,0,24,192,C,960,12,132734400,0.4928535223007202,1135.5345153808594,0.1804008183376269,0.010773885853182985,0.37149804454063995,0.00963365023662391,2.986800851225853,0.0,0.0,200,0.1804008183376269,0.62850195545936,-2.986800851225853
C2,0,32,256,C,960,12,132734400,0.4928535223007202,1514.0460205078125,0.17598371243496794,0.011056265698570707,0.37167032472789285,0.009753759918765493,3.0348283672332763,0.0,0.0,200,0.17598371243496794,0.6283296752721071,-3.0348283672332763
C2,0,64,512,C,960,12,132734400,0.4928535223007202,3028.092041015625,0.16153645360489702,0.011243466022172187,0.36595146000385287,0.009563999786549955,3.047937381863594,0.0,0.0,200,0.16153645360489702,0.6340485399961471,-3.047937381863594
C2,1,1,8,C,960,12,132734400,0.4928535223007202,47.31393814086914,1.1808812623372809,0.06459045001556753,0.21462057936005294,0.007444516626463002,1.519692594408989,0.375,0.0,200,1.1808812623372809,0.785379420639947,-1.519692594408989
C2,1,2,16,C,960,12,132734400,0.4928535223007202,94.62787628173828,0.7802558372735032,0.027647726594740924,0.2778189358767122,0.008340919464000496,1.9099490106105805,0.07,0.0,200,0.7802558372735032,0.7221810641232878,-1.9099490106105805
C2,1,4,32,C,960,12,132734400,0.4928535223007202,189.25575256347656,0.41059673234685645,0.018924205566696307,0.33306156873703,0.008724442060057121,2.4527962946891786,0.015,0.0,200,0.41059673234685645,0.66693843126297,-2.4527962946891786
C2,1,8,64,C,960,12,132734400,0.4928535223007202,378.5115051269531,0.2672239740195647,0.013952714115133531,0.34414453343488277,0.009630951398323668,2.7767089200019837,0.01,0.0,200,0.2672239740195647,0.6558554665651173,-2.7767089200019837
C2,1,16,128,C,960,12,132734400,0.4928535223007202,757.0230102539062,0.2132028101510523,0.010255610324437666,0.36139320336282255,0.009555578300401487,2.953875467777252,0.0,0.0,200,0.2132028101510523,0.6386067966371775,-2.953875467777252
C2,1,24,192,C,960,12,132734400,0.4928535223007202,1135.5345153808594,0.20248878677115723,0.011407122468417113,0.36688507739454507,0.009252581835264137,2.9842025089263915,0.0,0.0,200,0.20248878677115723,0.6331149226054549,-2.9842025089263915
C2,1,32,256,C,960,12,132734400,0.4928535223007202,1514.0460205078125,0.1853707472868699,0.010286770880886986,0.36153662607073783,0.00986079529746683,3.0417084342241285,0.0,0.0,200,0.1853707472868699,0.6384633739292622,-3.0417084342241285
C2,1,64,512,C,960,12,132734400,0.4928535223007202,3028.092041015625,0.1984417395530417,0.01115244781650383,0.36750562957953664,0.0094233683227543,3.0638650107383727,0.005,0.0,200,0.1984417395530417,0.6324943704204633,-3.0638650107383727
C2,2,1,8,C,960,12,132734400,0.4928535223007202,47.31393814086914,1.1235017421090807,0.05449088180157695,0.2203761784080416,0.008133590795820727,1.538558064699173,0.365,0.0,200,1.1235017421090807,0.7796238215919584,-1.538558064699173
C2,2,2,16,C,960,12,132734400,0.4928535223007202,94.62787628173828,0.7502143375823441,0.046259903632465675,0.28389451214112343,0.009184316957170466,1.9628100657463075,0.055,0.0,200,0.7502143375823441,0.7161054878588766,-1.9628100657463075
C2,2,4,32,C,960,12,132734400,0.4928535223007202,189.25575256347656,0.32670383466271735,0.014545531413417538,0.3283121023699641,0.009275599090669627,2.501936371922493,0.005,0.0,200,0.32670383466271735,0.6716878976300359,-2.501936371922493
C2,2,8,64,C,960,12,132734400,0.4928535223007202,378.5115051269531,0.20299183852158784,0.011146915785754505,0.3648237468115985,0.009255188452252483,2.7986248552799227,0.0,0.0,200,0.20299183852158784,0.6351762531884015,-2.7986248552799227
C2,2,16,128,C,960,12,132734400,0.4928535223007202,757.0230102539062,0.18270898302350852,0.0116716343512478,0.36378711444325745,0.010242025916221774,2.9778419876098634,0.0,0.0,200,0.18270898302350852,0.6362128855567426,-2.9778419876098634
C2,2,24,192,C,960,12,132734400,0.4928535223007202,1135.5345153808594,0.15011989049465466,0.00968635133333167,0.3687026060838252,0.009900587724364118,3.0375631284713744,0.0,0.0,200,0.15011989049465466,0.6312973939161748,-3.0375631284713744
C2,2,32,256,C,960,12,132734400,0.4928535223007202,1514.0460205078125,0.15390019563842336,0.009410583939884752,0.37481731779873373,0.010132663687222961,3.057948184609413,0.0,0.0,200,0.15390019563842336,0.6251826822012663,-3.057948184609413
C2,2,64,512,C,960,12,132734400,0.4928535223007202,3028.092041015625,0.1485410422884949,0.009432364564589882,0.36401410067919643,0.010091944192222087,3.074394482374191,0.0,0.0,200,0.1485410422884949,0.6359858993208036,-3.074394482374191
C3,0,1,8,C,768,18,127430400,0.4976648092269897,71.66373252868651,1.17958520702091,0.0742244684472047,0.2320362017164007,0.008256466167143206,1.5139499235153198,0.395,0.0,200,1.17958520702091,0.7679637982835993,-1.5139499235153198
C3,0,2,16,C,768,18,127430400,0.4976648092269897,143.32746505737302,0.6884988204413658,0.028991661314624446,0.2956152521632612,0.00926692657641002,1.9501731705665588,0.085,0.0,200,0.6884988204413658,0.7043847478367389,-1.9501731705665588
C3,0,4,32,C,768,18,127430400,0.4976648092269897,286.65493011474604,0.26897923796978274,0.014876832061969542,0.36223728211596606,0.008898950669531055,2.526090227365494,0.0,0.0,200,0.26897923796978274,0.6377627178840339,-2.526090227365494
C3,0,8,64,C,768,18,127430400,0.4976648092269897,573.3098602294921,0.14424629618762977,0.009787193705954121,0.3846769676543772,0.009294908447391902,2.811203790307045,0.0,0.0,200,0.14424629618762977,0.6153230323456228,-2.811203790307045
C3,0,16,128,C,768,18,127430400,0.4976648092269897,1146.6197204589841,0.11261380940218647,0.008978613605772465,0.3955016832984984,0.010305028943537489,2.9844875633716583,0.0,0.0,200,0.11261380940218647,0.6044983167015017,-2.9844875633716583
C3,0,24,192,C,768,18,127430400,0.4976648092269897,1719.9295806884763,0.09572105391320854,0.0067023259679448955,0.3991819737479091,0.00938911896110924,3.0663450890779496,0.0,0.0,200,0.09572105391320854,0.6008180262520909,-3.0663450890779496
C3,0,32,256,C,768,18,127430400,0.4976648092269897,2293.2394409179683,0.09677763113293757,0.008111839922711389,0.3967625128198415,0.009934576122766721,3.0346862947940827,0.0,0.0,200,0.09677763113293757,0.6032374871801585,-3.0346862947940827
C3,0,64,512,C,768,18,127430400,0.4976648092269897,4586.478881835937,0.094259684073141,0.008059671663765486,0.3960033891350031,0.009829080023067016,3.0829580068588256,0.0,0.0,200,0.094259684073141,0.6039966108649969,-3.0829580068588256
C3,1,1,8,C,768,18,127430400,0.4976648092269897,71.66373252868651,1.1484735561318198,0.06200634109636435,0.2163099003676325,0.007696809539530109,1.529504889845848,0.35,0.0,200,1.1484735561318198,0.7836900996323675,-1.529504889845848
C3,1,2,16,C,768,18,127430400,0.4976648092269897,143.32746505737302,0.8450110838940808,0.05551734290461503,0.2813577386830002,0.009284169952986159,1.9326598298549653,0.145,0.0,200,0.8450110838940808,0.7186422613169998,-1.9326598298549653
C3,1,4,32,C,768,18,127430400,0.4976648092269897,286.65493011474604,0.3751417549485825,0.014493493264037144,0.3306636565318331,0.009151027906623086,2.492549721002579,0.005,0.0,200,0.3751417549485825,0.669336343468167,-2.492549721002579
C3,1,8,64,C,768,18,127430400,0.4976648092269897,573.3098602294921,0.2435504357477444,0.012802572590069516,0.36051877091638745,0.00921770572140831,2.794936161637306,0.0,0.0,200,0.2435504357477444,0.6394812290836125,-2.794936161637306
C3,1,16,128,C,768,18,127430400,0.4976648092269897,1146.6197204589841,0.2001088290772097,0.011102258689600126,0.3736099674925208,0.010180365825691344,2.9489435625076292,0.0,0.0,200,0.2001088290772097,0.6263900325074792,-2.9489435625076292
C3,1,24,192,C,768,18,127430400,0.4976648092269897,1719.9295806884763,0.18134023044128297,0.010240147653991189,0.373784362655133,0.009727029293876218,3.0260151267051696,0.0,0.0,200,0.18134023044128297,0.6262156373448671,-3.0260151267051696
C3,1,32,256,C,768,18,127430400,0.4976648092269897,2293.2394409179683,0.17001152320566015,0.010360627514279392,0.36543763080146163,0.010443728057171165,3.052973772287369,0.0,0.0,200,0.17001152320566015,0.6345623691985384,-3.052973772287369
C3,1,64,512,C,768,18,127430400,0.4976648092269897,4586.478881835937,0.1824895451987717,0.01132156114933212,0.37216729467734694,0.010125922859737369,3.098129209280014,0.0,0.0,200,0.1824895451987717,0.6278327053226531,-3.098129209280014
C3,2,1,8,C,768,18,127430400,0.4976648092269897,71.66373252868651,1.153328414685673,0.0627762640930788,0.2256395610794425,0.007430848925502741,1.527015044093132,0.34,0.0,200,1.153328414685673,0.7743604389205575,-1.527015044093132
C3,2,2,16,C,768,18,127430400,0.4976648092269897,143.32746505737302,0.7557694006580395,0.0430880599583301,0.29226688463240863,0.008325311280482979,1.9461787527799606,0.095,0.0,200,0.7557694006580395,0.7077331153675914,-1.9461787527799606
C3,2,4,32,C,768,18,127430400,0.4976648092269897,286.65493011474604,0.30148521483583923,0.014725661215295243,0.33800062466412784,0.009318264663106798,2.476917862892151,0.005,0.0,200,0.30148521483583923,0.6619993753358722,-2.476917862892151
C3,2,8,64,C,768,18,127430400,0.4976648092269897,573.3098602294921,0.16265245805510298,0.010039058376633887,0.36127182841300964,0.009953631367744553,2.81702269077301,0.0,0.0,200,0.16265245805510298,0.6387281715869904,-2.81702269077301
C3,2,16,128,C,768,18,127430400,0.4976648092269897,1146.6197204589841,0.12298547654041077,0.009018536248724918,0.36666014986112716,0.009600921106015882,2.9692400133609773,0.0,0.0,200,0.12298547654041077,0.6333398501388728,-2.9692400133609773
C3,2,24,192,C,768,18,127430400,0.4976648092269897,1719.9295806884763,0.12217500985254745,0.00946929122981239,0.3763600992038846,0.009849453262878427,3.0264733850955965,0.0,0.0,200,0.12217500985254745,0.6236399007961154,-3.0264733850955965
C3,2,32,256,C,768,18,127430400,0.4976648092269897,2293.2394409179683,0.11218527263605356,0.008661399908189663,0.37706472558900717,0.009897396111042586,3.0496085047721864,0.0,0.0,200,0.11218527263605356,0.6229352744109928,-3.0496085047721864
C3,2,64,512,C,768,18,127430400,0.4976648092269897,4586.478881835937,0.11158982732639262,0.008636650805386042,0.3731568719446659,0.010068498804746867,3.075360980629921,0.0,0.0,200,0.11158982732639262,0.6268431280553342,-3.075360980629921
C4,0,1,8,C,640,26,127829120,0.506141185760498,105.2773666381836,1.1387598592600048,0.0647929028811092,0.2119709173333831,0.0077866130313326565,1.500397607088089,0.45,0.0,200,1.1387598592600048,0.7880290826666169,-1.500397607088089
C4,0,2,16,C,640,26,127829120,0.506141185760498,210.5547332763672,0.7722733150776725,0.0681169934489995,0.2933168441057205,0.00839394150760362,1.9491586285829543,0.055,0.0,200,0.7722733150776725,0.7066831558942794,-1.9491586285829543
C4,0,4,32,C,640,26,127829120,0.506141185760498,421.1094665527344,0.30547653074582515,0.015431124317230161,0.339892706759274,0.00864810627927009,2.5143585413694383,0.0,0.0,200,0.30547653074582515,0.6601072932407259,-2.5143585413694383
C4,0,8,64,C,640,26,127829120,0.506141185760498,842.2189331054688,0.167042526112428,0.01005166296556197,0.3631281426735222,0.009770723311637957,2.818716427087784,0.0,0.0,200,0.167042526112428,0.6368718573264778,-2.818716427087784
C4,0,16,128,C,640,26,127829120,0.506141185760498,1684.4378662109375,0.13246921370850331,0.00983327810601104,0.3719133320916444,0.010137506328942971,2.9878402972221374,0.005,0.0,200,0.13246921370850331,0.6280866679083557,-2.9878402972221374
C4,0,24,192,C,640,26,127829120,0.506141185760498,2526.6567993164062,0.11559287193268018,0.008075826343156416,0.3750750535354018,0.00960940803487755,3.0200097888708113,0.0,0.0,200,0.11559287193268018,0.6249249464645982,-3.0200097888708113
C4,0,32,256,C,640,26,127829120,0.506141185760498,3368.875732421875,0.10942848902639103,0.008626712369585718,0.38143613663036374,0.009960888075246432,3.041118552684784,0.0,0.0,200,0.10942848902639103,0.6185638633696362,-3.041118552684784
C4,0,64,512,C,640,26,127829120,0.506141185760498,6737.75146484375,0.10198899314765378,0.008975202281600146,0.37797455959022047,0.01041778009950252,3.0890714186429977,0.005,0.0,200,0.10198899314765378,0.6220254404097796,-3.0890714186429977
C4,1,1,8,C,640,26,127829120,0.506141185760498,105.2773666381836,1.0883716542609845,0.034017352233629554,0.21971246192231775,0.007920515441717978,1.508280240893364,0.385,0.0,200,1.0883716542609845,0.7802875380776823,-1.508280240893364
C4,1,2,16,C,640,26,127829120,0.506141185760498,210.5547332763672,0.7300939504101546,0.04324410188086297,0.2754224880458787,0.00876324800776752,1.9260913372039794,0.09,0.0,200,0.7300939504101546,0.7245775119541213,-1.9260913372039794
C4,1,4,32,C,640,26,127829120,0.506141185760498,421.1094665527344,0.2955359270581734,0.014827242299867708,0.35238771468400953,0.008938199048449048,2.5141332763433457,0.0,0.0,200,0.2955359270581734,0.6476122853159905,-2.5141332763433457
C4,1,8,64,C,640,26,127829120,0.506141185760498,842.2189331054688,0.1744747101073352,0.010948842987467814,0.373559510409832,0.009286088846910399,2.818993937373161,0.0,0.0,200,0.1744747101073352,0.6264404895901681,-2.818993937373161
C4,1,16,128,C,640,26,127829120,0.506141185760498,1684.4378662109375,0.1457389874082159,0.010313680523881015,0.3815094062453136,0.009722780538020215,2.997169250845909,0.0,0.0,200,0.1457389874082159,0.6184905937546864,-2.997169250845909
C4,1,24,192,C,640,26,127829120,0.506141185760498,2526.6567993164062,0.13123181685870614,0.009973963057051932,0.3789507428230718,0.010010864653794029,3.053604600429535,0.0,0.0,200,0.13123181685870614,0.6210492571769282,-3.053604600429535
C4,1,32,256,C,640,26,127829120,0.506141185760498,3368.875732421875,0.13687968947587803,0.009210792459644375,0.3838066066429019,0.009120762345250529,3.0664794582128523,0.0,0.0,200,0.13687968947587803,0.6161933933570981,-3.0664794582128523
C4,1,64,512,C,640,26,127829120,0.506141185760498,6737.75146484375,0.12951433559686584,0.009399907724944884,0.37732152172364297,0.01018748096729639,3.1202073562145234,0.005,0.0,200,0.12951433559686584,0.622678478276357,-3.1202073562145234
C4,2,1,8,C,640,26,127829120,0.506141185760498,105.2773666381836,1.2222833438025997,0.08430590505764704,0.22333047576714307,0.007432508938833182,1.5459115546941757,0.395,0.0,200,1.2222833438025997,0.776669524232857,-1.5459115546941757
C4,2,2,16,C,640,26,127829120,0.506141185760498,210.5547332763672,0.7023728347835925,0.024334070864737302,0.27830692746676505,0.008942517126658797,1.962529905438423,0.06,0.0,200,0.7023728347835925,0.7216930725332349,-1.962529905438423
C4,2,4,32,C,640,26,127829120,0.506141185760498,421.1094665527344,0.3107387288066519,0.024757027073369842,0.32825008310843257,0.009403465179395457,2.5014113813638685,0.005,0.0,200,0.3107387288066519,0.6717499168915675,-2.5014113813638685
C4,2,8,64,C,640,26,127829120,0.506141185760498,842.2189331054688,0.18294266192280387,0.010024562465138415,0.3671927167288959,0.009741510939841967,2.8053421002626417,0.0,0.0,200,0.18294266192280387,0.632807283271104,-2.8053421002626417
C4,2,16,128,C,640,26,127829120,0.506141185760498,1684.4378662109375,0.14268485066785344,0.008948596687140374,0.37157845485955476,0.009644475349693525,2.9793187737464906,0.0,0.0,200,0.14268485066785344,0.6284215451404452,-2.9793187737464906
C4,2,24,192,C,640,26,127829120,0.506141185760498,2526.6567993164062,0.13724504589824718,0.010260555346158287,0.3719378217495978,0.009575987722428538,3.042908592224121,0.0,0.0,200,0.13724504589824718,0.6280621782504022,-3.042908592224121
C4,2,32,256,C,640,26,127829120,0.506141185760498,3368.875732421875,0.12483498909433374,0.008636482978922201,0.3744265800714493,0.009703566544692541,3.0790441316366195,0.0,0.0,200,0.12483498909433374,0.6255734199285508,-3.0790441316366195
C4,2,64,512,C,640,26,127829120,0.506141185760498,6737.75146484375,0.11898640259591854,0.008210913413452663,0.3735811181925237,0.010240026570797454,3.10073166847229,0.0,0.0,200,0.11898640259591854,0.6264188818074763,-3.10073166847229
C5,0,1,8,C,512,36,113283584,0.4931086301803589,142.01528549194336,1.106841677429668,0.04479609291068624,0.2291255170176737,0.007943133784687311,1.516651628613472,0.415,0.0,200,1.106841677429668,0.7708744829823263,-1.516651628613472
C5,0,2,16,C,512,36,113283584,0.4931086301803589,284.0305709838867,0.6835437576951716,0.021493097950321904,0.28799226542934775,0.009248479186426226,1.9236339008808137,0.065,0.0,200,0.6835437576951716,0.7120077345706523,-1.9236339008808137
C5,0,4,32,C,512,36,113283584,0.4931086301803589,568.0611419677734,0.2651848395953027,0.014258629562060615,0.345019923876971,0.008852691727926519,2.4995558577775956,0.005,0.0,200,0.2651848395953027,0.654980076123029,-2.4995558577775956
C5,0,8,64,C,512,36,113283584,0.4931086301803589,1136.1222839355469,0.15261993237869725,0.010045974645458594,0.37351017743349074,0.00947431661339855,2.8002720004320145,0.0,0.0,200,0.15261993237869725,0.6264898225665092,-2.8002720004320145
C5,0,16,128,C,512,36,113283584,0.4931086301803589,2272.2445678710938,0.10046773215105594,0.008220412246568852,0.3847841439023614,0.009350750012424233,2.9548473954200745,0.0,0.0,200,0.10046773215105594,0.6152158560976386,-2.9548473954200745
C5,0,24,192,C,512,36,113283584,0.4931086301803589,3408.3668518066406,0.10322092641911805,0.00860852779171535,0.38014248094521463,0.010305265068652071,3.0149930119514465,0.0,0.0,200,0.10322092641911805,0.6198575190547854,-3.0149930119514465
C5,0,32,256,C,512,36,113283584,0.4931086301803589,4544.4891357421875,0.09702467521976643,0.009216938576907361,0.3828348897397518,0.010113376532371553,3.041437520980835,0.005,0.0,200,0.09702467521976643,0.6171651102602482,-3.041437520980835
C5,0,64,512,C,512,36,113283584,0.4931086301803589,9088.978271484375,0.08898797736327343,0.008021332921965049,0.3849318001512438,0.009788227286340205,3.041785023808479,0.0,0.0,200,0.08898797736327343,0.6150681998487562,-3.041785023808479
C5,1,1,8,C,512,36,113283584,0.4931086301803589,142.01528549194336,1.1090556183626665,0.06024124839152201,0.20850297283846886,0.007646950634442707,1.499567643404007,0.37,0.0,200,1.1090556183626665,0.7914970271615311,-1.499567643404007
C5,1,2,16,C,512,36,113283584,0.4931086301803589,284.0305709838867,0.6910006928080387,0.029131413538669045,0.2772207157174125,0.008560646626249328,1.9429910910129546,0.065,0.0,200,0.6910006928080387,0.7227792842825875,-1.9429910910129546
C5,1,4,32,C,512,36,113283584,0.4931086301803589,568.0611419677734,0.2621154087085424,0.012839374189537905,0.34452446512877943,0.00932891722051623,2.4874069261550904,0.0,0.0,200,0.2621154087085424,0.6554755348712206,-2.4874069261550904
C5,1,8,64,C,512,36,113283584,0.4931086301803589,1136.1222839355469,0.1483844604591865,0.010955378641214621,0.3661595068871975,0.009743371148330337,2.8417881399393083,0.005,0.0,200,0.1483844604591865,0.6338404931128025,-2.8417881399393083
C5,1,16,128,C,512,36,113283584,0.4931086301803589,2272.2445678710938,0.10884550584931335,0.00836121522784158,0.3680735122784972,0.009605963009748532,3.009404452443123,0.0,0.0,200,0.10884550584931335,0.6319264877215027,-3.009404452443123
C5,1,24,192,C,512,36,113283584,0.4931086301803589,3408.3668518066406,0.09983987199402541,0.008240470966779932,0.3686425314005464,0.009968192431137191,3.0467823475599287,0.0,0.0,200,0.09983987199402541,0.6313574685994536,-3.0467823475599287
C5,1,32,256,C,512,36,113283584,0.4931086301803589,4544.4891357421875,0.09823245675683345,0.008876738000254975,0.36549345913343134,0.010569468040693355,3.079640032052994,0.0,0.0,200,0.09823245675683345,0.6345065408665687,-3.079640032052994
C5,1,64,512,C,512,36,113283584,0.4931086301803589,9088.978271484375,0.09571087012828064,0.008509256059430865,0.38312823365442455,0.009811333702809599,3.1135260647535326,0.0,0.0,200,0.09571087012828064,0.6168717663455754,-3.1135260647535326
C5,2,1,8,C,512,36,113283584,0.4931086301803589,142.01528549194336,1.1459136267251149,0.06636570974741432,0.22216344386339187,0.007216207133772497,1.5381937319040297,0.385,0.0,200,1.1459136267251149,0.7778365561366081,-1.5381937319040297
C5,2,2,16,C,512,36,113283584,0.4931086301803589,284.0305709838867,0.6748463436038705,0.03345395864873946,0.29087843272369357,0.008340062521683162,1.9601705795526505,0.055,0.0,200,0.6748463436038705,0.7091215672763065,-1.9601705795526505
C5,2,4,32,C,512,36,113283584,0.4931086301803589,568.0611419677734,0.2320159757179602,0.013544588033519635,0.34900719825178383,0.00916967029835992,2.5696160411834716,0.005,0.0,200,0.2320159757179602,0.6509928017482162,-2.5696160411834716
C5,2,8,64,C,512,36,113283584,0.4931086301803589,1136.1222839355469,0.13022743720317878,0.009418985828538885,0.3634227234777063,0.009840300380120511,2.8893497687578202,0.0,0.0,200,0.13022743720317878,0.6365772765222937,-2.8893497687578202
C5,2,16,128,C,512,36,113283584,0.4931086301803589,2272.2445678710938,0.09898368162862163,0.008369168645653065,0.37939706357661634,0.009945350112658784,3.056230941414833,0.0,0.0,200,0.09898368162862163,0.6206029364233836,-3.056230941414833
C5,2,24,192,C,512,36,113283584,0.4931086301803589,3408.3668518066406,0.08447020261211162,0.006727291769225663,0.38526805326342584,0.010161173352320578,3.067250992655754,0.0,0.0,200,0.08447020261211162,0.6147319467365742,-3.067250992655754
C5,2,32,256,C,512,36,113283584,0.4931086301803589,4544.4891357421875,0.07907833012253467,0.006832686789033272,0.38146973855793476,0.009897426422401245,3.102703532576561,0.0,0.0,200,0.07907833012253467,0.6185302614420652,-3.102703532576561
C5,2,64,512,C,512,36,113283584,0.4931086301803589,9088.978271484375,0.08051928254847791,0.007330238148101014,0.3817458271048963,0.010077219863955262,3.162802826166153,0.0,0.0,200,0.08051928254847791,0.6182541728951036,-3.162802826166153
