run,config,seed,T,width,depth,n_nonembed,budget,wer,sim,wer_se,sim_se,err_wer,err_sim
C1_0_90k,C1,0,1,1152,8,127401984,C,1.13092612188784,0.25164222114952284,0.04821862749745069,0.005532445582630777,1.13092612188784,0.7483577788504772
C1_0_90k,C1,0,16,1152,8,127401984,C,0.06649366259301338,0.4740823808684945,0.004365710339625569,0.006805547356122502,0.06649366259301338,0.5259176191315055
C1_0_90k,C1,0,2,1152,8,127401984,C,0.5364260651873937,0.3756800207658671,0.02286273280258102,0.006033673359466097,0.5364260651873937,0.624319979234133
C1_0_90k,C1,0,32,1152,8,127401984,C,0.05500079128572659,0.4839104608027264,0.0037566562301405123,0.006640214800926324,0.05500079128572659,0.5160895391972735
C1_0_90k,C1,0,4,1152,8,127401984,C,0.15560716979524844,0.44607613124419004,0.007241091695080255,0.006340332829009002,0.15560716979524844,0.5539238687558099
C1_0_90k,C1,0,64,1152,8,127401984,C,0.056983689353107166,0.4867327592149377,0.004248749416468899,0.006808887294752483,0.056983689353107166,0.5132672407850623
C1_0_90k,C1,0,8,1152,8,127401984,C,0.07997266377059796,0.4717881906963885,0.004662294788451536,0.006556948187629785,0.07997266377059796,0.5282118093036114
C3_0_90k,C3,0,1,768,18,127401984,C,1.1280820694022464,0.2497376711270772,0.040599795527219686,0.0060985490643206105,1.1280820694022464,0.7502623288729228
C3_0_90k,C3,0,16,768,18,127401984,C,0.05600837912880299,0.48065499800723044,0.003964430738455503,0.00656446486971216,0.05600837912880299,0.5193450019927696
C3_0_90k,C3,0,2,768,18,127401984,C,0.5430851841371515,0.3594619343848899,0.028659153447836084,0.00662227696742228,0.5430851841371515,0.6405380656151101
C3_0_90k,C3,0,32,768,18,127401984,C,0.05157971352489108,0.48660084408707915,0.0038352160178514805,0.006595188607704484,0.05157971352489108,0.5133991559129208
C3_0_90k,C3,0,4,768,18,127401984,C,0.1596107070711008,0.4492270607035607,0.0075978698902814485,0.00618010581909394,0.1596107070711008,0.5507729392964393
C3_0_90k,C3,0,64,768,18,127401984,C,0.04482271733536465,0.4835663824155927,0.003498520959393567,0.006948980753133986,0.04482271733536465,0.5164336175844073
C3_0_90k,C3,0,8,768,18,127401984,C,0.0823598731896246,0.47043882751371713,0.005073346738639956,0.006852096738513865,0.0823598731896246,0.5295611724862829
C5_0_90k,C5,0,1,512,36,113246208,C,1.0733956143271175,0.23872752314433454,0.03272708637668796,0.005954986981803955,1.0733956143271175,0.7612724768556655
C5_0_90k,C5,0,16,512,36,113246208,C,0.05297064699527637,0.46384290128480643,0.003641271789053596,0.0067994063845825525,0.05297064699527637,0.5361570987151936
C5_0_90k,C5,0,2,512,36,113246208,C,0.5643668958980195,0.34963811296969655,0.019214184149396747,0.006638078929079021,0.5643668958980195,0.6503618870303034
C5_0_90k,C5,0,32,512,36,113246208,C,0.043511710033871956,0.46532605512067676,0.003336576999071731,0.006941070449758132,0.043511710033871956,0.5346739448793232
C5_0_90k,C5,0,4,512,36,113246208,C,0.1517853356672503,0.4271212607668713,0.006856933954943916,0.006418232100405659,0.1517853356672503,0.5728787392331287
C5_0_90k,C5,0,64,512,36,113246208,C,0.043975676335284056,0.464941539503634,0.0032515068229952903,0.007077871790417352,0.043975676335284056,0.535058460496366
C5_0_90k,C5,0,8,512,36,113246208,C,0.08345843631388504,0.45193712593987584,0.005167486813901998,0.0067042360598323445,0.08345843631388504,0.5480628740601241
C1_1_90k,C1,1,1,1152,8,127401984,C,1.1067360355376836,0.2459539750800468,0.03392079351879777,0.005974579143272757,1.1067360355376836,0.7540460249199532
C1_1_90k,C1,1,16,1152,8,127401984,C,0.058632274583974596,0.4684794169664383,0.00400155220320302,0.006506754826423405,0.058632274583974596,0.5315205830335616
C1_1_90k,C1,1,2,1152,8,127401984,C,0.5632353936507867,0.3610392635129392,0.024929668841064796,0.006240358154315311,0.5632353936507867,0.6389607364870609
C1_1_90k,C1,1,32,1152,8,127401984,C,0.050751058250109324,0.4741338025638834,0.003773970387767036,0.006946167800084379,0.050751058250109324,0.5258661974361166
C1_1_90k,C1,1,4,1152,8,127401984,C,0.1579436962085297,0.4355799867026508,0.007799459623750461,0.006473381924849077,0.1579436962085297,0.5644200132973491
C1_1_90k,C1,1,64,1152,8,127401984,C,0.04895831768563306,0.47578715316019954,0.00391316668556483,0.006799511759816924,0.04895831768563306,0.5242128468398004
C1_1_90k,C1,1,8,1152,8,127401984,C,0.08168376270200926,0.46414983313530683,0.005393727434212868,0.006665676200296032,0.08168376270200926,0.5358501668646931
C1_2_90k,C1,2,1,1152,8,127401984,C,1.1573417555094636,0.25343884885311124,0.051413026280015185,0.005917950428594051,1.1573417555094636,0.7465611511468888
C1_2_90k,C1,2,16,1152,8,127401984,C,0.0921927421011972,0.464610310717253,0.005591233472987112,0.007100330137163396,0.0921927421011972,0.535389689282747
C1_2_90k,C1,2,2,1152,8,127401984,C,0.6098104202932371,0.3543293262831867,0.020076678631769398,0.0062300259744443465,0.6098104202932371,0.6456706737168133
C1_2_90k,C1,2,32,1152,8,127401984,C,0.07487350068353572,0.46900556643493474,0.004873497634027275,0.006895343462745089,0.07487350068353572,0.5309944335650653
C1_2_90k,C1,2,4,1152,8,127401984,C,0.203764029090934,0.4370797189325094,0.008684460750753957,0.006331274461427927,0.203764029090934,0.5629202810674906
C1_2_90k,C1,2,64,1152,8,127401984,C,0.0777329595430831,0.471189394723624,0.005116914932803731,0.007006130729594014,0.0777329595430831,0.528810605276376
C1_2_90k,C1,2,8,1152,8,127401984,C,0.11185955871393351,0.4538367807213217,0.006096666058373624,0.0068113157758194435,0.11185955871393351,0.5461632192786783
C3_1_90k,C3,1,1,768,18,127401984,C,1.0491510203826322,0.25035858023911717,0.03585621489683624,0.005818345821367106,1.0491510203826322,0.7496414197608828
C3_1_90k,C3,1,16,768,18,127401984,C,0.05663312949316158,0.47346787471324203,0.003964741081604854,0.007037326706618714,0.05663312949316158,0.526532125286758
C3_1_90k,C3,1,2,768,18,127401984,C,0.5655837137700411,0.3636075181886554,0.02500954025111172,0.006381549357149808,0.5655837137700411,0.6363924818113447
C3_1_90k,C3,1,32,768,18,127401984,C,0.05349506213992657,0.4808965242560953,0.004474413233710267,0.006759092628748553,0.05349506213992657,0.5191034757439047
C3_1_90k,C3,1,4,768,18,127401984,C,0.1517028751686094,0.44561192862689497,0.007281192093062642,0.00627379479552125,0.1517028751686094,0.5543880713731051
C3_1_90k,C3,1,64,768,18,127401984,C,0.04593821544776386,0.4862577062100172,0.00329280893994482,0.006713577165970962,0.04593821544776386,0.5137422937899828
C3_1_90k,C3,1,8,768,18,127401984,C,0.07897656187924265,0.46942486783489584,0.005121690402349872,0.0068318968960512745,0.07897656187924265,0.5305751321651042
C3_2_90k,C3,2,1,768,18,127401984,C,1.0847653257004717,0.24658136856509372,0.03449934663061333,0.006003014160277051,1.0847653257004717,0.7534186314349063
C3_2_90k,C3,2,16,768,18,127401984,C,0.06855503261645009,0.47493238144554195,0.004587854730516688,0.007142159660649695,0.06855503261645009,0.525067618554458
C3_2_90k,C3,2,2,768,18,127401984,C,0.5499489580615698,0.36202762389555576,0.022674561005947884,0.006493150641926198,0.5499489580615698,0.6379723761044442
C3_2_90k,C3,2,32,768,18,127401984,C,0.059507997839338245,0.4804739122278988,0.004350662740880003,0.0067325088796320685,0.059507997839338245,0.5195260877721012
C3_2_90k,C3,2,4,768,18,127401984,C,0.16132772138490467,0.44358775837579745,0.007772249006232719,0.006829202091331374,0.16132772138490467,0.5564122416242026
C3_2_90k,C3,2,64,768,18,127401984,C,0.05461649975631806,0.476296072518453,0.004462736005466906,0.007191993294573175,0.05461649975631806,0.5237039274815469
C3_2_90k,C3,2,8,768,18,127401984,C,0.08856096240237193,0.46246871127746997,0.005624065659177685,0.006702836117742713,0.08856096240237193,0.5375312887225301
C5_1_90k,C5,1,1,512,36,113246208,C,1.038171702061251,0.2457778421859257,0.019580611987336384,0.005749587936492188,1.038171702061251,0.7542221578140743
C5_1_90k,C5,1,16,512,36,113246208,C,0.06046894083029093,0.4565043239854276,0.0048508388022323965,0.007023960076075378,0.06046894083029093,0.5434956760145724
C5_1_90k,C5,1,2,512,36,113246208,C,0.5539513818385638,0.3554544560611248,0.026708336650043817,0.00624439138055558,0.5539513818385638,0.6445455439388752
C5_1_90k,C5,1,32,512,36,113246208,C,0.05382010033956891,0.4594438758958131,0.004869869132388509,0.007081296613840949,0.05382010033956891,0.540556124104187
C5_1_90k,C5,1,4,512,36,113246208,C,0.1487820022447994,0.4209494829480536,0.007491199880710007,0.00650986546220257,0.1487820022447994,0.5790505170519464
C5_1_90k,C5,1,64,512,36,113246208,C,0.04671908396936447,0.464622793532908,0.004307225416229866,0.006952651357735473,0.04671908396936447,0.5353772064670921
C5_1_90k,C5,1,8,512,36,113246208,C,0.0785752350484184,0.4490004317136481,0.005660688573951306,0.00675519031842743,0.0785752350484184,0.5509995682863519
C5_2_90k,C5,2,1,512,36,113246208,C,1.0898479062987416,0.229770518662408,0.029323693448901216,0.0058551264189116835,1.0898479062987416,0.7702294813375921
C5_2_90k,C5,2,16,512,36,113246208,C,0.07412192422559111,0.4471296815481037,0.005026753957467639,0.0066097356502074186,0.07412192422559111,0.5528703184518964
C5_2_90k,C5,2,2,512,36,113246208,C,0.6078119310242152,0.33557090706890447,0.02244036558243087,0.006240725091136845,0.6078119310242152,0.6644290929310955
C5_2_90k,C5,2,32,512,36,113246208,C,0.06004673738954242,0.45393249626737087,0.004450365639197226,0.006710051505621777,0.06004673738954242,0.5460675037326291
C5_2_90k,C5,2,4,512,36,113246208,C,0.18446874008456018,0.4168217121902853,0.008183000520667345,0.006197423650186644,0.18446874008456018,0.5831782878097147
C5_2_90k,C5,2,64,512,36,113246208,C,0.05922640381846,0.45362873951438815,0.004925400804118374,0.0066326765575823315,0.05922640381846,0.5463712604856119
C5_2_90k,C5,2,8,512,36,113246208,C,0.10021511301922732,0.4413853258593008,0.005989842378782898,0.006811856932889632,0.10021511301922732,0.5586146741406992
