run,item,cand,wavlm,ecapa
C3_2,it0000,0,0.49862927198410034,0.5610127449035645
C3_2,it0000,1,0.4869028329849243,0.5617515444755554
C3_2,it0000,2,0.36994585394859314,0.5381962656974792
C3_2,it0000,3,0.45511433482170105,0.47578614950180054
C3_2,it0000,4,0.4290923476219177,0.5001430511474609
C3_2,it0000,5,0.4089635908603668,0.535763680934906
C3_2,it0000,6,0.47132420539855957,0.5053086876869202
C3_2,it0000,7,0.5066250562667847,0.4857175052165985
C3_2,it0001,0,0.16777507960796356,0.4414105713367462
C3_2,it0001,1,0.251819372177124,0.4189561605453491
C3_2,it0001,2,0.24913807213306427,0.34995707869529724
C3_2,it0001,3,0.10027634352445602,0.41479894518852234
C3_2,it0001,4,0.21930965781211853,0.3540692627429962
C3_2,it0001,5,0.1284215897321701,0.3505987524986267
C3_2,it0001,6,0.21895240247249603,0.4393685460090637
C3_2,it0001,7,0.10077628493309021,0.3968000113964081
C3_2,it0002,0,0.09451910853385925,0.11034446954727173
C3_2,it0002,1,0.16360384225845337,0.24331426620483398
C3_2,it0002,2,0.28954222798347473,0.36202484369277954
C3_2,it0002,3,0.2798764109611511,0.37313878536224365
C3_2,it0002,4,0.18194568157196045,0.2970951497554779
C3_2,it0002,5,0.2009335160255432,0.2644430696964264
C3_2,it0002,6,0.37263572216033936,0.2875816524028778
C3_2,it0002,7,0.16090890765190125,0.3823678493499756
C3_2,it0003,0,0.31645843386650085,0.40046417713165283
C3_2,it0003,1,0.25444450974464417,0.4037960171699524
C3_2,it0003,2,0.1709984689950943,0.2976875901222229
C3_2,it0003,3,0.31793639063835144,0.3819171190261841
C3_2,it0003,4,0.16752198338508606,0.4432462453842163
C3_2,it0003,5,0.14231646060943604,0.39836880564689636
C3_2,it0003,6,0.27464836835861206,0.4722863733768463
C3_2,it0003,7,0.09084603190422058,0.34036800265312195
C3_2,it0004,0,0.3407716751098633,0.4066341817378998
C3_2,it0004,1,0.2918866276741028,0.4390328526496887
C3_2,it0004,2,0.35999351739883423,0.3810129165649414
C3_2,it0004,3,0.30994513630867004,0.44556817412376404
C3_2,it0004,4,0.4138852059841156,0.5534368753433228
C3_2,it0004,5,0.43412935733795166,0.5468316078186035
C3_2,it0004,6,0.347175657749176,0.5004509091377258
C3_2,it0004,7,0.3928641974925995,0.5096412301063538
C3_2,it0005,0,0.4709995985031128,0.4621143341064453
C3_2,it0005,1,0.234331414103508,0.453602135181427
C3_2,it0005,2,0.4680629372596741,0.3996085524559021
C3_2,it0005,3,0.23280854523181915,0.39724791049957275
C3_2,it0005,4,0.3613550066947937,0.42619091272354126
C3_2,it0005,5,0.1979127824306488,0.3848339319229126
C3_2,it0005,6,0.3689177334308624,0.4771241545677185
C3_2,it0005,7,0.2548154592514038,0.38282060623168945
C3_2,it0006,0,0.27464163303375244,0.30562639236450195
C3_2,it0006,1,0.3031466007232666,0.25281956791877747
C3_2,it0006,2,0.28507310152053833,0.2230718433856964
C3_2,it0006,3,0.31785792112350464,0.2421463578939438
C3_2,it0006,4,0.3395148813724518,0.2857830226421356
C3_2,it0006,5,0.44607406854629517,0.4591308832168579
C3_2,it0006,6,0.3416494131088257,0.34719446301460266
C3_2,it0006,7,0.2467462718486786,0.24741755425930023
C3_2,it0007,0,0.26570504903793335,0.18687143921852112
C3_2,it0007,1,0.29079705476760864,0.3068053126335144
C3_2,it0007,2,0.20942768454551697,0.2528022527694702
C3_2,it0007,3,0.3473398685455322,0.23857229948043823
C3_2,it0007,4,0.4254932403564453,0.34133562445640564
C3_2,it0007,5,0.42183738946914673,0.26478108763694763
C3_2,it0007,6,0.31114381551742554,0.1873418390750885
C3_2,it0007,7,0.2734825909137726,0.18365401029586792
C3_2,it0008,0,0.22134532034397125,0.38615530729293823
C3_2,it0008,1,0.10999314486980438,0.3221256136894226
C3_2,it0008,2,0.18070337176322937,0.3965194821357727
C3_2,it0008,3,0.16042432188987732,0.22202523052692413
C3_2,it0008,4,0.13788607716560364,0.3294682800769806
C3_2,it0008,5,0.10489362478256226,0.2817649245262146
C3_2,it0008,6,0.2610931396484375,0.2664415240287781
C3_2,it0008,7,0.09932342916727066,0.30936577916145325
C3_2,it0009,0,0.512047529220581,0.5131909847259521
C3_2,it0009,1,0.4219828248023987,0.47088733315467834
C3_2,it0009,2,0.5165044665336609,0.5596009492874146
C3_2,it0009,3,0.5886887311935425,0.5201885104179382
C3_2,it0009,4,0.43111103773117065,0.5489016175270081
C3_2,it0009,5,0.5003998279571533,0.522411584854126
C3_2,it0009,6,0.5551760792732239,0.5961410403251648
C3_2,it0009,7,0.42884188890457153,0.40858376026153564
C3_2,it0010,0,0.5020108819007874,0.5530955195426941
C3_2,it0010,1,0.5781790614128113,0.5640193223953247
C3_2,it0010,2,0.4877386689186096,0.5261518955230713
C3_2,it0010,3,0.46054011583328247,0.47202634811401367
C3_2,it0010,4,0.5152830481529236,0.5758382081985474
C3_2,it0010,5,0.5831632614135742,0.5940394997596741
C3_2,it0010,6,0.5074993371963501,0.5042562484741211
C3_2,it0010,7,0.3953597843647003,0.5330475568771362
C3_2,it0011,0,0.4456326365470886,0.5059138536453247
C3_2,it0011,1,0.47728562355041504,0.6006220579147339
C3_2,it0011,2,0.5703952312469482,0.5604690909385681
C3_2,it0011,3,0.49697163701057434,0.5513073801994324
C3_2,it0011,4,0.39571282267570496,0.45567089319229126
C3_2,it0011,5,0.4591636061668396,0.513317346572876
C3_2,it0011,6,0.44556498527526855,0.6102314591407776
C3_2,it0011,7,0.5499845147132874,0.5104684233665466
C3_2,it0012,0,0.17615832388401031,0.2924548089504242
C3_2,it0012,1,0.2517305314540863,0.37998056411743164
C3_2,it0012,2,0.23397229611873627,0.40883001685142517
C3_2,it0012,3,0.3278879225254059,0.42554861307144165
C3_2,it0012,4,0.40031230449676514,0.43472668528556824
C3_2,it0012,5,0.3437986969947815,0.42899054288864136
C3_2,it0012,6,0.2715337574481964,0.43952059745788574
C3_2,it0012,7,0.2810298502445221,0.40593191981315613
C3_2,it0013,0,0.5818353891372681,0.5959969758987427
C3_2,it0013,1,0.5659023523330688,0.5894600749015808
C3_2,it0013,2,0.5231035947799683,0.556503415107727
C3_2,it0013,3,0.4940224587917328,0.5323083996772766
C3_2,it0013,4,0.5624517798423767,0.514225423336029
C3_2,it0013,5,0.6392044425010681,0.6470918655395508
C3_2,it0013,6,0.5600392818450928,0.587748110294342
C3_2,it0013,7,0.34456509351730347,0.5015572905540466
C3_2,it0014,0,0.30836713314056396,0.5570347309112549
C3_2,it0014,1,0.38052478432655334,0.4420369267463684
C3_2,it0014,2,0.254520446062088,0.30458369851112366
C3_2,it0014,3,0.3517359495162964,0.42522385716438293
C3_2,it0014,4,0.43083566427230835,0.47258228063583374
C3_2,it0014,5,0.2987629771232605,0.3431240916252136
C3_2,it0014,6,0.44113489985466003,0.44388866424560547
C3_2,it0014,7,0.2550521492958069,0.3515781760215759
C3_2,it0015,0,0.5030773282051086,0.542293131351471
C3_2,it0015,1,0.4930632710456848,0.41262707114219666
C3_2,it0015,2,0.46144381165504456,0.4910360276699066
C3_2,it0015,3,0.3920167088508606,0.4217352569103241
C3_2,it0015,4,0.44954371452331543,0.43897461891174316
C3_2,it0015,5,0.4579296112060547,0.38592541217803955
C3_2,it0015,6,0.3317049443721771,0.4650701880455017
C3_2,it0015,7,0.4730185866355896,0.33246707916259766
C3_2,it0016,0,0.22279343008995056,0.5089462399482727
C3_2,it0016,1,0.4138031601905823,0.6027861833572388
C3_2,it0016,2,0.2694600224494934,0.48993274569511414
C3_2,it0016,3,0.42084208130836487,0.6425157785415649
C3_2,it0016,4,0.38372802734375,0.5115873217582703
C3_2,it0016,5,0.4021410644054413,0.6133624315261841
C3_2,it0016,6,0.3516503870487213,0.575145423412323
C3_2,it0016,7,0.3267308473587036,0.5821390151977539
C3_2,it0017,0,0.37589165568351746,0.41833701729774475
C3_2,it0017,1,0.306167334318161,0.4362627863883972
C3_2,it0017,2,0.2880353331565857,0.47482168674468994
C3_2,it0017,3,0.39629065990448,0.4066157937049866
C3_2,it0017,4,0.33244258165359497,0.5095548629760742
C3_2,it0017,5,0.18192051351070404,0.4526323974132538
C3_2,it0017,6,0.2796851098537445,0.46752917766571045
C3_2,it0017,7,0.33298012614250183,0.49695223569869995
C3_2,it0018,0,0.2200997918844223,0.29955634474754333
C3_2,it0018,1,0.19310224056243896,0.37952476739883423
C3_2,it0018,2,0.14238983392715454,0.28143906593322754
C3_2,it0018,3,0.22549530863761902,0.3772099018096924
C3_2,it0018,4,0.20444834232330322,0.38428789377212524
C3_2,it0018,5,0.17867423593997955,0.28288164734840393
C3_2,it0018,6,0.23904205858707428,0.35614466667175293
C3_2,it0018,7,0.08697109669446945,0.29236313700675964
C3_2,it0019,0,0.42725783586502075,0.5521122217178345
C3_2,it0019,1,0.45848792791366577,0.5699053406715393
C3_2,it0019,2,0.3907822370529175,0.5575655698776245
C3_2,it0019,3,0.4891190826892853,0.5625329613685608
C3_2,it0019,4,0.49878430366516113,0.5694182515144348
C3_2,it0019,5,0.46480077505111694,0.5855091214179993
C3_2,it0019,6,0.4460096061229706,0.5878174901008606
C3_2,it0019,7,0.43684396147727966,0.543860673904419
C3_2,it0020,0,0.21819382905960083,0.31475767493247986
C3_2,it0020,1,0.13140326738357544,0.18759918212890625
C3_2,it0020,2,0.1421590894460678,0.23368459939956665
C3_2,it0020,3,0.31257784366607666,0.32357263565063477
C3_2,it0020,4,0.18407799303531647,0.2878413200378418
C3_2,it0020,5,0.28408926725387573,0.2543122470378876
C3_2,it0020,6,0.23005232214927673,0.3962552845478058
C3_2,it0020,7,0.2450818419456482,0.2752948999404907
C3_2,it0021,0,0.3533932864665985,0.47881537675857544
C3_2,it0021,1,0.3440060615539551,0.5488105416297913
C3_2,it0021,2,0.4340359568595886,0.524852454662323
C3_2,it0021,3,0.41511616110801697,0.5950326919555664
C3_2,it0021,4,0.42070841789245605,0.45647501945495605
C3_2,it0021,5,0.38794901967048645,0.4606344699859619
C3_2,it0021,6,0.4996010661125183,0.533897340297699
C3_2,it0021,7,0.42124149203300476,0.5929156541824341
C3_2,it0022,0,0.28725311160087585,0.2831490635871887
C3_2,it0022,1,0.36701709032058716,0.2964586615562439
C3_2,it0022,2,0.405593603849411,0.4001730978488922
C3_2,it0022,3,0.40363097190856934,0.3987560272216797
C3_2,it0022,4,0.37705036997795105,0.3737916946411133
C3_2,it0022,5,0.180311381816864,0.3147629499435425
C3_2,it0022,6,0.35980674624443054,0.3405309021472931
C3_2,it0022,7,0.4024326503276825,0.33140164613723755
C3_2,it0023,0,0.5354126691818237,0.5615338683128357
C3_2,it0023,1,0.5019280314445496,0.60322105884552
C3_2,it0023,2,0.60421222448349,0.6460903286933899
C3_2,it0023,3,0.3865084648132324,0.47862011194229126
C3_2,it0023,4,0.6286285519599915,0.6358848214149475
C3_2,it0023,5,0.571570634841919,0.6461154222488403
C3_2,it0023,6,0.30391478538513184,0.5982648134231567
C3_2,it0023,7,0.486774742603302,0.5407407283782959
C3_2,it0024,0,0.3335777521133423,0.4092034101486206
C3_2,it0024,1,0.25708937644958496,0.5208537578582764
C3_2,it0024,2,0.46275952458381653,0.5461063385009766
C3_2,it0024,3,0.3813532590866089,0.5058656334877014
C3_2,it0024,4,0.5006558299064636,0.635982096195221
C3_2,it0024,5,0.41779765486717224,0.4242221713066101
C3_2,it0024,6,0.31564614176750183,0.6234813332557678
C3_2,it0024,7,0.4943799376487732,0.6307665109634399
C3_2,it0025,0,0.6164658069610596,0.6084586381912231
C3_2,it0025,1,0.5658173561096191,0.6027840375900269
C3_2,it0025,2,0.5603514313697815,0.619744062423706
C3_2,it0025,3,0.5415391325950623,0.5475620627403259
C3_2,it0025,4,0.6039082407951355,0.5886634588241577
C3_2,it0025,5,0.4611068367958069,0.5066702365875244
C3_2,it0025,6,0.578410267829895,0.642074465751648
C3_2,it0025,7,0.5755470395088196,0.5881727933883667
C3_2,it0026,0,0.19570642709732056,0.18668535351753235
C3_2,it0026,1,0.15490783751010895,0.2542116343975067
C3_2,it0026,2,0.2788751423358917,0.2731551229953766
C3_2,it0026,3,0.15894804894924164,0.2660983204841614
C3_2,it0026,4,0.3383157551288605,0.37044402956962585
C3_2,it0026,5,0.20962446928024292,0.25509658455848694
C3_2,it0026,6,0.2758599519729614,0.342684268951416
C3_2,it0026,7,0.27116718888282776,0.1792098730802536
C3_2,it0027,0,0.5453976392745972,0.6027964949607849
C3_2,it0027,1,0.546021044254303,0.642218828201294
C3_2,it0027,2,0.46863842010498047,0.669283390045166
C3_2,it0027,3,0.45923173427581787,0.5804934501647949
C3_2,it0027,4,0.4879883825778961,0.6545048356056213
C3_2,it0027,5,0.5515690445899963,0.6773771047592163
C3_2,it0027,6,0.5499693751335144,0.6540968418121338
C3_2,it0027,7,0.5073038935661316,0.6578165888786316
C3_2,it0028,0,0.5458275079727173,0.44564688205718994
C3_2,it0028,1,0.46698322892189026,0.4299045503139496
C3_2,it0028,2,0.5224697589874268,0.4783562421798706
C3_2,it0028,3,0.49246716499328613,0.5346893072128296
C3_2,it0028,4,0.5710169076919556,0.5459950566291809
C3_2,it0028,5,0.5365182161331177,0.44167542457580566
C3_2,it0028,6,0.5405653119087219,0.4121274948120117
C3_2,it0028,7,0.5073286294937134,0.37118807435035706
C3_2,it0029,0,0.2506733238697052,0.1521281599998474
C3_2,it0029,1,0.4032878279685974,0.36693766713142395
C3_2,it0029,2,0.38059067726135254,0.3770960569381714
C3_2,it0029,3,0.30570298433303833,0.1912894994020462
C3_2,it0029,4,0.4666908383369446,0.3535810708999634
C3_2,it0029,5,0.4407642185688019,0.3360444903373718
C3_2,it0029,6,0.29255011677742004,0.19102704524993896
C3_2,it0029,7,0.2009207308292389,0.19894784688949585
C3_2,it0030,0,0.3122979700565338,0.4334433674812317
C3_2,it0030,1,0.41183415055274963,0.5008887648582458
C3_2,it0030,2,0.44150876998901367,0.5489152073860168
C3_2,it0030,3,0.4041925072669983,0.5094012022018433
C3_2,it0030,4,0.38990554213523865,0.5035420656204224
C3_2,it0030,5,0.3643008768558502,0.471657395362854
C3_2,it0030,6,0.5225649476051331,0.5620080828666687
C3_2,it0030,7,0.39441707730293274,0.502545177936554
C3_2,it0031,0,0.13479943573474884,0.2826707065105438
C3_2,it0031,1,0.27332890033721924,0.302940309047699
C3_2,it0031,2,0.2460460364818573,0.3250989317893982
C3_2,it0031,3,0.2826423645019531,0.32714253664016724
C3_2,it0031,4,0.26902785897254944,0.37816959619522095
C3_2,it0031,5,0.2615063190460205,0.39707690477371216
C3_2,it0031,6,0.27782732248306274,0.2899790108203888
C3_2,it0031,7,0.2958977222442627,0.40598076581954956
C3_2,it0032,0,0.642550528049469,0.6412976980209351
C3_2,it0032,1,0.49817848205566406,0.5652948617935181
C3_2,it0032,2,0.5344152450561523,0.6065987944602966
C3_2,it0032,3,0.48352760076522827,0.6331177949905396
C3_2,it0032,4,0.5275775790214539,0.6147617101669312
C3_2,it0032,5,0.5663496255874634,0.6401689052581787
C3_2,it0032,6,0.5085286498069763,0.6014276146888733
C3_2,it0032,7,0.4996781647205353,0.6390220522880554
C3_2,it0033,0,0.2607426345348358,0.3799077868461609
C3_2,it0033,1,0.2012469470500946,0.3481125235557556
C3_2,it0033,2,0.31479281187057495,0.4190221428871155
C3_2,it0033,3,0.12308443337678909,0.4149364233016968
C3_2,it0033,4,0.27672696113586426,0.3959558606147766
C3_2,it0033,5,0.24597784876823425,0.37634140253067017
C3_2,it0033,6,0.24441397190093994,0.43396124243736267
C3_2,it0033,7,0.12758617103099823,0.35158389806747437
C3_2,it0034,0,0.385485976934433,0.43717843294143677
C3_2,it0034,1,0.458716481924057,0.5691059231758118
C3_2,it0034,2,0.26360297203063965,0.4556713104248047
C3_2,it0034,3,0.30633464455604553,0.39096057415008545
C3_2,it0034,4,0.4496295154094696,0.500963568687439
C3_2,it0034,5,0.4563859701156616,0.45383304357528687
C3_2,it0034,6,0.27221760153770447,0.45279553532600403
C3_2,it0034,7,0.4008232653141022,0.46741819381713867
C3_2,it0035,0,0.16623172163963318,0.2924000024795532
C3_2,it0035,1,0.12779800593852997,0.27342432737350464
C3_2,it0035,2,0.24059270322322845,0.2538016140460968
C3_2,it0035,3,0.15671737492084503,0.23206168413162231
C3_2,it0035,4,0.12302220612764359,0.2737734317779541
C3_2,it0035,5,0.04684487730264664,0.1926070600748062
C3_2,it0035,6,0.18350178003311157,0.33520713448524475
C3_2,it0035,7,0.19906966388225555,0.22084009647369385
C3_2,it0036,0,0.43828311562538147,0.4799979627132416
C3_2,it0036,1,0.42761722207069397,0.5734078288078308
C3_2,it0036,2,0.42629823088645935,0.45409920811653137
C3_2,it0036,3,0.5794559121131897,0.644798219203949
C3_2,it0036,4,0.2923750579357147,0.5242189764976501
C3_2,it0036,5,0.49106070399284363,0.5794433951377869
C3_2,it0036,6,0.4919450283050537,0.5929338335990906
C3_2,it0036,7,0.45282554626464844,0.5336818695068359
C3_2,it0037,0,0.4587157666683197,0.5514526963233948
C3_2,it0037,1,0.3572986125946045,0.5101519823074341
C3_2,it0037,2,0.42401835322380066,0.5058507919311523
C3_2,it0037,3,0.46301206946372986,0.48027706146240234
C3_2,it0037,4,0.317602276802063,0.4792581796646118
C3_2,it0037,5,0.47729194164276123,0.5028408765792847
C3_2,it0037,6,0.4795469343662262,0.56558758020401
C3_2,it0037,7,0.44051119685173035,0.45164167881011963
C3_2,it0038,0,0.14077787101268768,0.2988385856151581
C3_2,it0038,1,0.2880202531814575,0.32666105031967163
C3_2,it0038,2,0.18584293127059937,0.3276671767234802
C3_2,it0038,3,0.05938927084207535,0.2870982885360718
C3_2,it0038,4,0.16280204057693481,0.3548904061317444
C3_2,it0038,5,0.16318997740745544,0.32652920484542847
C3_2,it0038,6,0.21365241706371307,0.3928227126598358
C3_2,it0038,7,0.18637271225452423,0.21829114854335785
C3_2,it0039,0,0.45070821046829224,0.5910439491271973
C3_2,it0039,1,0.4693809151649475,0.45270347595214844
C3_2,it0039,2,0.44891223311424255,0.4590079188346863
C3_2,it0039,3,0.48915812373161316,0.4732765257358551
C3_2,it0039,4,0.39945441484451294,0.4558710753917694
C3_2,it0039,5,0.4880646765232086,0.45526233315467834
C3_2,it0039,6,0.4470919966697693,0.49786216020584106
C3_2,it0039,7,0.5348585247993469,0.6079521179199219
C3_2,it0040,0,0.23850776255130768,0.28875067830085754
C3_2,it0040,1,0.1410781890153885,0.1841534674167633
C3_2,it0040,2,0.15240082144737244,0.3137296736240387
C3_2,it0040,3,0.1272219717502594,0.2384049892425537
C3_2,it0040,4,0.12874238193035126,0.2812138497829437
C3_2,it0040,5,0.17632098495960236,0.32975393533706665
C3_2,it0040,6,0.15671169757843018,0.2718227803707123
C3_2,it0040,7,0.20087887346744537,0.2422674000263214
C3_2,it0041,0,0.3621332049369812,0.6307591199874878
C3_2,it0041,1,0.4113808870315552,0.6771867275238037
C3_2,it0041,2,0.43490079045295715,0.6599833965301514
C3_2,it0041,3,0.42101866006851196,0.5593826174736023
C3_2,it0041,4,0.40422940254211426,0.6437655687332153
C3_2,it0041,5,0.40723663568496704,0.660578727722168
C3_2,it0041,6,0.4097582697868347,0.6250552535057068
C3_2,it0041,7,0.3322350084781647,0.6505752801895142
C3_2,it0042,0,0.2308800220489502,0.3326816260814667
C3_2,it0042,1,0.33307063579559326,0.33444225788116455
C3_2,it0042,2,0.30335533618927,0.40653911232948303
C3_2,it0042,3,0.4325430989265442,0.4458448588848114
C3_2,it0042,4,0.3924328684806824,0.4701426029205322
C3_2,it0042,5,0.40450799465179443,0.42156296968460083
C3_2,it0042,6,0.25667381286621094,0.3111099898815155
C3_2,it0042,7,0.29103195667266846,0.34754690527915955
C3_2,it0043,0,0.3220682442188263,0.2676454782485962
C3_2,it0043,1,0.13516563177108765,0.16922840476036072
C3_2,it0043,2,0.25812017917633057,0.2655895948410034
C3_2,it0043,3,0.25418686866760254,0.2681688666343689
C3_2,it0043,4,0.23261627554893494,0.3178527355194092
C3_2,it0043,5,0.2735249400138855,0.2735251486301422
C3_2,it0043,6,0.18847854435443878,0.3079588711261749
C3_2,it0043,7,0.20258395373821259,0.2791134715080261
C3_2,it0044,0,0.44382670521736145,0.4939391314983368
C3_2,it0044,1,0.4698101580142975,0.46684789657592773
C3_2,it0044,2,0.5562356114387512,0.5051478147506714
C3_2,it0044,3,0.47240540385246277,0.46140220761299133
C3_2,it0044,4,0.5288398265838623,0.5291470885276794
C3_2,it0044,5,0.5168080925941467,0.4122981131076813
C3_2,it0044,6,0.40702882409095764,0.3980376124382019
C3_2,it0044,7,0.3953922688961029,0.40620845556259155
C3_2,it0045,0,0.238615483045578,0.15654349327087402
C3_2,it0045,1,0.3561827838420868,0.224359393119812
C3_2,it0045,2,0.35241636633872986,0.28685250878334045
C3_2,it0045,3,0.4161686301231384,0.26534366607666016
C3_2,it0045,4,0.38158461451530457,0.18737256526947021
C3_2,it0045,5,0.3186538517475128,0.2573493719100952
C3_2,it0045,6,0.38566654920578003,0.2957395613193512
C3_2,it0045,7,0.4339042901992798,0.2574162483215332
C3_2,it0046,0,0.359494149684906,0.36895495653152466
C3_2,it0046,1,0.19644086062908173,0.332727313041687
C3_2,it0046,2,0.3715340197086334,0.44828763604164124
C3_2,it0046,3,0.2665974497795105,0.319607138633728
C3_2,it0046,4,0.3764297068119049,0.407110333442688
C3_2,it0046,5,0.3439696729183197,0.2869027256965637
C3_2,it0046,6,0.20565392076969147,0.31146472692489624
C3_2,it0046,7,0.3675260543823242,0.2886940538883209
C3_2,it0047,0,0.3032580614089966,0.39144787192344666
C3_2,it0047,1,0.20945905148983002,0.2730025053024292
C3_2,it0047,2,0.0848337784409523,0.3257356286048889
C3_2,it0047,3,0.19816988706588745,0.2969112694263458
C3_2,it0047,4,0.35465365648269653,0.3332289457321167
C3_2,it0047,5,0.4068412184715271,0.24665863811969757
C3_2,it0047,6,0.37761130928993225,0.18830789625644684
C3_2,it0047,7,0.07546365261077881,0.22455498576164246
C3_2,it0048,0,0.44830089807510376,0.5191617012023926
C3_2,it0048,1,0.2594982385635376,0.35163843631744385
C3_2,it0048,2,0.30574268102645874,0.48966488242149353
C3_2,it0048,3,0.27366355061531067,0.4836316406726837
C3_2,it0048,4,0.4275451898574829,0.4931693375110626
C3_2,it0048,5,0.40622007846832275,0.4381965696811676
C3_2,it0048,6,0.41605862975120544,0.500748872756958
C3_2,it0048,7,0.3993992507457733,0.5263539552688599
C3_2,it0049,0,0.48345550894737244,0.40276581048965454
C3_2,it0049,1,0.45429909229278564,0.33429187536239624
C3_2,it0049,2,0.46541646122932434,0.3169073164463043
C3_2,it0049,3,0.5555413961410522,0.3206569254398346
C3_2,it0049,4,0.3142201006412506,0.21408739686012268
C3_2,it0049,5,0.4266611635684967,0.18016207218170166
C3_2,it0049,6,0.44753795862197876,0.3674021363258362
C3_2,it0049,7,0.3668121099472046,0.27364999055862427
C3_2,it0050,0,0.12603583931922913,0.22903981804847717
C3_2,it0050,1,0.07332246005535126,0.2623645067214966
C3_2,it0050,2,-0.045349009335041046,0.3106732964515686
C3_2,it0050,3,-0.03403704985976219,0.3130987584590912
C3_2,it0050,4,-0.11466128379106522,0.012370752170681953
C3_2,it0050,5,0.004734884947538376,0.16381864249706268
C3_2,it0050,6,0.16341336071491241,0.3503594994544983
C3_2,it0050,7,0.04558369889855385,0.31984850764274597
C3_2,it0051,0,0.4010451138019562,0.16941261291503906
C3_2,it0051,1,0.46145114302635193,0.1396818608045578
C3_2,it0051,2,0.3696986138820648,0.21818944811820984
C3_2,it0051,3,0.4196126461029053,0.18892741203308105
C3_2,it0051,4,0.48296740651130676,0.23863151669502258
C3_2,it0051,5,0.3893214762210846,0.16455741226673126
C3_2,it0051,6,0.43251675367355347,0.19981542229652405
C3_2,it0051,7,0.503218412399292,0.1751270890235901
C3_2,it0052,0,0.21606604754924774,0.1111404150724411
C3_2,it0052,1,0.07744154334068298,0.19855567812919617
C3_2,it0052,2,0.30930444598197937,0.21821053326129913
C3_2,it0052,3,0.14101704955101013,0.083011694252491
C3_2,it0052,4,0.327830970287323,0.3746076822280884
C3_2,it0052,5,0.2861971855163574,0.2762581706047058
C3_2,it0052,6,0.22473126649856567,0.27217644453048706
C3_2,it0052,7,0.22708208858966827,0.26763200759887695
C3_2,it0053,0,0.3207240402698517,0.2532801628112793
C3_2,it0053,1,0.27024567127227783,0.25529471039772034
C3_2,it0053,2,0.2894560992717743,0.18533390760421753
C3_2,it0053,3,0.3717583119869232,0.28652268648147583
C3_2,it0053,4,0.3105766773223877,0.2690858244895935
C3_2,it0053,5,0.36121416091918945,0.2870485782623291
C3_2,it0053,6,0.3464343547821045,0.2869299650192261
C3_2,it0053,7,0.27045807242393494,0.1649153232574463
C3_2,it0054,0,0.15202823281288147,0.40798333287239075
C3_2,it0054,1,0.03162623941898346,0.328058123588562
C3_2,it0054,2,0.13778303563594818,0.28231972455978394
C3_2,it0054,3,0.136540025472641,0.30503422021865845
C3_2,it0054,4,0.21411465108394623,0.3433140814304352
C3_2,it0054,5,0.2103375792503357,0.4010409712791443
C3_2,it0054,6,0.3080471158027649,0.3821414113044739
C3_2,it0054,7,0.18533223867416382,0.2991180121898651
C3_2,it0055,0,0.46087777614593506,0.5310454964637756
C3_2,it0055,1,0.4873804450035095,0.5139219760894775
C3_2,it0055,2,0.47674912214279175,0.45357248187065125
C3_2,it0055,3,0.3504503667354584,0.49716654419898987
C3_2,it0055,4,0.310681015253067,0.34401485323905945
C3_2,it0055,5,0.4671362638473511,0.608086884021759
C3_2,it0055,6,0.46341079473495483,0.44871896505355835
C3_2,it0055,7,0.4714483618736267,0.4827684760093689
C3_2,it0056,0,0.35130178928375244,0.3660174310207367
C3_2,it0056,1,0.2385605275630951,0.3819144070148468
C3_2,it0056,2,0.2817532420158386,0.40861639380455017
C3_2,it0056,3,0.18623223900794983,0.4518154263496399
C3_2,it0056,4,0.25382739305496216,0.4012800455093384
C3_2,it0056,5,0.21766552329063416,0.40205973386764526
C3_2,it0056,6,0.285993367433548,0.3670702874660492
C3_2,it0056,7,0.31049782037734985,0.37368255853652954
C3_2,it0057,0,0.24565523862838745,0.473662793636322
C3_2,it0057,1,0.26153096556663513,0.5165504217147827
C3_2,it0057,2,0.2743898928165436,0.5461292266845703
C3_2,it0057,3,0.28783315420150757,0.5629252791404724
C3_2,it0057,4,0.18471555411815643,0.427440345287323
C3_2,it0057,5,0.386194109916687,0.5309426784515381
C3_2,it0057,6,0.17319336533546448,0.4461195170879364
C3_2,it0057,7,0.2906080484390259,0.5369035601615906
C3_2,it0058,0,0.3038135766983032,0.34306326508522034
C3_2,it0058,1,0.23631830513477325,0.4065418243408203
C3_2,it0058,2,0.25555145740509033,0.4000258147716522
C3_2,it0058,3,0.26755237579345703,0.3490356206893921
C3_2,it0058,4,0.36144760251045227,0.306956946849823
C3_2,it0058,5,0.2786596119403839,0.16672208905220032
C3_2,it0058,6,0.3632579743862152,0.3996150493621826
C3_2,it0058,7,0.25239190459251404,0.33153820037841797
C3_2,it0059,0,0.5691510438919067,0.5621287226676941
C3_2,it0059,1,0.44206833839416504,0.5812237858772278
C3_2,it0059,2,0.450178861618042,0.5507630109786987
C3_2,it0059,3,0.48831433057785034,0.5868037939071655
C3_2,it0059,4,0.570545494556427,0.5294246673583984
C3_2,it0059,5,0.4707522988319397,0.5136915445327759
C3_2,it0059,6,0.5097280740737915,0.5447351932525635
C3_2,it0059,7,0.630031168460846,0.6180441379547119
C3_2,it0060,0,0.39380475878715515,0.3554718494415283
C3_2,it0060,1,0.3980124890804291,0.41043078899383545
C3_2,it0060,2,0.4426674544811249,0.47844719886779785
C3_2,it0060,3,0.39036795496940613,0.41882753372192383
C3_2,it0060,4,0.45251771807670593,0.5080778002738953
C3_2,it0060,5,0.4037286341190338,0.39673084020614624
C3_2,it0060,6,0.4146321415901184,0.4165217876434326
C3_2,it0060,7,0.25910666584968567,0.3412289321422577
C3_2,it0061,0,0.5110067129135132,0.5159862041473389
C3_2,it0061,1,0.5286559462547302,0.5617563724517822
C3_2,it0061,2,0.541181743144989,0.48311349749565125
C3_2,it0061,3,0.5342087149620056,0.5766487717628479
C3_2,it0061,4,0.5568601489067078,0.5340411067008972
C3_2,it0061,5,0.5046551823616028,0.48413020372390747
C3_2,it0061,6,0.5598855018615723,0.5551287531852722
C3_2,it0061,7,0.5674781799316406,0.4958924651145935
C3_2,it0062,0,0.6110737919807434,0.6951541304588318
C3_2,it0062,1,0.5241764783859253,0.6178032159805298
C3_2,it0062,2,0.6560210585594177,0.6446351408958435
C3_2,it0062,3,0.6828606724739075,0.7674497365951538
C3_2,it0062,4,0.5903418064117432,0.6300753355026245
C3_2,it0062,5,0.4831952750682831,0.5657852292060852
C3_2,it0062,6,0.5886668562889099,0.6534116864204407
C3_2,it0062,7,0.5256981253623962,0.5417942404747009
C3_2,it0063,0,0.288894385099411,0.3037812113761902
C3_2,it0063,1,0.1879960149526596,0.2381891906261444
C3_2,it0063,2,0.34472447633743286,0.35173699259757996
C3_2,it0063,3,0.3271622061729431,0.4037410020828247
C3_2,it0063,4,0.22645322978496552,0.31310170888900757
C3_2,it0063,5,0.4065501093864441,0.3486378788948059
C3_2,it0063,6,0.2930382490158081,0.35519012808799744
C3_2,it0063,7,0.3184220790863037,0.3529915511608124
C3_2,it0064,0,0.4669678211212158,0.37448063492774963
C3_2,it0064,1,0.29654374718666077,0.2680179178714752
C3_2,it0064,2,0.32616400718688965,0.26248663663864136
C3_2,it0064,3,0.3121006488800049,0.18242207169532776
C3_2,it0064,4,0.4321642816066742,0.3775070309638977
C3_2,it0064,5,0.37410569190979004,0.3382890820503235
C3_2,it0064,6,0.34671762585639954,0.3558178246021271
C3_2,it0064,7,0.3779301047325134,0.3683246374130249
C3_2,it0065,0,0.631194531917572,0.6503306031227112
C3_2,it0065,1,0.5431130528450012,0.6037523150444031
C3_2,it0065,2,0.5379675030708313,0.5810272693634033
C3_2,it0065,3,0.6406136751174927,0.6485618352890015
C3_2,it0065,4,0.6003769636154175,0.5780351161956787
C3_2,it0065,5,0.5851026773452759,0.5975838899612427
C3_2,it0065,6,0.5508244037628174,0.6478885412216187
C3_2,it0065,7,0.6433147192001343,0.6672995686531067
C3_2,it0066,0,0.28331300616264343,0.33776623010635376
C3_2,it0066,1,0.2856238782405853,0.28241437673568726
C3_2,it0066,2,0.3391532599925995,0.37571725249290466
C3_2,it0066,3,0.3078586161136627,0.33622315526008606
C3_2,it0066,4,0.3170790672302246,0.2734050154685974
C3_2,it0066,5,0.27152055501937866,0.3065182566642761
C3_2,it0066,6,0.35172611474990845,0.32153433561325073
C3_2,it0066,7,0.32039207220077515,0.335309773683548
C3_2,it0067,0,0.11814466118812561,0.17252783477306366
C3_2,it0067,1,0.16621902585029602,0.160660520195961
C3_2,it0067,2,0.10742676258087158,0.2922029197216034
C3_2,it0067,3,0.27354896068573,0.3045042157173157
C3_2,it0067,4,0.11468013375997543,0.2839597463607788
C3_2,it0067,5,0.1296333521604538,0.20554620027542114
C3_2,it0067,6,0.3306722640991211,0.41642630100250244
C3_2,it0067,7,0.1700412631034851,0.29150858521461487
C3_2,it0068,0,0.5611250400543213,0.6516625881195068
C3_2,it0068,1,0.5574327707290649,0.6049025058746338
C3_2,it0068,2,0.5310007929801941,0.6933965682983398
C3_2,it0068,3,0.5181869864463806,0.6493791937828064
C3_2,it0068,4,0.6103668808937073,0.6650089025497437
C3_2,it0068,5,0.536045253276825,0.6716110110282898
C3_2,it0068,6,0.6170012950897217,0.697925865650177
C3_2,it0068,7,0.5816456079483032,0.6444534063339233
C3_2,it0069,0,0.25939539074897766,0.1928814947605133
C3_2,it0069,1,0.38834232091903687,0.29628652334213257
C3_2,it0069,2,0.1550833135843277,0.26211777329444885
C3_2,it0069,3,0.34167054295539856,0.3283657431602478
C3_2,it0069,4,0.17793820798397064,0.31882211565971375
C3_2,it0069,5,0.317425400018692,0.23036812245845795
C3_2,it0069,6,0.39463645219802856,0.415547639131546
C3_2,it0069,7,0.3788807988166809,0.4456172585487366
C3_2,it0070,0,0.4841271638870239,0.4536139965057373
C3_2,it0070,1,0.5266756415367126,0.450509637594223
C3_2,it0070,2,0.4528299570083618,0.5018566846847534
C3_2,it0070,3,0.3294221758842468,0.45197606086730957
C3_2,it0070,4,0.31196328997612,0.4288668930530548
C3_2,it0070,5,0.3490351438522339,0.49945303797721863
C3_2,it0070,6,0.5663197636604309,0.5121275186538696
C3_2,it0070,7,0.4980921447277069,0.391247034072876
C3_2,it0071,0,0.5155201554298401,0.5486153364181519
C3_2,it0071,1,0.4058104157447815,0.5301316380500793
C3_2,it0071,2,0.47377753257751465,0.5203118920326233
C3_2,it0071,3,0.5472779273986816,0.5721670985221863
C3_2,it0071,4,0.5084855556488037,0.5777431130409241
C3_2,it0071,5,0.5299963355064392,0.6300183534622192
C3_2,it0071,6,0.4421015977859497,0.5604245066642761
C3_2,it0071,7,0.474151074886322,0.47935739159584045
C3_2,it0072,0,0.45138293504714966,0.4773009419441223
C3_2,it0072,1,0.40730154514312744,0.5030068159103394
C3_2,it0072,2,0.36335447430610657,0.4625117778778076
C3_2,it0072,3,0.5650904774665833,0.5374668836593628
C3_2,it0072,4,0.5102845430374146,0.5162942409515381
C3_2,it0072,5,0.43674159049987793,0.4427691698074341
C3_2,it0072,6,0.48662394285202026,0.4808253347873688
C3_2,it0072,7,0.44935551285743713,0.540267825126648
C3_2,it0073,0,0.19085708260536194,0.13308820128440857
C3_2,it0073,1,0.23989391326904297,0.12588070333003998
C3_2,it0073,2,0.14674803614616394,0.182809978723526
C3_2,it0073,3,0.3075866401195526,0.24554628133773804
C3_2,it0073,4,0.2912974953651428,0.27213460206985474
C3_2,it0073,5,0.24440838396549225,0.2248181402683258
C3_2,it0073,6,0.3166371285915375,0.1435636281967163
C3_2,it0073,7,0.2492971122264862,0.19362328946590424
C3_2,it0074,0,0.12783265113830566,0.24599924683570862
C3_2,it0074,1,0.29097074270248413,0.33948323130607605
C3_2,it0074,2,0.21705174446105957,0.3626724183559418
C3_2,it0074,3,0.12104993313550949,0.22672134637832642
C3_2,it0074,4,0.3175567388534546,0.3570513427257538
C3_2,it0074,5,0.11955561488866806,0.21965651214122772
C3_2,it0074,6,0.20585457980632782,0.24378252029418945
C3_2,it0074,7,0.17512096464633942,0.2918274700641632
C3_2,it0075,0,0.27768588066101074,0.5113638639450073
C3_2,it0075,1,0.24344415962696075,0.30637919902801514
C3_2,it0075,2,0.3429296612739563,0.39890122413635254
C3_2,it0075,3,0.2485431581735611,0.3012285530567169
C3_2,it0075,4,0.10729607194662094,0.4241997003555298
C3_2,it0075,5,0.2549130320549011,0.3705343008041382
C3_2,it0075,6,0.3601717948913574,0.3416251540184021
C3_2,it0075,7,0.3482659161090851,0.43503379821777344
C3_2,it0076,0,0.19880318641662598,0.5386011600494385
C3_2,it0076,1,0.20789365470409393,0.4446091055870056
C3_2,it0076,2,0.41648349165916443,0.5700671076774597
C3_2,it0076,3,0.14956416189670563,0.5106300115585327
C3_2,it0076,4,0.2726910710334778,0.4686163067817688
C3_2,it0076,5,0.19162985682487488,0.6284364461898804
C3_2,it0076,6,0.28879156708717346,0.5883220434188843
C3_2,it0076,7,0.2618841528892517,0.5380669236183167
C3_2,it0077,0,0.5006008744239807,0.3960959017276764
C3_2,it0077,1,0.4504096806049347,0.352385938167572
C3_2,it0077,2,0.3466989994049072,0.29504838585853577
C3_2,it0077,3,0.2864104211330414,0.46771878004074097
C3_2,it0077,4,0.32977163791656494,0.3460097014904022
C3_2,it0077,5,0.29523757100105286,0.41315677762031555
C3_2,it0077,6,0.22054579854011536,0.28654372692108154
C3_2,it0077,7,0.40879565477371216,0.3554055988788605
C3_2,it0078,0,0.3678269684314728,0.39570775628089905
C3_2,it0078,1,0.3279315233230591,0.37850090861320496
C3_2,it0078,2,0.3002394735813141,0.3345519006252289
C3_2,it0078,3,0.40431103110313416,0.4482317864894867
C3_2,it0078,4,0.34103623032569885,0.47354400157928467
C3_2,it0078,5,0.3030755817890167,0.3449709415435791
C3_2,it0078,6,0.46051961183547974,0.4990213215351105
C3_2,it0078,7,0.32583048939704895,0.4046371579170227
C3_2,it0079,0,0.5635817050933838,0.5695036053657532
C3_2,it0079,1,0.5829097628593445,0.6442768573760986
C3_2,it0079,2,0.5913636684417725,0.6694757342338562
C3_2,it0079,3,0.6238787174224854,0.6588935256004333
C3_2,it0079,4,0.5753574967384338,0.633793830871582
C3_2,it0079,5,0.542441189289093,0.514813244342804
C3_2,it0079,6,0.5393369197845459,0.5510228872299194
C3_2,it0079,7,0.5481539964675903,0.5935816764831543
C3_2,it0080,0,0.21296080946922302,0.4549199640750885
C3_2,it0080,1,0.24819548428058624,0.385402113199234
C3_2,it0080,2,0.11250938475131989,0.34833770990371704
C3_2,it0080,3,0.27092495560646057,0.42519351840019226
C3_2,it0080,4,0.25261783599853516,0.339124470949173
C3_2,it0080,5,0.21310433745384216,0.4511597752571106
C3_2,it0080,6,0.2317562848329544,0.3161574900150299
C3_2,it0080,7,0.13694912195205688,0.3549826443195343
C3_2,it0081,0,0.2421122044324875,0.32640016078948975
C3_2,it0081,1,0.3011331260204315,0.37455296516418457
C3_2,it0081,2,0.3164009153842926,0.38098573684692383
C3_2,it0081,3,0.21039128303527832,0.2922564744949341
C3_2,it0081,4,0.35540980100631714,0.42715945839881897
C3_2,it0081,5,0.2871524393558502,0.367477148771286
C3_2,it0081,6,0.22249850630760193,0.30526262521743774
C3_2,it0081,7,0.3421584367752075,0.3286954164505005
C3_2,it0082,0,0.42199066281318665,0.46277299523353577
C3_2,it0082,1,0.38390275835990906,0.37021180987358093
C3_2,it0082,2,0.31457799673080444,0.5240533351898193
C3_2,it0082,3,0.42163509130477905,0.3717559576034546
C3_2,it0082,4,0.4980509281158447,0.5037707686424255
C3_2,it0082,5,0.4207168519496918,0.451224148273468
C3_2,it0082,6,0.3623768091201782,0.4488008916378021
C3_2,it0082,7,0.4871467053890228,0.4830275774002075
C3_2,it0083,0,0.34403195977211,0.461309552192688
C3_2,it0083,1,0.27996188402175903,0.38260406255722046
C3_2,it0083,2,0.32027506828308105,0.49292969703674316
C3_2,it0083,3,0.2837676703929901,0.460027813911438
C3_2,it0083,4,0.3426268994808197,0.4588765799999237
C3_2,it0083,5,0.2791440486907959,0.44495150446891785
C3_2,it0083,6,0.30624592304229736,0.4876195788383484
C3_2,it0083,7,0.3932819664478302,0.51924067735672
C3_2,it0084,0,0.3525351881980896,0.5360128283500671
C3_2,it0084,1,0.3756796717643738,0.5723203420639038
C3_2,it0084,2,0.47959083318710327,0.5994244813919067
C3_2,it0084,3,0.368370920419693,0.5712849497795105
C3_2,it0084,4,0.5222253203392029,0.6544320583343506
C3_2,it0084,5,0.40388816595077515,0.5902383923530579
C3_2,it0084,6,0.41869333386421204,0.5758882761001587
C3_2,it0084,7,0.4375850558280945,0.6607924699783325
C3_2,it0085,0,0.4848264455795288,0.5460507869720459
C3_2,it0085,1,0.2690788805484772,0.39661821722984314
C3_2,it0085,2,0.39822083711624146,0.5701102614402771
C3_2,it0085,3,0.5081406831741333,0.5132325291633606
C3_2,it0085,4,0.4033683240413666,0.5710282921791077
C3_2,it0085,5,0.34545713663101196,0.5104144811630249
C3_2,it0085,6,0.4664806127548218,0.5653608441352844
C3_2,it0085,7,0.24660047888755798,0.45168179273605347
C3_2,it0086,0,0.47239547967910767,0.5140249133110046
C3_2,it0086,1,0.5021447539329529,0.5707771182060242
C3_2,it0086,2,0.49890145659446716,0.530593752861023
C3_2,it0086,3,0.6006843447685242,0.5943898558616638
C3_2,it0086,4,0.6212074756622314,0.5594502687454224
C3_2,it0086,5,0.4484196901321411,0.5923282504081726
C3_2,it0086,6,0.5492343902587891,0.5957818031311035
C3_2,it0086,7,0.6014029383659363,0.6217544078826904
C3_2,it0087,0,0.42963647842407227,0.48721858859062195
C3_2,it0087,1,0.5011590719223022,0.42647889256477356
C3_2,it0087,2,0.688359260559082,0.46338292956352234
C3_2,it0087,3,0.5746035575866699,0.544695258140564
C3_2,it0087,4,0.6374514102935791,0.4721129834651947
C3_2,it0087,5,0.5284779071807861,0.48005160689353943
C3_2,it0087,6,0.5825854539871216,0.4390411376953125
C3_2,it0087,7,0.5871646404266357,0.5446410179138184
C3_2,it0088,0,0.30141741037368774,0.3635205030441284
C3_2,it0088,1,0.35199305415153503,0.3875584006309509
C3_2,it0088,2,0.3653806149959564,0.30738329887390137
C3_2,it0088,3,0.29558098316192627,0.41975992918014526
C3_2,it0088,4,0.39310604333877563,0.353899210691452
C3_2,it0088,5,0.3114027976989746,0.35345959663391113
C3_2,it0088,6,0.3464822471141815,0.362358421087265
C3_2,it0088,7,0.42224204540252686,0.38976481556892395
C3_2,it0089,0,0.24228981137275696,0.35205256938934326
C3_2,it0089,1,0.20784562826156616,0.40764984488487244
C3_2,it0089,2,0.24880628287792206,0.4500609040260315
C3_2,it0089,3,0.1698502004146576,0.45877736806869507
C3_2,it0089,4,0.228774294257164,0.33514589071273804
C3_2,it0089,5,0.10083477199077606,0.3639478087425232
C3_2,it0089,6,0.25680679082870483,0.4518575668334961
C3_2,it0089,7,0.26842302083969116,0.33064714074134827
C3_2,it0090,0,0.528123676776886,0.540500819683075
C3_2,it0090,1,0.449657678604126,0.4951671361923218
C3_2,it0090,2,0.5414097309112549,0.5146929621696472
C3_2,it0090,3,0.6014127135276794,0.514177680015564
C3_2,it0090,4,0.4786490201950073,0.5406284928321838
C3_2,it0090,5,0.5555868744850159,0.5971851944923401
C3_2,it0090,6,0.5266399383544922,0.5369840264320374
C3_2,it0090,7,0.4373738169670105,0.5375573635101318
C3_2,it0091,0,0.4315701723098755,0.5905817151069641
C3_2,it0091,1,0.42785632610321045,0.5764353275299072
C3_2,it0091,2,0.4899916648864746,0.5411338806152344
C3_2,it0091,3,0.4226955771446228,0.5512873530387878
C3_2,it0091,4,0.5196645259857178,0.5807643532752991
C3_2,it0091,5,0.4325663447380066,0.5882205963134766
C3_2,it0091,6,0.361174076795578,0.5040728449821472
C3_2,it0091,7,0.4233454167842865,0.5388004779815674
C3_2,it0092,0,0.35263359546661377,0.39905887842178345
C3_2,it0092,1,0.34149855375289917,0.4638771712779999
C3_2,it0092,2,0.2859098017215729,0.5161664485931396
C3_2,it0092,3,0.21617844700813293,0.4444533884525299
C3_2,it0092,4,0.2751048803329468,0.4931643307209015
C3_2,it0092,5,0.3660655915737152,0.48470577597618103
C3_2,it0092,6,0.377059668302536,0.4841865301132202
C3_2,it0092,7,0.29274600744247437,0.3871147930622101
C3_2,it0093,0,0.32427260279655457,0.44769513607025146
C3_2,it0093,1,0.30638840794563293,0.4446398913860321
C3_2,it0093,2,0.3438730239868164,0.5758635401725769
C3_2,it0093,3,0.45913732051849365,0.5070050358772278
C3_2,it0093,4,0.3980923593044281,0.4272846579551697
C3_2,it0093,5,0.3150362968444824,0.42256101965904236
C3_2,it0093,6,0.33886605501174927,0.5577054023742676
C3_2,it0093,7,0.24267993867397308,0.47090551257133484
C3_2,it0094,0,0.36688607931137085,0.41523686051368713
C3_2,it0094,1,0.42950499057769775,0.4773751497268677
C3_2,it0094,2,0.4440687894821167,0.3713051378726959
C3_2,it0094,3,0.3412713408470154,0.4644971489906311
C3_2,it0094,4,0.487395703792572,0.3848372995853424
C3_2,it0094,5,0.4196142852306366,0.3561302423477173
C3_2,it0094,6,0.3519526422023773,0.31290045380592346
C3_2,it0094,7,0.38596102595329285,0.4570730924606323
C3_2,it0095,0,0.4281463027000427,0.4500219225883484
C3_2,it0095,1,0.4005942642688751,0.42015552520751953
C3_2,it0095,2,0.5007894039154053,0.43168550729751587
C3_2,it0095,3,0.411562979221344,0.46654215455055237
C3_2,it0095,4,0.4681837260723114,0.40936243534088135
C3_2,it0095,5,0.43505561351776123,0.4533689320087433
C3_2,it0095,6,0.5107303857803345,0.5393691658973694
C3_2,it0095,7,0.3811183273792267,0.43078184127807617
C3_2,it0096,0,0.41175734996795654,0.566594660282135
C3_2,it0096,1,0.25157371163368225,0.4850345849990845
C3_2,it0096,2,0.39873266220092773,0.5500940084457397
C3_2,it0096,3,0.41318684816360474,0.36324119567871094
C3_2,it0096,4,0.33977100253105164,0.534426212310791
C3_2,it0096,5,0.4743630588054657,0.574190080165863
C3_2,it0096,6,0.3313809037208557,0.5050445199012756
C3_2,it0096,7,0.3826703429222107,0.5245720148086548
C3_2,it0097,0,0.5792464017868042,0.6498188972473145
C3_2,it0097,1,0.4127084016799927,0.5610311627388
C3_2,it0097,2,0.4638781249523163,0.5962991714477539
C3_2,it0097,3,0.5704324841499329,0.5733553767204285
C3_2,it0097,4,0.5625917911529541,0.6413856148719788
C3_2,it0097,5,0.5417079925537109,0.5486931800842285
C3_2,it0097,6,0.5478163361549377,0.5921566486358643
C3_2,it0097,7,0.5319336652755737,0.5846314430236816
C3_2,it0098,0,0.31761980056762695,0.5246556401252747
C3_2,it0098,1,0.34003764390945435,0.459820419549942
C3_2,it0098,2,0.298054575920105,0.40130841732025146
C3_2,it0098,3,0.3703707456588745,0.5403957962989807
C3_2,it0098,4,0.38118404150009155,0.45240676403045654
C3_2,it0098,5,0.3085665702819824,0.4412432312965393
C3_2,it0098,6,0.320611834526062,0.5363302230834961
C3_2,it0098,7,0.3459169268608093,0.542059600353241
C3_2,it0099,0,0.13175563514232635,0.24206215143203735
C3_2,it0099,1,0.21818119287490845,0.22800609469413757
C3_2,it0099,2,0.1516202837228775,0.2472057193517685
C3_2,it0099,3,0.10778769850730896,0.2494415044784546
C3_2,it0099,4,0.13506540656089783,0.1927306354045868
C3_2,it0099,5,0.20405590534210205,0.2673130929470062
C3_2,it0099,6,0.18718461692333221,0.2582491934299469
C3_2,it0099,7,0.14808425307273865,0.27367156744003296
C3_2,it0100,0,0.5621801614761353,0.5733150243759155
C3_2,it0100,1,0.5379353761672974,0.6222643852233887
C3_2,it0100,2,0.5453361868858337,0.6414610743522644
C3_2,it0100,3,0.5556994676589966,0.6137436628341675
C3_2,it0100,4,0.5527986288070679,0.5900249481201172
C3_2,it0100,5,0.4660329818725586,0.5769180655479431
C3_2,it0100,6,0.5895817279815674,0.673534631729126
C3_2,it0100,7,0.6442302465438843,0.6828161478042603
C3_2,it0101,0,0.12002784013748169,0.07543417066335678
C3_2,it0101,1,0.2639195919036865,0.2617391049861908
C3_2,it0101,2,0.2562417685985565,0.2205866277217865
C3_2,it0101,3,0.1888675093650818,0.12545569241046906
C3_2,it0101,4,0.29797568917274475,0.270053893327713
C3_2,it0101,5,0.29009631276130676,0.25249943137168884
C3_2,it0101,6,0.27298402786254883,0.16443242132663727
C3_2,it0101,7,0.30824145674705505,0.3768896460533142
C3_2,it0102,0,0.34365665912628174,0.377421498298645
C3_2,it0102,1,0.2679149806499481,0.3222782611846924
C3_2,it0102,2,0.3944995105266571,0.3766420781612396
C3_2,it0102,3,0.40566936135292053,0.19923479855060577
C3_2,it0102,4,0.3748655319213867,0.400320827960968
C3_2,it0102,5,0.23916244506835938,0.2753691077232361
C3_2,it0102,6,0.4706856608390808,0.33536452054977417
C3_2,it0102,7,0.2860240638256073,0.3380885422229767
C3_2,it0103,0,0.23026491701602936,0.11280351132154465
C3_2,it0103,1,0.24889828264713287,0.2867719531059265
C3_2,it0103,2,0.35223767161369324,0.4412432312965393
C3_2,it0103,3,0.5121201872825623,0.4952002763748169
C3_2,it0103,4,0.364984393119812,0.3855127990245819
C3_2,it0103,5,0.24396294355392456,0.15079443156719208
C3_2,it0103,6,0.4547857344150543,0.3533201217651367
C3_2,it0103,7,0.28802454471588135,0.28309810161590576
C3_2,it0104,0,0.5518531203269958,0.6102842092514038
C3_2,it0104,1,0.42505794763565063,0.4822564721107483
C3_2,it0104,2,0.4529094696044922,0.5053496956825256
C3_2,it0104,3,0.5150285959243774,0.5853613615036011
C3_2,it0104,4,0.5917254686355591,0.493455171585083
C3_2,it0104,5,0.4441947937011719,0.3803064227104187
C3_2,it0104,6,0.41866305470466614,0.45415669679641724
C3_2,it0104,7,0.44162437319755554,0.47865137457847595
C3_2,it0105,0,0.5368786454200745,0.43586087226867676
C3_2,it0105,1,0.4638841152191162,0.3738173246383667
C3_2,it0105,2,0.4284781515598297,0.35271406173706055
C3_2,it0105,3,0.47318151593208313,0.41460564732551575
C3_2,it0105,4,0.5276632905006409,0.37490779161453247
C3_2,it0105,5,0.5278974175453186,0.47269463539123535
C3_2,it0105,6,0.47761648893356323,0.38792577385902405
C3_2,it0105,7,0.5123392939567566,0.4258228540420532
C3_2,it0106,0,0.3106502890586853,0.2588554322719574
C3_2,it0106,1,0.24046117067337036,0.23370131850242615
C3_2,it0106,2,0.3815343976020813,0.330451637506485
C3_2,it0106,3,0.44954872131347656,0.32182908058166504
C3_2,it0106,4,0.21614831686019897,0.2197326272726059
C3_2,it0106,5,0.49327653646469116,0.30898845195770264
C3_2,it0106,6,0.3138866424560547,0.31402549147605896
C3_2,it0106,7,0.39963871240615845,0.2536974251270294
C3_2,it0107,0,0.3891594707965851,0.4764271676540375
C3_2,it0107,1,0.5574761033058167,0.5837986469268799
C3_2,it0107,2,0.3933556079864502,0.5479727387428284
C3_2,it0107,3,0.5205913186073303,0.5715817809104919
C3_2,it0107,4,0.26011747121810913,0.3033643662929535
C3_2,it0107,5,0.3997533917427063,0.5758543014526367
C3_2,it0107,6,0.4387694299221039,0.47649386525154114
C3_2,it0107,7,0.46977919340133667,0.5746821165084839
C3_2,it0108,0,0.280326247215271,0.517598032951355
C3_2,it0108,1,0.3264982998371124,0.42931631207466125
C3_2,it0108,2,0.25450965762138367,0.3709147870540619
C3_2,it0108,3,0.40187376737594604,0.47512149810791016
C3_2,it0108,4,0.381941020488739,0.41516414284706116
C3_2,it0108,5,0.2831544578075409,0.4054970145225525
C3_2,it0108,6,0.3612655997276306,0.4260809123516083
C3_2,it0108,7,0.3105013370513916,0.3694196939468384
C3_2,it0109,0,0.30387797951698303,0.4415011703968048
C3_2,it0109,1,0.20689424872398376,0.4337663948535919
C3_2,it0109,2,0.3811597526073456,0.5067394375801086
C3_2,it0109,3,0.3311890661716461,0.44228440523147583
C3_2,it0109,4,0.27929261326789856,0.4427824318408966
C3_2,it0109,5,0.3990476727485657,0.517190158367157
C3_2,it0109,6,0.439784437417984,0.5327775478363037
C3_2,it0109,7,0.4269745647907257,0.4942016899585724
C3_2,it0110,0,0.29414093494415283,0.23135656118392944
C3_2,it0110,1,0.09496627002954483,0.12303566932678223
C3_2,it0110,2,0.3196776211261749,0.21362422406673431
C3_2,it0110,3,0.3778254985809326,0.20031419396400452
C3_2,it0110,4,0.34369444847106934,0.18230095505714417
C3_2,it0110,5,0.27419301867485046,0.26239120960235596
C3_2,it0110,6,0.32438424229621887,0.22099977731704712
C3_2,it0110,7,0.20765066146850586,0.1537509709596634
C3_2,it0111,0,0.13242752850055695,0.27030134201049805
C3_2,it0111,1,0.11777601391077042,0.1685609072446823
C3_2,it0111,2,0.23269709944725037,0.2681269645690918
C3_2,it0111,3,0.2149399369955063,0.27252843976020813
C3_2,it0111,4,0.11450983583927155,0.13473035395145416
C3_2,it0111,5,0.16238024830818176,0.19930601119995117
C3_2,it0111,6,0.11976810544729233,0.1993485391139984
C3_2,it0111,7,0.2488677054643631,0.34508123993873596
C3_2,it0112,0,0.5147509574890137,0.6427484154701233
C3_2,it0112,1,0.5859675407409668,0.6687756776809692
C3_2,it0112,2,0.5837061405181885,0.6420038938522339
C3_2,it0112,3,0.5584790706634521,0.6681592464447021
C3_2,it0112,4,0.5562530755996704,0.6231942176818848
C3_2,it0112,5,0.5034560561180115,0.6579697132110596
C3_2,it0112,6,0.5311740636825562,0.6110275387763977
C3_2,it0112,7,0.4920611083507538,0.5886276960372925
C3_2,it0113,0,0.45695313811302185,0.4125449061393738
C3_2,it0113,1,0.46793872117996216,0.5479241013526917
C3_2,it0113,2,0.45463287830352783,0.545223593711853
C3_2,it0113,3,0.41793277859687805,0.48964399099349976
C3_2,it0113,4,0.4535842835903168,0.5772861242294312
C3_2,it0113,5,0.45623621344566345,0.5187392830848694
C3_2,it0113,6,0.4293687045574188,0.549213707447052
C3_2,it0113,7,0.4648074507713318,0.6082803010940552
C3_2,it0114,0,0.14881503582000732,0.3079530894756317
C3_2,it0114,1,0.293423056602478,0.34855085611343384
C3_2,it0114,2,0.4350391626358032,0.49819934368133545
C3_2,it0114,3,0.6301790475845337,0.46643882989883423
C3_2,it0114,4,0.29701724648475647,0.4874895513057709
C3_2,it0114,5,0.38982561230659485,0.3607357144355774
C3_2,it0114,6,0.47692757844924927,0.5247615575790405
C3_2,it0114,7,0.28752401471138,0.45686864852905273
C3_2,it0115,0,0.10262233763933182,0.30026575922966003
C3_2,it0115,1,0.24894942343235016,0.33561310172080994
C3_2,it0115,2,0.17569488286972046,0.3180356025695801
C3_2,it0115,3,0.223161980509758,0.2864770293235779
C3_2,it0115,4,0.1753556728363037,0.23734064400196075
C3_2,it0115,5,0.26424384117126465,0.41357141733169556
C3_2,it0115,6,0.2169346660375595,0.27976325154304504
C3_2,it0115,7,0.14252351224422455,0.2564813792705536
C3_2,it0116,0,0.39922037720680237,0.5295276045799255
C3_2,it0116,1,0.32107090950012207,0.44164422154426575
C3_2,it0116,2,0.2190093994140625,0.5484502911567688
C3_2,it0116,3,0.4427219033241272,0.5013147592544556
C3_2,it0116,4,0.20867964625358582,0.47818824648857117
C3_2,it0116,5,0.3205481469631195,0.48296400904655457
C3_2,it0116,6,0.2924704849720001,0.4276750385761261
C3_2,it0116,7,0.34463798999786377,0.5339696407318115
C3_2,it0117,0,0.5838392972946167,0.4495169520378113
C3_2,it0117,1,0.5459800958633423,0.4825744032859802
C3_2,it0117,2,0.5566960573196411,0.4916943609714508
C3_2,it0117,3,0.5505927801132202,0.4333610236644745
C3_2,it0117,4,0.5028287172317505,0.40709370374679565
C3_2,it0117,5,0.5116228461265564,0.42911842465400696
C3_2,it0117,6,0.5585880875587463,0.46945542097091675
C3_2,it0117,7,0.5003537535667419,0.45258355140686035
C3_2,it0118,0,0.5184789299964905,0.6001845598220825
C3_2,it0118,1,0.5792876482009888,0.6659668684005737
C3_2,it0118,2,0.5183069705963135,0.6209225654602051
C3_2,it0118,3,0.6020603179931641,0.6905826926231384
C3_2,it0118,4,0.5515990853309631,0.6170347332954407
C3_2,it0118,5,0.5764972567558289,0.6483696103096008
C3_2,it0118,6,0.58488529920578,0.7094728350639343
C3_2,it0118,7,0.5143518447875977,0.657463550567627
C3_2,it0119,0,0.347870409488678,0.49059170484542847
C3_2,it0119,1,0.3916414976119995,0.4973696172237396
C3_2,it0119,2,0.464134156703949,0.5816808342933655
C3_2,it0119,3,0.37870416045188904,0.4275619089603424
C3_2,it0119,4,0.499544233083725,0.4422454833984375
C3_2,it0119,5,0.5779573321342468,0.4063745141029358
C3_2,it0119,6,0.5280251502990723,0.4401840269565582
C3_2,it0119,7,0.494743674993515,0.45453783869743347
C3_2,it0120,0,0.4449598491191864,0.600893497467041
C3_2,it0120,1,0.5113331079483032,0.6316487193107605
C3_2,it0120,2,0.49109411239624023,0.6169957518577576
C3_2,it0120,3,0.4463026523590088,0.5810563564300537
C3_2,it0120,4,0.4405386447906494,0.5008556246757507
C3_2,it0120,5,0.5516149401664734,0.6130670309066772
C3_2,it0120,6,0.5260987281799316,0.6251205205917358
C3_2,it0120,7,0.35624223947525024,0.5299209356307983
C3_2,it0121,0,0.40048348903656006,0.4564231336116791
C3_2,it0121,1,0.38417157530784607,0.3965751528739929
C3_2,it0121,2,0.37603652477264404,0.4503437578678131
C3_2,it0121,3,0.2946658730506897,0.46666455268859863
C3_2,it0121,4,0.16883237659931183,0.38653162121772766
C3_2,it0121,5,0.4122181832790375,0.6657018661499023
C3_2,it0121,6,0.4768426716327667,0.4840428829193115
C3_2,it0121,7,0.3408679962158203,0.4881834387779236
C3_2,it0122,0,0.22547480463981628,0.27524375915527344
C3_2,it0122,1,0.17931151390075684,0.1885395348072052
C3_2,it0122,2,0.2275896519422531,0.2996272146701813
C3_2,it0122,3,0.2548702359199524,0.3168097138404846
C3_2,it0122,4,0.22054798901081085,0.09600399434566498
C3_2,it0122,5,0.23404362797737122,0.2928314208984375
C3_2,it0122,6,0.17876218259334564,0.15898966789245605
C3_2,it0122,7,0.2646673917770386,0.24752062559127808
C3_2,it0123,0,0.45586279034614563,0.3021908700466156
C3_2,it0123,1,0.4039821922779083,0.2605757415294647
C3_2,it0123,2,0.5300307869911194,0.3466443419456482
C3_2,it0123,3,0.18659716844558716,0.28659093379974365
C3_2,it0123,4,0.40653181076049805,0.31812700629234314
C3_2,it0123,5,0.48921680450439453,0.3946179449558258
C3_2,it0123,6,0.46810343861579895,0.42143023014068604
C3_2,it0123,7,0.3819112777709961,0.28738754987716675
C3_2,it0124,0,0.41752707958221436,0.6448869705200195
C3_2,it0124,1,0.39043956995010376,0.5817086100578308
C3_2,it0124,2,0.2941668629646301,0.5250499844551086
C3_2,it0124,3,0.341634064912796,0.5371532440185547
C3_2,it0124,4,0.41495823860168457,0.6037111878395081
C3_2,it0124,5,0.4139358699321747,0.6033028960227966
C3_2,it0124,6,0.3680700659751892,0.5562609434127808
C3_2,it0124,7,0.4931352734565735,0.5897330045700073
C3_2,it0125,0,0.23796218633651733,0.4778035581111908
C3_2,it0125,1,0.4293099343776703,0.47864294052124023
C3_2,it0125,2,0.3288884162902832,0.4924885630607605
C3_2,it0125,3,0.3588268458843231,0.5142580270767212
C3_2,it0125,4,0.21689942479133606,0.4340689182281494
C3_2,it0125,5,0.32923203706741333,0.4668155014514923
C3_2,it0125,6,0.3078042268753052,0.4831191897392273
C3_2,it0125,7,0.40693405270576477,0.552623987197876
C3_2,it0126,0,0.391568124294281,0.46166932582855225
C3_2,it0126,1,0.3685797452926636,0.4237871468067169
C3_2,it0126,2,0.34133145213127136,0.459521621465683
C3_2,it0126,3,0.2722685635089874,0.47499966621398926
C3_2,it0126,4,0.27310314774513245,0.4584923982620239
C3_2,it0126,5,0.33767399191856384,0.4663870632648468
C3_2,it0126,6,0.2959926128387451,0.5353426337242126
C3_2,it0126,7,0.3208824396133423,0.463390052318573
C3_2,it0127,0,0.26138392090797424,0.3608880937099457
C3_2,it0127,1,0.48035821318626404,0.4198906421661377
C3_2,it0127,2,0.381259024143219,0.2929929792881012
C3_2,it0127,3,0.22147618234157562,0.3779047727584839
C3_2,it0127,4,0.20525532960891724,0.37449324131011963
C3_2,it0127,5,0.4000157117843628,0.42447635531425476
C3_2,it0127,6,0.09402672201395035,0.18783360719680786
C3_2,it0127,7,0.2750092148780823,0.2747025787830353
C3_2,it0128,0,0.4690285921096802,0.3371247351169586
C3_2,it0128,1,0.31322181224823,0.4210447669029236
C3_2,it0128,2,0.32657867670059204,0.2917233109474182
C3_2,it0128,3,0.3361171782016754,0.38579151034355164
C3_2,it0128,4,0.3613699674606323,0.3613283634185791
C3_2,it0128,5,0.28504595160484314,0.3525111675262451
C3_2,it0128,6,0.3687520921230316,0.39461836218833923
C3_2,it0128,7,0.30531442165374756,0.34814974665641785
C3_2,it0129,0,0.27754586935043335,0.29158130288124084
C3_2,it0129,1,0.19711661338806152,0.3165181875228882
C3_2,it0129,2,0.11835850030183792,0.195649653673172
C3_2,it0129,3,0.26136165857315063,0.3090675175189972
C3_2,it0129,4,0.2587472200393677,0.34447723627090454
C3_2,it0129,5,0.30617082118988037,0.3684926927089691
C3_2,it0129,6,0.25571075081825256,0.34163209795951843
C3_2,it0129,7,0.30518749356269836,0.36106276512145996
C3_2,it0130,0,0.21284526586532593,0.07213880866765976
C3_2,it0130,1,0.3252459168434143,0.20087258517742157
C3_2,it0130,2,0.29073193669319153,0.28051233291625977
C3_2,it0130,3,0.37428122758865356,0.35782110691070557
C3_2,it0130,4,0.2706332206726074,0.1228543296456337
C3_2,it0130,5,0.27950459718704224,0.24227845668792725
C3_2,it0130,6,0.2236533761024475,0.2341029942035675
C3_2,it0130,7,0.20317119359970093,0.269140362739563
C3_2,it0131,0,0.281009703874588,0.2249121367931366
C3_2,it0131,1,0.2673037350177765,0.22527669370174408
C3_2,it0131,2,0.12246910482645035,0.2171677052974701
C3_2,it0131,3,0.4439718425273895,0.34773358702659607
C3_2,it0131,4,0.4188617169857025,0.4181351661682129
C3_2,it0131,5,0.20279039442539215,0.308976411819458
C3_2,it0131,6,0.17919102311134338,0.2554425299167633
C3_2,it0131,7,0.10872749984264374,0.3060835897922516
C3_2,it0132,0,0.26941585540771484,0.32801464200019836
C3_2,it0132,1,0.2163195013999939,0.3629210591316223
C3_2,it0132,2,0.15257418155670166,0.28395435214042664
C3_2,it0132,3,0.2140505611896515,0.2663932740688324
C3_2,it0132,4,0.24737548828125,0.34613239765167236
C3_2,it0132,5,0.15189775824546814,0.3751082718372345
C3_2,it0132,6,0.15142610669136047,0.3632066249847412
C3_2,it0132,7,0.26207688450813293,0.3287704288959503
C3_2,it0133,0,0.5531672835350037,0.49877673387527466
C3_2,it0133,1,0.6352542042732239,0.5821760892868042
C3_2,it0133,2,0.5262285470962524,0.5207949280738831
C3_2,it0133,3,0.5400692224502563,0.506997287273407
C3_2,it0133,4,0.5096085071563721,0.4878558814525604
C3_2,it0133,5,0.5014818906784058,0.572737455368042
C3_2,it0133,6,0.46833571791648865,0.4718235433101654
C3_2,it0133,7,0.5500510931015015,0.49520552158355713
C3_2,it0134,0,0.34564244747161865,0.40193116664886475
C3_2,it0134,1,0.3142379820346832,0.4008154273033142
C3_2,it0134,2,0.3351675868034363,0.37429359555244446
C3_2,it0134,3,0.26988816261291504,0.3069075644016266
C3_2,it0134,4,0.18278752267360687,0.30244192481040955
C3_2,it0134,5,0.3117114305496216,0.275909423828125
C3_2,it0134,6,0.2747300863265991,0.4354221224784851
C3_2,it0134,7,0.28404030203819275,0.3805779814720154
C3_2,it0135,0,0.3875073790550232,0.35643431544303894
C3_2,it0135,1,0.4681781232357025,0.4860226809978485
C3_2,it0135,2,0.35941067337989807,0.4076734185218811
C3_2,it0135,3,0.344238817691803,0.41164129972457886
C3_2,it0135,4,0.40049490332603455,0.41328510642051697
C3_2,it0135,5,0.30186066031455994,0.25792303681373596
C3_2,it0135,6,0.4236065745353699,0.424058735370636
C3_2,it0135,7,0.3326007127761841,0.3483642339706421
C3_2,it0136,0,0.46424418687820435,0.4067058861255646
C3_2,it0136,1,0.46351295709609985,0.5527753233909607
C3_2,it0136,2,0.45537275075912476,0.44119879603385925
C3_2,it0136,3,0.4475955367088318,0.502236008644104
C3_2,it0136,4,0.4992519021034241,0.4199696183204651
C3_2,it0136,5,0.39988601207733154,0.4142296314239502
C3_2,it0136,6,0.5537099838256836,0.5970001816749573
C3_2,it0136,7,0.46013957262039185,0.5131394863128662
C3_2,it0137,0,0.4120176434516907,0.5153032541275024
C3_2,it0137,1,0.39518555998802185,0.5277157425880432
C3_2,it0137,2,0.4045833647251129,0.4363212585449219
C3_2,it0137,3,0.28248998522758484,0.48325949907302856
C3_2,it0137,4,0.36418119072914124,0.4376067519187927
C3_2,it0137,5,0.28155553340911865,0.5255045890808105
C3_2,it0137,6,0.34320783615112305,0.5378094911575317
C3_2,it0137,7,0.35014039278030396,0.40322068333625793
C3_2,it0138,0,0.6140044331550598,0.5244913101196289
C3_2,it0138,1,0.42642733454704285,0.5528128147125244
C3_2,it0138,2,0.39213258028030396,0.46798577904701233
C3_2,it0138,3,0.5483437776565552,0.5026165843009949
C3_2,it0138,4,0.5228236317634583,0.5371077060699463
C3_2,it0138,5,0.5956201553344727,0.5617697238922119
C3_2,it0138,6,0.5229454636573792,0.5044385194778442
C3_2,it0138,7,0.638089656829834,0.5135881900787354
C3_2,it0139,0,0.5760691165924072,0.5849214792251587
C3_2,it0139,1,0.5426988005638123,0.5741127133369446
C3_2,it0139,2,0.2818779945373535,0.5305004715919495
C3_2,it0139,3,0.46298134326934814,0.5044543147087097
C3_2,it0139,4,0.3244158923625946,0.528809130191803
C3_2,it0139,5,0.5160310864448547,0.515542209148407
C3_2,it0139,6,0.3775385022163391,0.6101746559143066
C3_2,it0139,7,0.4459212124347687,0.5368320345878601
C3_2,it0140,0,0.4596112370491028,0.4680107831954956
C3_2,it0140,1,0.26831644773483276,0.456977516412735
C3_2,it0140,2,0.3414769172668457,0.49794286489486694
C3_2,it0140,3,0.29143965244293213,0.49250394105911255
C3_2,it0140,4,0.3014376163482666,0.46756675839424133
C3_2,it0140,5,0.4622361958026886,0.4918999671936035
C3_2,it0140,6,0.16958504915237427,0.31789541244506836
C3_2,it0140,7,0.26710599660873413,0.3786630928516388
C3_2,it0141,0,0.6886413097381592,0.6023640036582947
C3_2,it0141,1,0.6185844540596008,0.665593147277832
C3_2,it0141,2,0.575975239276886,0.497282475233078
C3_2,it0141,3,0.6505160927772522,0.6123866438865662
C3_2,it0141,4,0.6827887296676636,0.5998461842536926
C3_2,it0141,5,0.7265702486038208,0.6572549343109131
C3_2,it0141,6,0.6714140176773071,0.6047482490539551
C3_2,it0141,7,0.6673445701599121,0.6105436086654663
C3_2,it0142,0,0.1890724003314972,0.23713557422161102
C3_2,it0142,1,0.14607897400856018,0.24988523125648499
C3_2,it0142,2,0.1309199035167694,0.18919676542282104
C3_2,it0142,3,0.15496660768985748,0.2193862795829773
C3_2,it0142,4,0.2675994336605072,0.2552393674850464
C3_2,it0142,5,0.39278164505958557,0.37523192167282104
C3_2,it0142,6,0.3494054675102234,0.1851077377796173
C3_2,it0142,7,0.05078251287341118,0.2054179310798645
C3_2,it0143,0,0.3483310639858246,0.3154221177101135
C3_2,it0143,1,0.26963528990745544,0.30257683992385864
C3_2,it0143,2,0.37429457902908325,0.31987476348876953
C3_2,it0143,3,0.37664341926574707,0.3254241943359375
C3_2,it0143,4,0.332826167345047,0.37276020646095276
C3_2,it0143,5,0.24772071838378906,0.2506744861602783
C3_2,it0143,6,0.49335381388664246,0.37877804040908813
C3_2,it0143,7,0.4344150125980377,0.35625746846199036
C3_2,it0144,0,0.3160669207572937,0.5993853807449341
C3_2,it0144,1,0.46307605504989624,0.44699209928512573
C3_2,it0144,2,0.34825199842453003,0.484153687953949
C3_2,it0144,3,0.47899001836776733,0.5683580040931702
C3_2,it0144,4,0.19958613812923431,0.4943183958530426
C3_2,it0144,5,0.21275293827056885,0.42262783646583557
C3_2,it0144,6,0.3131444454193115,0.5155318975448608
C3_2,it0144,7,0.39228174090385437,0.5659592151641846
C3_2,it0145,0,0.6106886863708496,0.5463401079177856
C3_2,it0145,1,0.5904554128646851,0.6157823204994202
C3_2,it0145,2,0.5877202749252319,0.5719702839851379
C3_2,it0145,3,0.5807817578315735,0.5799974203109741
C3_2,it0145,4,0.5944226980209351,0.6021811962127686
C3_2,it0145,5,0.6641844511032104,0.676647424697876
C3_2,it0145,6,0.6252681612968445,0.5627937316894531
C3_2,it0145,7,0.6616359353065491,0.6436464190483093
C3_2,it0146,0,0.3545703589916229,0.42724254727363586
C3_2,it0146,1,0.38120684027671814,0.5417072176933289
C3_2,it0146,2,0.4104548394680023,0.5232499241828918
C3_2,it0146,3,0.19365543127059937,0.5207303762435913
C3_2,it0146,4,0.3254327178001404,0.5101861953735352
C3_2,it0146,5,0.40110403299331665,0.5226221680641174
C3_2,it0146,6,0.4820330739021301,0.46490567922592163
C3_2,it0146,7,0.4040018916130066,0.4366139769554138
C3_2,it0147,0,0.26342204213142395,0.4453570246696472
C3_2,it0147,1,0.248550146818161,0.28197774291038513
C3_2,it0147,2,0.26644736528396606,0.3403937816619873
C3_2,it0147,3,0.19323886930942535,0.47492724657058716
C3_2,it0147,4,0.27196550369262695,0.2858598530292511
C3_2,it0147,5,0.3116474449634552,0.5363470911979675
C3_2,it0147,6,0.2539103627204895,0.3944077789783478
C3_2,it0147,7,0.2000093311071396,0.3490505516529083
C3_2,it0148,0,0.12647366523742676,0.13782957196235657
C3_2,it0148,1,0.13408732414245605,0.17346535623073578
C3_2,it0148,2,0.1191474050283432,0.03721073642373085
C3_2,it0148,3,0.11946810781955719,0.125801682472229
C3_2,it0148,4,0.03011144883930683,0.09706753492355347
C3_2,it0148,5,0.1741139143705368,0.15560021996498108
C3_2,it0148,6,0.24335794150829315,0.20292696356773376
C3_2,it0148,7,0.09644301235675812,0.13688470423221588
C3_2,it0149,0,0.3441040515899658,0.46825602650642395
C3_2,it0149,1,0.37786734104156494,0.4766318202018738
C3_2,it0149,2,0.31991299986839294,0.38527026772499084
C3_2,it0149,3,0.20691439509391785,0.34181666374206543
C3_2,it0149,4,0.4024676978588104,0.36722132563591003
C3_2,it0149,5,0.2790091037750244,0.37017548084259033
C3_2,it0149,6,0.4135187864303589,0.4831005930900574
C3_2,it0149,7,0.4659116566181183,0.4659310579299927
C3_2,it0150,0,0.48129063844680786,0.43204784393310547
C3_2,it0150,1,0.18253934383392334,0.27963486313819885
C3_2,it0150,2,0.3303004205226898,0.43304112553596497
C3_2,it0150,3,0.3035205900669098,0.4471297860145569
C3_2,it0150,4,0.49065884947776794,0.39307287335395813
C3_2,it0150,5,0.3223850131034851,0.41677919030189514
C3_2,it0150,6,0.37184399366378784,0.44876810908317566
C3_2,it0150,7,0.4428709149360657,0.4222700297832489
C3_2,it0151,0,0.5085375308990479,0.5962785482406616
C3_2,it0151,1,0.5039070248603821,0.637087345123291
C3_2,it0151,2,0.4192916750907898,0.5647352933883667
C3_2,it0151,3,0.347738116979599,0.6111493706703186
C3_2,it0151,4,0.3639049232006073,0.4994579553604126
C3_2,it0151,5,0.46165525913238525,0.5208399891853333
C3_2,it0151,6,0.47809988260269165,0.5652572512626648
C3_2,it0151,7,0.34448015689849854,0.6466991901397705
C3_2,it0152,0,0.19722341001033783,0.3987088203430176
C3_2,it0152,1,0.3125745356082916,0.5076465606689453
C3_2,it0152,2,0.17687150835990906,0.27581489086151123
C3_2,it0152,3,0.3377935588359833,0.5376622080802917
C3_2,it0152,4,0.22406357526779175,0.4329950511455536
C3_2,it0152,5,0.2049453854560852,0.37092265486717224
C3_2,it0152,6,0.28866633772850037,0.4645894765853882
C3_2,it0152,7,0.4100746214389801,0.5491772294044495
C3_2,it0153,0,0.32987383008003235,0.274923175573349
C3_2,it0153,1,0.425028920173645,0.35879629850387573
C3_2,it0153,2,0.46609464287757874,0.32119986414909363
C3_2,it0153,3,0.4346669316291809,0.3449230492115021
C3_2,it0153,4,0.51787930727005,0.33683475852012634
C3_2,it0153,5,0.5308951735496521,0.3405887484550476
C3_2,it0153,6,0.42397457361221313,0.34407883882522583
C3_2,it0153,7,0.4177204966545105,0.30122673511505127
C3_2,it0154,0,0.10971684008836746,0.1856803447008133
C3_2,it0154,1,0.10681553184986115,0.2686811685562134
C3_2,it0154,2,0.06672497093677521,0.2533780336380005
C3_2,it0154,3,0.11467098444700241,0.3022438585758209
C3_2,it0154,4,0.053090620785951614,0.28173205256462097
C3_2,it0154,5,0.0022047478705644608,0.2412719577550888
C3_2,it0154,6,0.13988640904426575,0.27725714445114136
C3_2,it0154,7,0.0030410336330533028,0.23279792070388794
C3_2,it0155,0,0.13457675278186798,0.20589885115623474
C3_2,it0155,1,0.11971474438905716,0.18887180089950562
C3_2,it0155,2,0.10584741085767746,0.20623920857906342
C3_2,it0155,3,0.3904885947704315,0.3286968171596527
C3_2,it0155,4,0.09671807289123535,0.12331467121839523
C3_2,it0155,5,0.10212720930576324,0.2657182216644287
C3_2,it0155,6,0.22023063898086548,0.23778828978538513
C3_2,it0155,7,0.12548208236694336,0.1519673764705658
C3_2,it0156,0,0.13875822722911835,0.2459624856710434
C3_2,it0156,1,0.1531330943107605,0.22281061112880707
C3_2,it0156,2,0.11066925525665283,0.3562319278717041
C3_2,it0156,3,0.3893505334854126,0.46117743849754333
C3_2,it0156,4,0.10794590413570404,0.238932803273201
C3_2,it0156,5,0.14226879179477692,0.2314617931842804
C3_2,it0156,6,0.17995594441890717,0.24322566390037537
C3_2,it0156,7,0.1845274567604065,0.29204973578453064
C3_2,it0157,0,0.3885226249694824,0.5869320034980774
C3_2,it0157,1,0.4387192130088806,0.5072425603866577
C3_2,it0157,2,0.397885799407959,0.5071852207183838
C3_2,it0157,3,0.396147757768631,0.6151488423347473
C3_2,it0157,4,0.3963268995285034,0.4851572513580322
C3_2,it0157,5,0.45085468888282776,0.592624306678772
C3_2,it0157,6,0.42587730288505554,0.570326566696167
C3_2,it0157,7,0.4324420988559723,0.5296722054481506
C3_2,it0158,0,0.4294487535953522,0.4049168825149536
C3_2,it0158,1,0.4439190626144409,0.530890941619873
C3_2,it0158,2,0.3077699542045593,0.4215886890888214
C3_2,it0158,3,0.4127010107040405,0.3368906080722809
C3_2,it0158,4,0.36610332131385803,0.32047563791275024
C3_2,it0158,5,0.39357271790504456,0.3618885278701782
C3_2,it0158,6,0.2948455810546875,0.4339696764945984
C3_2,it0158,7,0.30812719464302063,0.26396644115448
C3_2,it0159,0,0.23951518535614014,0.5043767094612122
C3_2,it0159,1,0.4448978304862976,0.39574533700942993
C3_2,it0159,2,0.2806934714317322,0.42481496930122375
C3_2,it0159,3,0.23716695606708527,0.27519550919532776
C3_2,it0159,4,0.1726500391960144,0.4249550700187683
C3_2,it0159,5,0.2259255051612854,0.3350369334220886
C3_2,it0159,6,0.22260090708732605,0.37816083431243896
C3_2,it0159,7,0.38082155585289,0.44041773676872253
C3_2,it0160,0,0.3754740059375763,0.4690712094306946
C3_2,it0160,1,0.41205084323883057,0.5914568305015564
C3_2,it0160,2,0.3722060024738312,0.5297302603721619
C3_2,it0160,3,0.4052916169166565,0.5812137722969055
C3_2,it0160,4,0.512600839138031,0.5663703680038452
C3_2,it0160,5,0.4246083199977875,0.5477566123008728
C3_2,it0160,6,0.3965608775615692,0.5331363081932068
C3_2,it0160,7,0.30203038454055786,0.5656875371932983
C3_2,it0161,0,0.35754790902137756,0.3707570731639862
C3_2,it0161,1,0.338340163230896,0.3864905536174774
C3_2,it0161,2,0.21573284268379211,0.32677361369132996
C3_2,it0161,3,0.24792781472206116,0.2128044068813324
C3_2,it0161,4,0.3291958272457123,0.3445788621902466
C3_2,it0161,5,0.22354662418365479,0.3074158728122711
C3_2,it0161,6,0.22425693273544312,0.3007052540779114
C3_2,it0161,7,0.2955716550350189,0.38888245820999146
C3_2,it0162,0,0.12698331475257874,0.13924160599708557
C3_2,it0162,1,0.24186736345291138,-0.022994689643383026
C3_2,it0162,2,0.2079806923866272,0.03423428162932396
C3_2,it0162,3,0.19617128372192383,0.09391462057828903
C3_2,it0162,4,0.12577839195728302,0.014150850474834442
C3_2,it0162,5,0.1666073501110077,-0.01259772852063179
C3_2,it0162,6,0.1576102077960968,0.1396443396806717
C3_2,it0162,7,0.31058621406555176,0.11382477730512619
C3_2,it0163,0,0.6323435306549072,0.548967182636261
C3_2,it0163,1,0.4435702860355377,0.4963134825229645
C3_2,it0163,2,0.4715086817741394,0.4197000563144684
C3_2,it0163,3,0.3788953423500061,0.45298463106155396
C3_2,it0163,4,0.33236443996429443,0.382711797952652
C3_2,it0163,5,0.3301062285900116,0.5001806020736694
C3_2,it0163,6,0.5436592102050781,0.5517702102661133
C3_2,it0163,7,0.34111902117729187,0.30850961804389954
C3_2,it0164,0,0.2196914553642273,0.479789137840271
C3_2,it0164,1,0.229852557182312,0.4916723370552063
C3_2,it0164,2,0.34045693278312683,0.5310443639755249
C3_2,it0164,3,0.1319068968296051,0.418634295463562
C3_2,it0164,4,0.37832674384117126,0.5629198551177979
C3_2,it0164,5,0.3527218997478485,0.4737650752067566
C3_2,it0164,6,0.2247750163078308,0.4226788282394409
C3_2,it0164,7,0.2183724343776703,0.37673914432525635
C3_2,it0165,0,0.15928572416305542,0.28879132866859436
C3_2,it0165,1,0.18264812231063843,0.23014506697654724
C3_2,it0165,2,0.1639033704996109,0.2570595443248749
C3_2,it0165,3,0.176876038312912,0.22331111133098602
C3_2,it0165,4,0.19420556724071503,0.31432852149009705
C3_2,it0165,5,0.19179174304008484,0.2754725515842438
C3_2,it0165,6,0.2976940870285034,0.3328424096107483
C3_2,it0165,7,0.23367230594158173,0.2863917052745819
C3_2,it0166,0,0.28975388407707214,0.4868548810482025
C3_2,it0166,1,0.3155268132686615,0.5672571063041687
C3_2,it0166,2,0.3121906816959381,0.5198543071746826
C3_2,it0166,3,0.2677631676197052,0.44096940755844116
C3_2,it0166,4,0.14707478880882263,0.45506352186203003
C3_2,it0166,5,0.34302058815956116,0.4948110580444336
C3_2,it0166,6,0.2722768187522888,0.5313805937767029
C3_2,it0166,7,0.21033252775669098,0.47244077920913696
C3_2,it0167,0,0.4219416379928589,0.3959107995033264
C3_2,it0167,1,0.40190204977989197,0.42209866642951965
C3_2,it0167,2,0.4654849171638489,0.35181403160095215
C3_2,it0167,3,0.4611639678478241,0.37177252769470215
C3_2,it0167,4,0.4080197811126709,0.42502403259277344
C3_2,it0167,5,0.3974698781967163,0.35158443450927734
C3_2,it0167,6,0.36564308404922485,0.5131193399429321
C3_2,it0167,7,0.3448478579521179,0.3529371917247772
C3_2,it0168,0,0.25830143690109253,0.32556527853012085
C3_2,it0168,1,0.26638299226760864,0.27983754873275757
C3_2,it0168,2,0.22266925871372223,0.26178812980651855
C3_2,it0168,3,0.3585200607776642,0.3177998661994934
C3_2,it0168,4,0.262789785861969,0.39175960421562195
C3_2,it0168,5,0.30389559268951416,0.25168731808662415
C3_2,it0168,6,0.2510108947753906,0.244463711977005
C3_2,it0168,7,0.30220866203308105,0.2844313383102417
C3_2,it0169,0,0.36373865604400635,0.446448415517807
C3_2,it0169,1,0.3770976960659027,0.3759619891643524
C3_2,it0169,2,0.29798251390457153,0.29704177379608154
C3_2,it0169,3,0.33272770047187805,0.3605417013168335
C3_2,it0169,4,0.3439774215221405,0.5008176565170288
C3_2,it0169,5,0.3866766393184662,0.3717682957649231
C3_2,it0169,6,0.23832111060619354,0.38560035824775696
C3_2,it0169,7,0.5049177408218384,0.41476812958717346
C3_2,it0170,0,0.3492581248283386,0.4686007499694824
C3_2,it0170,1,0.26573026180267334,0.4374622702598572
C3_2,it0170,2,0.2917201817035675,0.3869822323322296
C3_2,it0170,3,0.3811792731285095,0.42840147018432617
C3_2,it0170,4,0.4027310609817505,0.3913331627845764
C3_2,it0170,5,0.2930114269256592,0.42272716760635376
C3_2,it0170,6,0.32862240076065063,0.4083446264266968
C3_2,it0170,7,0.27052241563796997,0.42336419224739075
C3_2,it0171,0,0.4209059476852417,0.5931276082992554
C3_2,it0171,1,0.5856804251670837,0.7008621692657471
C3_2,it0171,2,0.5383950471878052,0.6796556711196899
C3_2,it0171,3,0.5807199478149414,0.6285923719406128
C3_2,it0171,4,0.6130962371826172,0.7144312262535095
C3_2,it0171,5,0.5729339122772217,0.6332144141197205
C3_2,it0171,6,0.5289092659950256,0.6933664083480835
C3_2,it0171,7,0.6024484634399414,0.6617581844329834
C3_2,it0172,0,0.22064003348350525,0.1833338737487793
C3_2,it0172,1,0.18499141931533813,0.18115074932575226
C3_2,it0172,2,0.30979540944099426,0.28034764528274536
C3_2,it0172,3,0.28912296891212463,0.17676764726638794
C3_2,it0172,4,0.28495657444000244,0.28866061568260193
C3_2,it0172,5,0.3249053657054901,0.26306411623954773
C3_2,it0172,6,0.2684820890426636,0.22409988939762115
C3_2,it0172,7,0.20997373759746552,0.23390531539916992
C3_2,it0173,0,0.5309192538261414,0.5692036151885986
C3_2,it0173,1,0.6323642134666443,0.6621031165122986
C3_2,it0173,2,0.5841543674468994,0.6556091904640198
C3_2,it0173,3,0.6073939204216003,0.6786197423934937
C3_2,it0173,4,0.6248635053634644,0.6528742909431458
C3_2,it0173,5,0.5927432775497437,0.6692789196968079
C3_2,it0173,6,0.6636703014373779,0.6571003198623657
C3_2,it0173,7,0.5408033728599548,0.6075422763824463
C3_2,it0174,0,0.43599551916122437,0.582483172416687
C3_2,it0174,1,0.4867474138736725,0.4702697992324829
C3_2,it0174,2,0.42782318592071533,0.4211186170578003
C3_2,it0174,3,0.3061025142669678,0.527266263961792
C3_2,it0174,4,0.4253351390361786,0.4875727593898773
C3_2,it0174,5,0.17810431122779846,0.4808849096298218
C3_2,it0174,6,0.2560673654079437,0.41909411549568176
C3_2,it0174,7,0.3145003914833069,0.49217554926872253
C3_2,it0175,0,0.11848006397485733,0.13453881442546844
C3_2,it0175,1,0.2709536850452423,0.06646391749382019
C3_2,it0175,2,0.3792799711227417,0.17760610580444336
C3_2,it0175,3,0.25748637318611145,0.12038224190473557
C3_2,it0175,4,0.26487159729003906,0.22098693251609802
C3_2,it0175,5,0.03760514408349991,0.028913157060742378
C3_2,it0175,6,0.26377543807029724,0.25142592191696167
C3_2,it0175,7,0.26136642694473267,0.14070874452590942
C3_2,it0176,0,0.3079811930656433,0.2731860280036926
C3_2,it0176,1,0.3228454887866974,0.4167969822883606
C3_2,it0176,2,0.2456340789794922,0.29748567938804626
C3_2,it0176,3,0.3169189989566803,0.3551238477230072
C3_2,it0176,4,0.2335105538368225,0.22093303501605988
C3_2,it0176,5,0.31882452964782715,0.32800525426864624
C3_2,it0176,6,0.34441548585891724,0.35397249460220337
C3_2,it0176,7,0.37883758544921875,0.3731831908226013
C3_2,it0177,0,0.2863832414150238,0.31180697679519653
C3_2,it0177,1,0.24108166992664337,0.351309597492218
C3_2,it0177,2,0.3430650234222412,0.4785327911376953
C3_2,it0177,3,0.25643259286880493,0.3353422284126282
C3_2,it0177,4,0.3060585856437683,0.4075474739074707
C3_2,it0177,5,0.3902888298034668,0.39423906803131104
C3_2,it0177,6,0.27463796734809875,0.33244210481643677
C3_2,it0177,7,0.22810254991054535,0.3061896860599518
C3_2,it0178,0,0.19424402713775635,0.2937116324901581
C3_2,it0178,1,0.12641948461532593,0.2831636667251587
C3_2,it0178,2,0.15383076667785645,0.2902756929397583
C3_2,it0178,3,0.3158053159713745,0.3281799852848053
C3_2,it0178,4,0.21766938269138336,0.2773509919643402
C3_2,it0178,5,0.245509535074234,0.3181089162826538
C3_2,it0178,6,0.12645918130874634,0.3065239489078522
C3_2,it0178,7,0.22563908994197845,0.29394638538360596
C3_2,it0179,0,0.5906912684440613,0.582764208316803
C3_2,it0179,1,0.5905770063400269,0.6012375354766846
C3_2,it0179,2,0.5680021047592163,0.5638146996498108
C3_2,it0179,3,0.6737524271011353,0.603985607624054
C3_2,it0179,4,0.6441879272460938,0.5970512628555298
C3_2,it0179,5,0.5596850514411926,0.5453324913978577
C3_2,it0179,6,0.5529555082321167,0.598592221736908
C3_2,it0179,7,0.6110324859619141,0.6171349287033081
C3_2,it0180,0,0.5416489243507385,0.45736345648765564
C3_2,it0180,1,0.3869231045246124,0.33526748418807983
C3_2,it0180,2,0.5200156569480896,0.3789392411708832
C3_2,it0180,3,0.4603956639766693,0.4730227291584015
C3_2,it0180,4,0.5260588526725769,0.3939853012561798
C3_2,it0180,5,0.42829039692878723,0.38152244687080383
C3_2,it0180,6,0.29999232292175293,0.48314881324768066
C3_2,it0180,7,0.4801316559314728,0.4060455560684204
C3_2,it0181,0,0.5209749937057495,0.5216022729873657
C3_2,it0181,1,0.4851192831993103,0.49217090010643005
C3_2,it0181,2,0.50779789686203,0.5989462733268738
C3_2,it0181,3,0.5493853688240051,0.5426640510559082
C3_2,it0181,4,0.45371347665786743,0.5660518407821655
C3_2,it0181,5,0.49820631742477417,0.5415430665016174
C3_2,it0181,6,0.4688296318054199,0.5234692692756653
C3_2,it0181,7,0.48591136932373047,0.5718183517456055
C3_2,it0182,0,0.4993475079536438,0.5555731654167175
C3_2,it0182,1,0.38624274730682373,0.5214836001396179
C3_2,it0182,2,0.4083516299724579,0.5413088798522949
C3_2,it0182,3,0.374403715133667,0.5687623023986816
C3_2,it0182,4,0.42344576120376587,0.5573663711547852
C3_2,it0182,5,0.285163551568985,0.4813913106918335
C3_2,it0182,6,0.47755932807922363,0.6130547523498535
C3_2,it0182,7,0.46464595198631287,0.5789120197296143
C3_2,it0183,0,0.34852293133735657,0.5040221214294434
C3_2,it0183,1,0.4252481460571289,0.5285784006118774
C3_2,it0183,2,0.5158371329307556,0.6117904782295227
C3_2,it0183,3,0.4917149245738983,0.6620993614196777
C3_2,it0183,4,0.43520617485046387,0.6006130576133728
C3_2,it0183,5,0.5379014015197754,0.6196993589401245
C3_2,it0183,6,0.5027678608894348,0.4691023826599121
C3_2,it0183,7,0.42740774154663086,0.44765546917915344
C3_2,it0184,0,0.30330193042755127,0.3014826476573944
C3_2,it0184,1,0.30681461095809937,0.24808278679847717
C3_2,it0184,2,0.30357661843299866,0.3173310458660126
C3_2,it0184,3,0.20345249772071838,0.243177592754364
C3_2,it0184,4,0.25510281324386597,0.25221261382102966
C3_2,it0184,5,0.398494154214859,0.28351137042045593
C3_2,it0184,6,0.3188443183898926,0.3751068711280823
C3_2,it0184,7,0.31704655289649963,0.2689493000507355
C3_2,it0185,0,0.47752049565315247,0.4355727434158325
C3_2,it0185,1,0.5190152525901794,0.5160433053970337
C3_2,it0185,2,0.4676804542541504,0.5135679244995117
C3_2,it0185,3,0.4288262724876404,0.46020805835723877
C3_2,it0185,4,0.49402737617492676,0.5207693576812744
C3_2,it0185,5,0.5039413571357727,0.5110092163085938
C3_2,it0185,6,0.5153867602348328,0.453544944524765
C3_2,it0185,7,0.4352639615535736,0.4850025177001953
C3_2,it0186,0,0.47707390785217285,0.5712644457817078
C3_2,it0186,1,0.5088121294975281,0.5630835294723511
C3_2,it0186,2,0.39927938580513,0.5362018346786499
C3_2,it0186,3,0.29352816939353943,0.46241459250450134
C3_2,it0186,4,0.4136575758457184,0.49251431226730347
C3_2,it0186,5,0.3906223773956299,0.562103271484375
C3_2,it0186,6,0.31142356991767883,0.4316261410713196
C3_2,it0186,7,0.43296632170677185,0.6047548055648804
C3_2,it0187,0,0.4425833821296692,0.5104162693023682
C3_2,it0187,1,0.34224992990493774,0.44131359457969666
C3_2,it0187,2,0.40710344910621643,0.41829732060432434
C3_2,it0187,3,0.35376840829849243,0.4092390239238739
C3_2,it0187,4,0.4691074788570404,0.4620436429977417
C3_2,it0187,5,0.545270562171936,0.5241060256958008
C3_2,it0187,6,0.24998755753040314,0.407456636428833
C3_2,it0187,7,0.40763720870018005,0.5215626358985901
C3_2,it0188,0,0.4329513907432556,0.5242874026298523
C3_2,it0188,1,0.5756873488426208,0.6857181787490845
C3_2,it0188,2,0.48646625876426697,0.5402088761329651
C3_2,it0188,3,0.5739200115203857,0.5134325623512268
C3_2,it0188,4,0.49612951278686523,0.5482251048088074
C3_2,it0188,5,0.5743941068649292,0.5045240521430969
C3_2,it0188,6,0.44297853112220764,0.4746876358985901
C3_2,it0188,7,0.3287985920906067,0.5666508078575134
C3_2,it0189,0,0.21599197387695312,0.2284063845872879
C3_2,it0189,1,0.3359817862510681,0.3535562753677368
C3_2,it0189,2,0.3002644181251526,0.45777326822280884
C3_2,it0189,3,0.33840128779411316,0.36684778332710266
C3_2,it0189,4,0.4223041832447052,0.40570589900016785
C3_2,it0189,5,0.26047465205192566,0.4663114547729492
C3_2,it0189,6,0.2362569272518158,0.3468968868255615
C3_2,it0189,7,0.3110741972923279,0.38303282856941223
C3_2,it0190,0,0.44318491220474243,0.5472099184989929
C3_2,it0190,1,0.45382726192474365,0.4913444221019745
C3_2,it0190,2,0.46708062291145325,0.5134454965591431
C3_2,it0190,3,0.48753824830055237,0.5262961983680725
C3_2,it0190,4,0.46759167313575745,0.5302742719650269
C3_2,it0190,5,0.3634225130081177,0.5276293754577637
C3_2,it0190,6,0.6082726120948792,0.5426675081253052
C3_2,it0190,7,0.516693115234375,0.5965890884399414
C3_2,it0191,0,0.3763066530227661,0.3739580512046814
C3_2,it0191,1,0.32277223467826843,0.3512602746486664
C3_2,it0191,2,0.30441993474960327,0.5107356309890747
C3_2,it0191,3,0.3498595654964447,0.3455394208431244
C3_2,it0191,4,0.27042996883392334,0.4897020757198334
C3_2,it0191,5,0.32394707202911377,0.44394785165786743
C3_2,it0191,6,0.32413792610168457,0.5515648126602173
C3_2,it0191,7,0.29273533821105957,0.42844516038894653
C3_2,it0192,0,0.5034065246582031,0.44000595808029175
C3_2,it0192,1,0.4689153730869293,0.4635351896286011
C3_2,it0192,2,0.5510975122451782,0.5644351243972778
C3_2,it0192,3,0.5714664459228516,0.5896657705307007
C3_2,it0192,4,0.3082795739173889,0.504836916923523
C3_2,it0192,5,0.5356996655464172,0.4657094180583954
C3_2,it0192,6,0.5319430828094482,0.5482013821601868
C3_2,it0192,7,0.509502649307251,0.4913135766983032
C3_2,it0193,0,0.21826031804084778,0.43477553129196167
C3_2,it0193,1,0.2517455816268921,0.37720268964767456
C3_2,it0193,2,0.284125417470932,0.44272923469543457
C3_2,it0193,3,0.1647794097661972,0.3509378433227539
C3_2,it0193,4,0.19104382395744324,0.40879398584365845
C3_2,it0193,5,0.1295885145664215,0.43274611234664917
C3_2,it0193,6,0.19156794250011444,0.41389280557632446
C3_2,it0193,7,0.2578140199184418,0.4066711664199829
C3_2,it0194,0,0.6521527171134949,0.5741786360740662
C3_2,it0194,1,0.5688814520835876,0.5893205404281616
C3_2,it0194,2,0.5198284983634949,0.6027542352676392
C3_2,it0194,3,0.5537630915641785,0.5403831601142883
C3_2,it0194,4,0.4340445101261139,0.4362852871417999
C3_2,it0194,5,0.4846431016921997,0.45453888177871704
C3_2,it0194,6,0.5390320420265198,0.6063063740730286
C3_2,it0194,7,0.6311935186386108,0.6635293364524841
C3_2,it0195,0,0.40149009227752686,0.6848137378692627
C3_2,it0195,1,0.5102285146713257,0.5933454632759094
C3_2,it0195,2,0.40514543652534485,0.6248567700386047
C3_2,it0195,3,0.47603198885917664,0.6217315793037415
C3_2,it0195,4,0.5021932721138,0.7171635031700134
C3_2,it0195,5,0.5545820593833923,0.682439923286438
C3_2,it0195,6,0.4144262373447418,0.6148219108581543
C3_2,it0195,7,0.6077543497085571,0.6359274387359619
C3_2,it0196,0,0.44547659158706665,0.5302111506462097
C3_2,it0196,1,0.3088664710521698,0.4673338830471039
C3_2,it0196,2,0.3742169141769409,0.4173416197299957
C3_2,it0196,3,0.45579421520233154,0.421796053647995
C3_2,it0196,4,0.3318021893501282,0.4793371558189392
C3_2,it0196,5,0.41045019030570984,0.5388511419296265
C3_2,it0196,6,0.3462533950805664,0.493670791387558
C3_2,it0196,7,0.3347167372703552,0.49412262439727783
C3_2,it0197,0,0.4168006181716919,0.4764289855957031
C3_2,it0197,1,0.3400687277317047,0.3769991397857666
C3_2,it0197,2,0.41260138154029846,0.36023059487342834
C3_2,it0197,3,0.2467459887266159,0.2798925042152405
C3_2,it0197,4,0.15721982717514038,0.3544383645057678
C3_2,it0197,5,0.22786910831928253,0.43827182054519653
C3_2,it0197,6,0.3524462580680847,0.37904590368270874
C3_2,it0197,7,0.2817156910896301,0.30602526664733887
C3_2,it0198,0,0.07773765921592712,0.14615434408187866
C3_2,it0198,1,0.05847351998090744,0.15787939727306366
C3_2,it0198,2,0.12039824575185776,0.2182292342185974
C3_2,it0198,3,0.20864182710647583,0.14236581325531006
C3_2,it0198,4,0.12139929831027985,0.32328611612319946
C3_2,it0198,5,0.14551271498203278,0.1925286203622818
C3_2,it0198,6,0.25341320037841797,0.24950608611106873
C3_2,it0198,7,0.20164935290813446,0.14058704674243927
C3_2,it0199,0,0.3593418598175049,0.3776742219924927
C3_2,it0199,1,0.4230848550796509,0.44994497299194336
C3_2,it0199,2,0.3884376883506775,0.4179260730743408
C3_2,it0199,3,0.4990941882133484,0.3345375955104828
C3_2,it0199,4,0.5238533020019531,0.4674113988876343
C3_2,it0199,5,0.4776250720024109,0.41923099756240845
C3_2,it0199,6,0.4736267924308777,0.4265238344669342
C3_2,it0199,7,0.3684833347797394,0.40335410833358765
