config,seed,T,nfe,budget,width,depth,heads,n_nonembed,n_total,lr,val_loss,wer,wer_se,wer_corpus,sim,sim_se,utmos,utmos_se,degen_rate,crash_rate,wer_nondegen,sim_nondegen,err_wer,err_sim,err_ut,c_layer_ms,latency_ms,train_gpu_hours,train_wall_s,synth_gpu_hours,n_items,sim_model,ckpt_step
A1,0,1,8,A,640,4,10,19666560,40750080,0.004,4.635533067937229,1.1099732221483622,0.028841160304709408,1.0895522388059702,0.19570060850586743,0.005166917631111252,1.5267159137129784,0.009805361665573798,0.4,0.0,1.1135306832877454,0.1969279402634129,1.1099732221483622,0.8042993914941325,0.8683210215717554,0.506141185760498,16.196517944335938,1.7361734592914582,6250.224453449249,0.007938740783267551,400,wavlm_large_sv_unispeech(seed-tts-eval),30000
A1,0,2,16,A,640,4,10,19666560,40750080,0.004,4.635533067937229,0.9916594514129852,0.023339870541304944,1.0125579001544005,0.25050665019778534,0.005670104552432727,1.861312773525715,0.0157062438110704,0.1375,0.0,0.9644398428124892,0.2510994373456292,0.9916594514129852,0.7494933498022147,0.7846718066185713,0.506141185760498,32.393035888671875,1.7361734592914582,6250.224453449249,0.0077537310785717435,400,wavlm_large_sv_unispeech(seed-tts-eval),30000
A1,0,4,32,A,640,4,10,19666560,40750080,0.004,4.635533067937229,0.7220474949816326,0.016448892714538157,0.7283582089552239,0.2914514516107738,0.005770438068729474,2.312038837969303,0.01958170196976714,0.03,0.0,0.6996393538441626,0.2910758741584021,0.7220474949816326,0.7085485483892262,0.6719902905076742,0.506141185760498,64.78607177734375,1.7361734592914582,6250.224453449249,0.018580439620547826,400,wavlm_large_sv_unispeech(seed-tts-eval),30000
A1,0,8,64,A,640,4,10,19666560,40750080,0.004,4.635533067937229,0.5780410464191889,0.014421175633400021,0.600102933607823,0.31575315655441955,0.005936203841815465,2.617322410941124,0.020507115892281193,0.0175,0.0,0.5633444946664959,0.31638365860260625,0.5780410464191889,0.6842468434455804,0.595669397264719,0.506141185760498,129.5721435546875,1.7361734592914582,6250.224453449249,0.009797545936372545,400,wavlm_large_sv_unispeech(seed-tts-eval),30000
A1,0,16,128,A,640,4,10,19666560,40750080,0.004,4.635533067937229,0.4856965224190841,0.009978141824858762,0.4957282552753474,0.33144465581630356,0.006000428292424528,2.8211761718988417,0.021946931359581704,0.005,0.0,0.48386450806099335,0.33212659711219444,0.4856965224190841,0.6685553441836964,0.5447059570252896,0.506141185760498,259.144287109375,1.7361734592914582,6250.224453449249,0.013169402082761128,400,wavlm_large_sv_unispeech(seed-tts-eval),30000
A1,1,1,8,A,640,4,10,19666560,40750080,0.004,4.625824757254107,1.0919528585292395,0.017712942049161438,1.0797735460627895,0.20052636764245108,0.005589889520396062,1.515981760919094,0.009189637772850607,0.3875,0.0,1.1338240289525279,0.19909580175061614,1.0919528585292395,0.7994736323575489,0.8710045597702265,0.506141185760498,16.196517944335938,1.5148887653483285,5453.5995552539825,0.007893046339352925,400,wavlm_large_sv_unispeech(seed-tts-eval),30000
A1,1,2,16,A,640,4,10,19666560,40750080,0.004,4.625824757254107,0.9812592935488995,0.026761622625171948,1.0004117344312917,0.2525671578524634,0.005842257747114377,1.8607714900374412,0.01552525555939839,0.155,0.0,0.9474404378325706,0.2493955709271618,0.9812592935488995,0.7474328421475366,0.7848071274906396,0.506141185760498,32.393035888671875,1.5148887653483285,5453.5995552539825,0.011179510487450493,400,wavlm_large_sv_unispeech(seed-tts-eval),30000
A1,1,4,32,A,640,4,10,19666560,40750080,0.004,4.625824757254107,0.7392504763278097,0.028653274383689326,0.7527534740092641,0.2910432915156707,0.006008549315703109,2.3483391126990316,0.019553793056698403,0.05,0.0,0.6806748406022137,0.28962255886412763,0.7392504763278097,0.7089567084843293,0.6629152218252421,0.506141185760498,64.78607177734375,1.5148887653483285,5453.5995552539825,0.00851381348239051,400,wavlm_large_sv_unispeech(seed-tts-eval),30000
A1,1,8,64,A,640,4,10,19666560,40750080,0.004,4.625824757254107,0.542759007984049,0.012779965351855624,0.5576942871847659,0.3199661094415933,0.00607783919824144,2.6825714910030367,0.022153842233955803,0.0125,0.0,0.5317129952422324,0.3202243713355517,0.542759007984049,0.6800338905584067,0.5793571272492408,0.506141185760498,129.5721435546875,1.5148887653483285,5453.5995552539825,0.009676331679026286,400,wavlm_large_sv_unispeech(seed-tts-eval),30000
A1,1,16,128,A,640,4,10,19666560,40750080,0.004,4.625824757254107,0.4547432515846903,0.009541415188818951,0.46196603190941843,0.3323480518208817,0.006279470206238652,2.861441050171852,0.02208643466386183,0.0075,0.0,0.4510572151813087,0.33234177316334895,0.4547432515846903,0.6676519481791183,0.534639737457037,0.506141185760498,259.144287109375,1.5148887653483285,5453.5995552539825,0.013381691111458673,400,wavlm_large_sv_unispeech(seed-tts-eval),30000
A1,2,1,8,A,640,4,10,19666560,40750080,0.004,4.651856892515031,1.1830304099677398,0.041632145207123765,1.1450334534225424,0.19656302516930738,0.005520063662558745,1.5318870806694032,0.009826971346415938,0.3925,0.0,1.2094386613572718,0.19784244176751548,1.1830304099677398,0.8034369748306927,0.8670282298326493,0.506141185760498,16.196517944335938,0.7093886772129271,2553.7992379665375,0.004436164564556546,400,wavlm_large_sv_unispeech(seed-tts-eval),30000
A1,2,2,16,A,640,4,10,19666560,40750080,0.004,4.651856892515031,1.0876552060789983,0.03475398806599651,1.0903757076685539,0.24252287408104167,0.005587419389082412,1.8611163339018821,0.015533374675629236,0.1725,0.0,0.9886380105403877,0.24059141429248082,1.0876552060789983,0.7574771259189583,0.7847209165245295,0.506141185760498,32.393035888671875,0.7093886772129271,2553.7992379665375,0.005220328834321763,400,wavlm_large_sv_unispeech(seed-tts-eval),30000
A1,2,4,32,A,640,4,10,19666560,40750080,0.004,4.651856892515031,0.8656824314359796,0.021568370730863613,0.8653628409675759,0.28419059242354705,0.005843442634255429,2.2950664496421815,0.018878326515612796,0.035,0.0,0.840968265749607,0.28613207332181884,0.8656824314359796,0.715809407576453,0.6762333875894546,0.506141185760498,64.78607177734375,0.7093886772129271,2553.7992379665375,0.005326183769438002,400,wavlm_large_sv_unispeech(seed-tts-eval),30000
A1,2,8,64,A,640,4,10,19666560,40750080,0.004,4.651856892515031,0.7184512932139857,0.009196120936243604,0.7184765826042203,0.3105029863817617,0.005846872074491965,2.63126652777195,0.020225276308352434,0.0175,0.0,0.7158158345145785,0.3108694422231755,0.7184512932139857,0.6894970136182383,0.5921833680570125,0.506141185760498,129.5721435546875,0.7093886772129271,2553.7992379665375,0.00941083722644382,400,wavlm_large_sv_unispeech(seed-tts-eval),30000
A1,2,16,128,A,640,4,10,19666560,40750080,0.004,4.651856892515031,0.6752497032995076,0.011153503666211883,0.6817292846114257,0.3186290578945773,0.005935306219692185,2.846937274336815,0.021809114420930246,0.0075,0.0,0.6648514739696646,0.3190087690153007,0.6752497032995076,0.6813709421054227,0.5382656814157962,0.506141185760498,259.144287109375,0.7093886772129271,2553.7992379665375,0.01093053208457099,400,wavlm_large_sv_unispeech(seed-tts-eval),30000
A2,0,1,8,A,448,8,7,19275200,34033664,0.004,4.561359522166006,1.1175150686592703,0.02793298386110133,1.1002573340195574,0.19599262800707948,0.005417368143145601,1.5071037358045578,0.009601410650210264,0.46,0.0,1.154518687106062,0.1946516932134896,1.1175150686592703,0.8040073719929205,0.8732240660488606,0.5001288652420044,32.00824737548828,1.7372465049558217,6254.087417840958,0.008827535642517937,400,wavlm_large_sv_unispeech(seed-tts-eval),30000
A2,0,2,16,A,448,8,7,19275200,34033664,0.004,4.561359522166006,0.8233968428204146,0.01735075684614699,0.8479670612454967,0.2666702165757306,0.005828994889517012,1.8841213598847388,0.01767105637003082,0.1275,0.0,0.7916705653107564,0.26982948932807393,0.8233968428204146,0.7333297834242694,0.7789696600288153,0.5001288652420044,64.01649475097656,1.7372465049558217,6254.087417840958,0.00805228465133243,400,wavlm_large_sv_unispeech(seed-tts-eval),30000
A2,0,4,32,A,448,8,7,19275200,34033664,0.004,4.561359522166006,0.43185176029576233,0.01074941204230959,0.44282038085434894,0.3233997052372433,0.006290634909311384,2.41043303668499,0.02008509658083989,0.005,0.0,0.4290898018978441,0.3235061457170052,0.43185176029576233,0.6766002947627567,0.6473917408287525,0.5001288652420044,128.03298950195312,1.7372465049558217,6254.087417840958,0.008817571732732985,400,wavlm_large_sv_unispeech(seed-tts-eval),30000
A2,0,8,64,A,448,8,7,19275200,34033664,0.004,4.561359522166006,0.2818309065441975,0.009366729847906142,0.29521358723623264,0.34950898609124126,0.006199386823678782,2.7258632537722587,0.021561883760917302,0.0,0.0,0.2818309065441975,0.34950898609124126,0.2818309065441975,0.6504910139087587,0.5685341865569353,0.5001288652420044,256.06597900390625,1.7372465049558217,6254.087417840958,0.013029190301895142,400,wavlm_large_sv_unispeech(seed-tts-eval),30000
A2,0,16,128,A,448,8,7,19275200,34033664,0.004,4.561359522166006,0.2189205858394239,0.00854518221852352,0.2244981986618631,0.35727134030777963,0.006698690433966266,2.901555669605732,0.021306259782513274,0.0,0.0,0.2189205858394239,0.35727134030777963,0.2189205858394239,0.6427286596922204,0.524611082598567,0.5001288652420044,512.1319580078125,1.7372465049558217,6254.087417840958,0.01442192362414466,400,wavlm_large_sv_unispeech(seed-tts-eval),30000
A2,1,1,8,A,448,8,7,19275200,34033664,0.004,4.578615811213042,1.1514159995127866,0.03781795070411153,1.1511065362840966,0.19842197822872548,0.005340516720257893,1.506812694966793,0.008893978082061002,0.3975,0.0,1.192185288830045,0.20814861110662772,1.1514159995127866,0.8015780217712745,0.8732968262583017,0.5001288652420044,32.00824737548828,2.029218345152007,7305.186042547226,0.007706921762890286,400,wavlm_large_sv_unispeech(seed-tts-eval),30000
A2,1,2,16,A,448,8,7,19275200,34033664,0.004,4.578615811213042,0.8521526996330704,0.027873701154225588,0.8834791559444158,0.26528902852907776,0.005793199071374019,1.898509618639946,0.017774954227983416,0.0875,0.0,0.7899324906505766,0.2650896838980995,0.8521526996330704,0.7347109714709222,0.7753725953400135,0.5001288652420044,64.01649475097656,2.029218345152007,7305.186042547226,0.007919583121935527,400,wavlm_large_sv_unispeech(seed-tts-eval),30000
A2,1,4,32,A,448,8,7,19275200,34033664,0.004,4.578615811213042,0.45212027691373974,0.016202193690392268,0.46371590324240863,0.3030507548642345,0.0060713393222306886,2.3932373824715616,0.020446991870924257,0.01,0.0,0.4484850881123234,0.30356950001706456,0.45212027691373974,0.6969492451357655,0.6516906543821096,0.5001288652420044,128.03298950195312,2.029218345152007,7305.186042547226,0.013029052681393094,400,wavlm_large_sv_unispeech(seed-tts-eval),30000
A2,1,8,64,A,448,8,7,19275200,34033664,0.004,4.578615811213042,0.2893855477693145,0.00929002758510292,0.2992279979413278,0.3350856014341116,0.006272852765805701,2.714614283144474,0.022475968944543463,0.0025,0.0,0.28777740507510574,0.335498917670477,0.2893855477693145,0.6649143985658884,0.5713464292138815,0.5001288652420044,256.06597900390625,2.029218345152007,7305.186042547226,0.01118760797712538,400,wavlm_large_sv_unispeech(seed-tts-eval),30000
A2,1,16,128,A,448,8,7,19275200,34033664,0.004,4.578615811213042,0.22229257186410073,0.007792313922295818,0.2262480699948533,0.3444799050595611,0.0062103809320832055,2.9041373032331466,0.02289460216602112,0.0025,0.0,0.22096999685624133,0.34458067765772193,0.22229257186410073,0.655520094940439,0.5239656741917134,0.5001288652420044,512.1319580078125,2.029218345152007,7305.186042547226,0.013496401972240871,400,wavlm_large_sv_unispeech(seed-tts-eval),30000
A2,2,1,8,A,448,8,7,19275200,34033664,0.004,4.605360781815187,1.2469327062563167,0.05460822702640652,1.2146165723108595,0.21103337035397998,0.005351341254058713,1.5349560537934304,0.010185750946463226,0.395,0.0,1.3212327982424796,0.213673069393878,1.2469327062563167,0.78896662964602,0.8662609865516424,0.5001288652420044,32.00824737548828,1.0626793233553569,3825.6455640792847,0.006545365518993802,400,wavlm_large_sv_unispeech(seed-tts-eval),30000
A2,2,2,16,A,448,8,7,19275200,34033664,0.004,4.605360781815187,0.9200330490598085,0.026633736661611347,0.946062789500772,0.2685637433663942,0.005651585453113091,1.9070486065745353,0.016308307155796346,0.115,0.0,0.8839882416011672,0.269143939281335,0.9200330490598085,0.7314362566336058,0.7732378483563662,0.5001288652420044,64.01649475097656,1.0626793233553569,3825.6455640792847,0.008873697386847602,400,wavlm_large_sv_unispeech(seed-tts-eval),30000
A2,2,4,32,A,448,8,7,19275200,34033664,0.004,4.605360781815187,0.6403240903547627,0.02671598658521599,0.656201749871333,0.30796940214931967,0.006227146674861176,2.381888717710972,0.019285744175222025,0.0225,0.0,0.6004608079201003,0.3079184198852085,0.6403240903547627,0.6920305978506803,0.654527820572257,0.5001288652420044,128.03298950195312,1.0626793233553569,3825.6455640792847,0.005838776098357306,400,wavlm_large_sv_unispeech(seed-tts-eval),30000
A2,2,8,64,A,448,8,7,19275200,34033664,0.004,4.605360781815187,0.4701533225556646,0.010017941185125289,0.48492022645393723,0.3305108086997643,0.0059364188525019975,2.718227703869343,0.02118949043889142,0.0075,0.0,0.46712727400511284,0.33058608526490646,0.4701533225556646,0.6694891913002357,0.5704430740326643,0.5001288652420044,256.06597900390625,1.0626793233553569,3825.6455640792847,0.006904123955302768,400,wavlm_large_sv_unispeech(seed-tts-eval),30000
A2,2,16,128,A,448,8,7,19275200,34033664,0.004,4.605360781815187,0.4100288870723533,0.009556847695120772,0.4222336592897581,0.3432043619127944,0.006231031560951407,2.909989560842514,0.019860483414336497,0.0,0.0,0.4100288870723533,0.3432043619127944,0.4100288870723533,0.6567956380872055,0.5225026097893715,0.5001288652420044,512.1319580078125,1.0626793233553569,3825.6455640792847,0.00880462772316403,400,wavlm_large_sv_unispeech(seed-tts-eval),30000
A3,0,1,8,A,384,12,6,21243264,33893376,0.004,4.557748676666254,1.1882510844628051,0.04773406787872907,1.1569737519300052,0.1976416242751293,0.00568805432670137,1.5097940436005592,0.00912756674220657,0.4075,0.0,1.1740363423863933,0.2072145697790422,1.1882510844628051,0.8023583757248707,0.8725514890998602,0.513961911201477,49.3403434753418,1.9169156652026706,6900.896394729614,0.010876216689745585,400,wavlm_large_sv_unispeech(seed-tts-eval),30000
A3,0,2,16,A,384,12,6,21243264,33893376,0.004,4.557748676666254,0.8645214533141143,0.03607717037544449,0.8971693257848687,0.2699693486164324,0.005879543425214193,1.897707960009575,0.017657253179708544,0.1075,0.0,0.8079588450438616,0.27279594612336544,0.8645214533141143,0.7300306513835676,0.7755730099976063,0.513961911201477,98.6806869506836,1.9169156652026706,6900.896394729614,0.009250829352272881,400,wavlm_large_sv_unispeech(seed-tts-eval),30000
A3,0,4,32,A,384,12,6,21243264,33893376,0.004,4.557748676666254,0.35550123122459765,0.013503765564405995,0.36932578486875967,0.3217369846650399,0.006376055033286916,2.446433186531067,0.01988885943992221,0.0125,0.0,0.3422332716999718,0.32223644449222316,0.35550123122459765,0.67826301533496,0.6383917033672333,0.513961911201477,197.3613739013672,1.9169156652026706,6900.896394729614,0.014232777290874058,400,wavlm_large_sv_unispeech(seed-tts-eval),30000
A3,0,8,64,A,384,12,6,21243264,33893376,0.004,4.557748676666254,0.18926261105475767,0.007638369672326196,0.1925887802367473,0.3466602837573737,0.00614514407301281,2.7805644288659095,0.020654688345363156,0.0,0.0,0.18926261105475767,0.3466602837573737,0.18926261105475767,0.6533397162426263,0.5548588927835226,0.513961911201477,394.7227478027344,1.9169156652026706,6900.896394729614,0.011041026380327014,400,wavlm_large_sv_unispeech(seed-tts-eval),30000
A3,0,16,128,A,384,12,6,21243264,33893376,0.004,4.557748676666254,0.1612674587067795,0.027780070427232777,0.1548121461657231,0.36302799892495385,0.006486788919934518,2.9465916946530344,0.019601258145510978,0.0025,0.0,0.13423462421468463,0.36261607916502836,0.1612674587067795,0.6369720010750461,0.5133520763367414,0.513961911201477,789.4454956054688,1.9169156652026706,6900.896394729614,0.020716989636421202,400,wavlm_large_sv_unispeech(seed-tts-eval),30000
A3,1,1,8,A,384,12,6,21243264,33893376,0.004,4.569349860071089,1.0976112016102746,0.03544045931795585,1.0772002058672157,0.20358483602991329,0.005549136388317178,1.5075186848640443,0.00917899945232525,0.435,0.0,1.105277477165173,0.20725338101650762,1.0976112016102746,0.7964151639700867,0.8731203287839889,0.513961911201477,49.3403434753418,2.364338047173288,8511.616969823837,0.008021979199515448,400,wavlm_large_sv_unispeech(seed-tts-eval),30000
A3,1,2,16,A,384,12,6,21243264,33893376,0.004,4.569349860071089,0.7967769495890248,0.030936186615097633,0.8159547092125579,0.259513946804218,0.005912068412456492,1.8880052906274796,0.01790191275856271,0.0825,0.0,0.7307765741370781,0.25914248457427164,0.7967769495890248,0.740486053195782,0.7779986773431301,0.513961911201477,98.6806869506836,2.364338047173288,8511.616969823837,0.009221518503295051,400,wavlm_large_sv_unispeech(seed-tts-eval),30000
A3,1,4,32,A,384,12,6,21243264,33893376,0.004,4.569349860071089,0.32920451417829794,0.012571784645396985,0.3365928975810602,0.3198826798610389,0.006452032067349909,2.415913976728916,0.02079335105828762,0.0175,0.0,0.3137392374436377,0.32206305891806236,0.32920451417829794,0.6801173201389611,0.646021505817771,0.513961911201477,197.3613739013672,2.364338047173288,8511.616969823837,0.00925236251619127,400,wavlm_large_sv_unispeech(seed-tts-eval),30000
A3,1,8,64,A,384,12,6,21243264,33893376,0.004,4.569349860071089,0.19517948840668445,0.008415222985418743,0.1912506433350489,0.3448073236551136,0.006570513647373655,2.757899793088436,0.021802388252027925,0.0,0.0,0.19517948840668445,0.3448073236551136,0.19517948840668445,0.6551926763448864,0.560525051727891,0.513961911201477,394.7227478027344,2.364338047173288,8511.616969823837,0.017145246929592555,400,wavlm_large_sv_unispeech(seed-tts-eval),30000
A3,1,16,128,A,384,12,6,21243264,33893376,0.004,4.569349860071089,0.14257619032063462,0.006770597582711442,0.13875450334534226,0.35893102852627634,0.006352493865339032,2.943021106123924,0.022523584892753596,0.0,0.0,0.14257619032063462,0.35893102852627634,0.14257619032063462,0.6410689714737237,0.514244723469019,0.513961911201477,789.4454956054688,2.364338047173288,8511.616969823837,0.01997998529010349,400,wavlm_large_sv_unispeech(seed-tts-eval),30000
A3,2,1,8,A,384,12,6,21243264,33893376,0.004,4.571121024641047,1.1323304469564641,0.04660292332399939,1.101183736489964,0.2042609031358734,0.005270263037307473,1.5503840604424477,0.01073806036663577,0.38,0.0,1.16902979554154,0.2007532627697313,1.1323304469564641,0.7957390968641266,0.8624039848893881,0.513961911201477,49.3403434753418,1.0310891108380424,3711.9207990169525,0.005543675555123223,400,wavlm_large_sv_unispeech(seed-tts-eval),30000
A3,2,2,16,A,384,12,6,21243264,33893376,0.004,4.571121024641047,0.8358160732094783,0.033837374572455406,0.8905815748841996,0.2647258743224665,0.005664911917298201,1.9340031439065932,0.017297583555224243,0.105,0.0,0.7577373115532257,0.26438519883089223,0.8358160732094783,0.7352741256775335,0.7664992140233517,0.513961911201477,98.6806869506836,1.0310891108380424,3711.9207990169525,0.0070717716879314845,400,wavlm_large_sv_unispeech(seed-tts-eval),30000
A3,2,4,32,A,384,12,6,21243264,33893376,0.004,4.571121024641047,0.3547606908521512,0.010300669315700003,0.3616057642820381,0.31600225090514866,0.0060432069694438765,2.4730863332748414,0.020589879668594338,0.0025,0.0,0.353625523892652,0.316005084967068,0.3547606908521512,0.6839977490948513,0.6317284166812897,0.513961911201477,197.3613739013672,1.0310891108380424,3711.9207990169525,0.0062696172131432425,400,wavlm_large_sv_unispeech(seed-tts-eval),30000
A3,2,8,64,A,384,12,6,21243264,33893376,0.004,4.571121024641047,0.2073764907066759,0.007569748322398618,0.2121461657231086,0.3467960742069408,0.006126095559910013,2.7843309915065766,0.019856275572356464,0.0,0.0,0.2073764907066759,0.3467960742069408,0.2073764907066759,0.6532039257930592,0.5539172521233559,0.513961911201477,394.7227478027344,1.0310891108380424,3711.9207990169525,0.007297363215022617,400,wavlm_large_sv_unispeech(seed-tts-eval),30000
A3,2,16,128,A,384,12,6,21243264,33893376,0.004,4.571121024641047,0.17249529816733022,0.007305051944014389,0.17086978898610397,0.35794696256518366,0.00642271327001315,2.9820822629332544,0.019645300824711304,0.0025,0.0,0.17059223329602485,0.3579819138187514,0.17249529816733022,0.6420530374348163,0.5044794342666864,0.513961911201477,789.4454956054688,1.0310891108380424,3711.9207990169525,0.012453848587142097,400,wavlm_large_sv_unispeech(seed-tts-eval),30000
A4,0,1,8,A,320,18,5,22130240,32672000,0.004,4.583725558188635,1.134478108051902,0.0395245012692631,1.1356664951106537,0.20162565828301013,0.005393687411322808,1.529790322482586,0.009838650802761386,0.415,0.0,1.170496858800455,0.20501871583744502,1.134478108051902,0.7983743417169898,0.8675524193793536,0.51047682762146,73.50866317749023,3.0624380236201816,11024.776885032654,0.005176175038019816,400,wavlm_large_sv_unispeech(seed-tts-eval),30000
A4,0,2,16,A,320,18,5,22130240,32672000,0.004,4.583725558188635,0.811540445465947,0.03562588278668055,0.853937210499228,0.2672956568270456,0.00632833246278638,1.94766764909029,0.018503436474709107,0.0775,0.0,0.7539018860016403,0.27001452156112893,0.811540445465947,0.7327043431729544,0.7630830877274275,0.51047682762146,147.01732635498047,3.0624380236201816,11024.776885032654,0.005539511574639214,400,wavlm_large_sv_unispeech(seed-tts-eval),30000
A4,0,4,32,A,320,18,5,22130240,32672000,0.004,4.583725558188635,0.3219483713813041,0.013429968832464851,0.3292846114256305,0.3173834811383858,0.005839516730320044,2.4725719454884527,0.020316800412785302,0.005,0.0,0.31160986900217713,0.3175576149378365,0.3219483713813041,0.6826165188616142,0.6318570136278868,0.51047682762146,294.03465270996094,3.0624380236201816,11024.776885032654,0.008169532616933187,400,wavlm_large_sv_unispeech(seed-tts-eval),30000
A4,0,8,64,A,320,18,5,22130240,32672000,0.004,4.583725558188635,0.19008908711815145,0.008032944045157319,0.19094184251158003,0.34764305244665594,0.006452524319918352,2.801501302421093,0.019665071997085726,0.0,0.0,0.19008908711815145,0.34764305244665594,0.19008908711815145,0.6523569475533441,0.5496246743947267,0.51047682762146,588.0693054199219,3.0624380236201816,11024.776885032654,0.007897845837805006,400,wavlm_large_sv_unispeech(seed-tts-eval),30000
A4,0,16,128,A,320,18,5,22130240,32672000,0.004,4.583725558188635,0.13827857020342876,0.00652883534230538,0.13751930005146681,0.3580772125720978,0.006547710855242354,2.952933079600334,0.020801426973126265,0.0,0.0,0.13827857020342876,0.3580772125720978,0.13827857020342876,0.6419227874279022,0.5117667300999165,0.51047682762146,1176.1386108398438,3.0624380236201816,11024.776885032654,0.010754704144265917,400,wavlm_large_sv_unispeech(seed-tts-eval),30000
A4,1,1,8,A,320,18,5,22130240,32672000,0.004,4.5729930490193995,1.1594608618139832,0.040330990157076405,1.1292846114256305,0.20405909060616978,0.005428484808974034,1.506262879371643,0.009652147499136864,0.38,0.0,1.1915146727115542,0.2079381871510357,1.1594608618139832,0.7959409093938302,0.8734342801570892,0.51047682762146,73.50866317749023,1.9650809588034948,7074.291451692581,0.005901954306496514,400,wavlm_large_sv_unispeech(seed-tts-eval),30000
A4,1,2,16,A,320,18,5,22130240,32672000,0.004,4.5729930490193995,0.7652990045515691,0.022264485145252755,0.784457025218734,0.2617975546652451,0.005831031426075746,1.9065295654535293,0.01849422979343984,0.105,0.0,0.7036271345188488,0.2624185717555398,0.7652990045515691,0.7382024453347549,0.7733676086366177,0.51047682762146,147.01732635498047,1.9650809588034948,7074.291451692581,0.007299979461563958,400,wavlm_large_sv_unispeech(seed-tts-eval),30000
A4,1,4,32,A,320,18,5,22130240,32672000,0.004,4.5729930490193995,0.3161258268941832,0.010284664834505174,0.32238805970149254,0.3154491456458345,0.0063949644051169915,2.4599098819494247,0.021190437011760453,0.005,0.0,0.313248471691666,0.3160108473367203,0.3161258268941832,0.6845508543541655,0.6350225295126438,0.51047682762146,294.03465270996094,1.9650809588034948,7074.291451692581,0.0069110331932703654,400,wavlm_large_sv_unispeech(seed-tts-eval),30000
A4,1,8,64,A,320,18,5,22130240,32672000,0.004,4.5729930490193995,0.1834577094819486,0.007763433729155267,0.18466289243437983,0.34519674580544235,0.006425470678341894,2.763523493409157,0.022241452506748968,0.0,0.0,0.1834577094819486,0.34519674580544235,0.1834577094819486,0.6548032541945576,0.5591191266477108,0.51047682762146,588.0693054199219,1.9650809588034948,7074.291451692581,0.008625118732452393,400,wavlm_large_sv_unispeech(seed-tts-eval),30000
A4,1,16,128,A,320,18,5,22130240,32672000,0.004,4.5729930490193995,0.14913965563790202,0.007249619279575381,0.14668039114770973,0.3517940860334784,0.007006238289910395,2.921638618707657,0.021874573391517146,0.0,0.0,0.14913965563790202,0.3517940860334784,0.14913965563790202,0.6482059139665216,0.5195903453230858,0.51047682762146,1176.1386108398438,1.9650809588034948,7074.291451692581,0.011881525582737393,400,wavlm_large_sv_unispeech(seed-tts-eval),30000
A4,2,1,8,A,320,18,5,22130240,32672000,0.004,4.565170891368431,1.168376401495804,0.0437267211784146,1.1349459598558929,0.20318391240667552,0.005498299325437278,1.5223109424114227,0.009826083391982106,0.4025,0.0,1.1328488594935608,0.21316897225367473,1.168376401495804,0.7968160875933245,0.8694222643971443,0.51047682762146,73.50866317749023,1.377004234260983,4957.215243339539,0.006687715583377414,400,wavlm_large_sv_unispeech(seed-tts-eval),30000
A4,2,2,16,A,320,18,5,22130240,32672000,0.004,4.565170891368431,0.734809199079839,0.024492827149786657,0.7741636644364385,0.27035903245676307,0.005644379690824196,1.9252686804533006,0.01732739684257018,0.0525,0.0,0.6921348718791643,0.2701630535680496,0.734809199079839,0.7296409675432369,0.7686828298866748,0.51047682762146,147.01732635498047,1.377004234260983,4957.215243339539,0.007996769613689846,400,wavlm_large_sv_unispeech(seed-tts-eval),30000
A4,2,4,32,A,320,18,5,22130240,32672000,0.004,4.565170891368431,0.27827694202667996,0.012230770887896597,0.2826556870818322,0.32728619295638056,0.006296664616438711,2.503285934329033,0.01992001586564552,0.0025,0.0,0.2702428717867922,0.32730858005060437,0.27827694202667996,0.6727138070436194,0.6241785164177418,0.51047682762146,294.03465270996094,1.377004234260983,4957.215243339539,0.006541701157887777,400,wavlm_large_sv_unispeech(seed-tts-eval),30000
A4,2,8,64,A,320,18,5,22130240,32672000,0.004,4.565170891368431,0.15996984128117542,0.007173813316092796,0.15944415851775603,0.348774438360706,0.006359745210014101,2.7954133880138397,0.020051521802110082,0.0,0.0,0.15996984128117542,0.348774438360706,0.15996984128117542,0.651225561639294,0.5511466529965401,0.51047682762146,588.0693054199219,1.377004234260983,4957.215243339539,0.007983094652493795,400,wavlm_large_sv_unispeech(seed-tts-eval),30000
A4,2,16,128,A,320,18,5,22130240,32672000,0.004,4.565170891368431,0.12186489747464808,0.006071096878345491,0.12125579001544004,0.36605430009774864,0.006580593980645392,2.9566609731316564,0.02018978391864199,0.0,0.0,0.12186489747464808,0.36605430009774864,0.12186489747464808,0.6339456999022514,0.5108347567170859,0.51047682762146,1176.1386108398438,1.377004234260983,4957.215243339539,0.019070019192165798,400,wavlm_large_sv_unispeech(seed-tts-eval),30000
A5,0,1,8,A,256,24,4,18886912,27320320,0.004,4.599408855091214,1.1240707096694351,0.03680949426061801,1.1270200720535255,0.18572581249289213,0.005560272742883355,1.4864846900105477,0.008919139419639446,0.415,0.0,1.1566709785890679,0.19477965181661594,1.1240707096694351,0.8142741875071079,0.8783788274973631,0.497053861618042,95.43434143066406,2.4899733902348413,8963.904204845428,0.003000849816534254,400,wavlm_large_sv_unispeech(seed-tts-eval),30000
A5,0,2,16,A,256,24,4,18886912,27320320,0.004,4.599408855091214,0.7563358362316004,0.01653960374465439,0.7701492537313432,0.2602023767144419,0.005837585949084258,1.8754277357459068,0.018071528838325752,0.1,0.0,0.726332011189507,0.2618924770167925,0.7563358362316004,0.7397976232855581,0.7811430660635232,0.497053861618042,190.86868286132812,2.4899733902348413,8963.904204845428,0.004506899052196079,400,wavlm_large_sv_unispeech(seed-tts-eval),30000
A5,0,4,32,A,256,24,4,18886912,27320320,0.004,4.599408855091214,0.3127876431116651,0.011340962641047026,0.3209469891919712,0.31392160621704535,0.005992696353435323,2.431341454386711,0.020413252685585952,0.005,0.0,0.30954193542182745,0.3139855661850666,0.3127876431116651,0.6860783937829547,0.6421646364033222,0.497053861618042,381.73736572265625,2.4899733902348413,8963.904204845428,0.004775870243708293,400,wavlm_large_sv_unispeech(seed-tts-eval),30000
A5,0,8,64,A,256,24,4,18886912,27320320,0.004,4.599408855091214,0.17917260271854546,0.011955228288033484,0.18754503345342255,0.3386069333087653,0.006558903072878083,2.7579965648055076,0.020482087526503587,0.0025,0.0,0.1704111305449077,0.338840244249219,0.17917260271854546,0.6613930666912347,0.5605008587986231,0.497053861618042,763.4747314453125,2.4899733902348413,8963.904204845428,0.00483929263220893,400,wavlm_large_sv_unispeech(seed-tts-eval),30000
A5,0,16,128,A,256,24,4,18886912,27320320,0.004,4.599408855091214,0.11894939894311798,0.00658221353051225,0.119094184251158,0.35005760557018223,0.006513466541075053,2.917010422348976,0.020718053990386766,0.0025,0.0,0.11728609243507525,0.35032978025556805,0.11894939894311798,0.6499423944298177,0.520747394412756,0.497053861618042,1526.949462890625,2.4899733902348413,8963.904204845428,0.006876997086736891,400,wavlm_large_sv_unispeech(seed-tts-eval),30000
A5,1,1,8,A,256,24,4,18886912,27320320,0.004,4.612392644080175,1.151950487069589,0.03541747484854123,1.1477097272259393,0.20074999974574895,0.005360638888570545,1.5383937814831734,0.01026203896628925,0.355,0.0,1.1540179156945682,0.20089098297839247,1.151950487069589,0.7992500002542511,0.8654015546292066,0.497053861618042,95.43434143066406,3.2336705799897514,11641.214087963104,0.005332868761486477,400,wavlm_large_sv_unispeech(seed-tts-eval),30000
A5,1,2,16,A,256,24,4,18886912,27320320,0.004,4.612392644080175,0.7363027168557632,0.03612560057708589,0.7479155944415852,0.26320646991371177,0.005892079413341308,1.9209416913986206,0.01789789846527235,0.085,0.0,0.6713634362554541,0.26299258073552667,0.7363027168557632,0.7367935300862882,0.7697645771503449,0.497053861618042,190.86868286132812,3.2336705799897514,11641.214087963104,0.006274466713269551,400,wavlm_large_sv_unispeech(seed-tts-eval),30000
A5,1,4,32,A,256,24,4,18886912,27320320,0.004,4.612392644080175,0.3138764570460858,0.010188808293748856,0.3202264539372105,0.3157691200380214,0.006084631578561911,2.4281415659189225,0.021199954717197635,0.005,0.0,0.31158180195328816,0.31622145077138764,0.3138764570460858,0.6842308799619786,0.6429646085202694,0.497053861618042,381.73736572265625,3.2336705799897514,11641.214087963104,0.0065096589591768055,400,wavlm_large_sv_unispeech(seed-tts-eval),30000
A5,1,8,64,A,256,24,4,18886912,27320320,0.004,4.612392644080175,0.21533746346601945,0.025518057746977553,0.21245496654657745,0.3382550868624821,0.0062937015456345944,2.754035700559616,0.021539831268278076,0.005,0.0,0.18456775566047087,0.3383283206500375,0.21533746346601945,0.6617449131375179,0.561491074860096,0.497053861618042,763.4747314453125,3.2336705799897514,11641.214087963104,0.008416754537158542,400,wavlm_large_sv_unispeech(seed-tts-eval),30000
A5,1,16,128,A,256,24,4,18886912,27320320,0.004,4.612392644080175,0.1514434148012853,0.007566892218076067,0.146062789500772,0.3516839011479169,0.00618708958547662,2.922021652162075,0.021624946186461498,0.0,0.0,0.1514434148012853,0.3516839011479169,0.1514434148012853,0.6483160988520831,0.5194945869594813,0.497053861618042,1526.949462890625,3.2336705799897514,11641.214087963104,0.011385876403914558,400,wavlm_large_sv_unispeech(seed-tts-eval),30000
A5,2,1,8,A,256,24,4,18886912,27320320,0.004,4.621673500720989,1.198997184664385,0.05106743225939001,1.1815748841996911,0.1968924838665407,0.005001535637007773,1.5398577871918677,0.01018846680137808,0.3775,0.0,1.152598261733038,0.20269347865875048,1.198997184664385,0.8031075161334593,0.8650355532020331,0.497053861618042,95.43434143066406,1.5524107155534956,5588.678575992584,0.008971265819337633,400,wavlm_large_sv_unispeech(seed-tts-eval),30000
A5,2,2,16,A,256,24,4,18886912,27320320,0.004,4.621673500720989,0.7931869795047467,0.024066778703615753,0.8373648996397324,0.2564104494848289,0.0055710719437361625,1.9211765253543853,0.01728462252456252,0.1,0.0,0.768285157498452,0.2539316386734653,0.7931869795047467,0.7435895505151711,0.7697058686614037,0.497053861618042,190.86868286132812,1.5524107155534956,5588.678575992584,0.005347300039397346,400,wavlm_large_sv_unispeech(seed-tts-eval),30000
A5,2,4,32,A,256,24,4,18886912,27320320,0.004,4.621673500720989,0.3980295409621509,0.015717553543638543,0.4107050952135872,0.30825562505517157,0.005932545124991652,2.4311207324266433,0.020032802895199157,0.0125,0.0,0.3789580779703294,0.3082165883170276,0.3980295409621509,0.6917443749448284,0.6422198168933392,0.497053861618042,381.73736572265625,1.5524107155534956,5588.678575992584,0.0061436880297131005,400,wavlm_large_sv_unispeech(seed-tts-eval),30000
A5,2,8,64,A,256,24,4,18886912,27320320,0.004,4.621673500720989,0.22954859472834735,0.008107087058229462,0.23880597014925373,0.33876737353857606,0.006103177661165901,2.762147308886051,0.019625840521583105,0.0,0.0,0.22954859472834735,0.33876737353857606,0.22954859472834735,0.6612326264614239,0.5594631727784872,0.497053861618042,763.4747314453125,1.5524107155534956,5588.678575992584,0.007696655525101556,400,wavlm_large_sv_unispeech(seed-tts-eval),30000
A5,2,16,128,A,256,24,4,18886912,27320320,0.004,4.621673500720989,0.18985332218265236,0.00773246687359459,0.19155944415851775,0.3500453577749431,0.006831023428899514,2.9326099729537964,0.02088443780556125,0.0025,0.0,0.1880839487211218,0.35023077028362376,0.18985332218265236,0.6499546422250568,0.5168475067615509,0.497053861618042,1526.949462890625,1.5524107155534956,5588.678575992584,0.01051442007223765,400,wavlm_large_sv_unispeech(seed-tts-eval),30000
B1,0,1,8,B,832,6,13,49850944,77259520,0.004,4.545553706494796,1.096957884719082,0.029126665883343734,1.0773031394750385,0.2108830232359469,0.00556408097570154,1.5189634716510774,0.009870119835318185,0.3925,0.0,1.1119416526040922,0.21464720763909964,1.096957884719082,0.7891169767640531,0.8702591320872306,0.4991978406906128,23.961496353149414,2.493044914007187,8974.961690425873,0.014842712879180908,400,wavlm_large_sv_unispeech(seed-tts-eval),30000
B1,0,2,16,B,832,6,13,49850944,77259520,0.004,4.545553706494796,0.8169845780598282,0.020593850357809473,0.8326299536798765,0.2672125644912012,0.005924510564395894,1.9152382883429526,0.016490849176153857,0.09,0.0,0.7849848165265667,0.2703253883730293,0.8169845780598282,0.7327874355087989,0.7711904279142618,0.4991978406906128,47.92299270629883,2.493044914007187,8974.961690425873,0.010924292405446371,400,wavlm_large_sv_unispeech(seed-tts-eval),30000
B1,0,4,32,B,832,6,13,49850944,77259520,0.004,4.545553706494796,0.44772368218510555,0.010909118742450274,0.4537313432835821,0.32612942522391675,0.006144759756008192,2.431645250916481,0.01934408451155075,0.01,0.0,0.4436871787352667,0.32566313594203405,0.44772368218510555,0.6738705747760833,0.6420886872708798,0.4991978406906128,95.84598541259766,2.493044914007187,8974.961690425873,0.012332503067122566,400,wavlm_large_sv_unispeech(seed-tts-eval),30000
B1,0,8,64,B,832,6,13,49850944,77259520,0.004,4.545553706494796,0.3086205864433618,0.010222522405915934,0.31631497683993826,0.35042396711651236,0.0062490997419944305,2.75952013283968,0.021147305447581262,0.0075,0.0,0.3018902959597104,0.3511017685057009,0.3086205864433618,0.6495760328834876,0.56011996679008,0.4991978406906128,191.6919708251953,2.493044914007187,8974.961690425873,0.015729125671916536,400,wavlm_large_sv_unispeech(seed-tts-eval),30000
B1,0,16,128,B,832,6,13,49850944,77259520,0.004,4.545553706494796,0.24008576117925023,0.007669521624822079,0.24354091610910963,0.36637246134690943,0.006302272439285295,2.9262196210026743,0.020644034087202744,0.0,0.0,0.24008576117925023,0.36637246134690943,0.24008576117925023,0.6336275386530905,0.5184450947493314,0.4991978406906128,383.3839416503906,2.493044914007187,8974.961690425873,0.016610827578438653,400,wavlm_large_sv_unispeech(seed-tts-eval),30000
B1,1,1,8,B,832,6,13,49850944,77259520,0.004,4.55083606209275,1.0818425251116202,0.022133273370905322,1.0860524961399898,0.20351654147147202,0.005830733378553338,1.5379283192753792,0.010312724069124644,0.38,0.0,1.1083124368574673,0.20737896717694257,1.0818425251116202,0.796483458528528,0.8655179201811551,0.4991978406906128,23.961496353149414,2.4962708578507105,8986.575088262558,0.008205218778716192,400,wavlm_large_sv_unispeech(seed-tts-eval),30000
B1,1,2,16,B,832,6,13,49850944,77259520,0.004,4.55083606209275,0.8525995921734344,0.02353319000245215,0.8623777663407103,0.26710452386643735,0.006163407305926781,1.9185788023471833,0.018230377998650377,0.0975,0.0,0.8044769242170007,0.26740759404226516,0.8525995921734344,0.7328954761335627,0.7703552994132041,0.4991978406906128,47.92299270629883,2.4962708578507105,8986.575088262558,0.011457770864168803,400,wavlm_large_sv_unispeech(seed-tts-eval),30000
B1,1,4,32,B,832,6,13,49850944,77259520,0.004,4.55083606209275,0.5131619978778356,0.016402320621116368,0.5260936695831189,0.31443858350161463,0.00614629503497685,2.421830978691578,0.020404386653327493,0.015,0.0,0.5071662757820397,0.3147661657058421,0.5131619978778356,0.6855614164983854,0.6445422553271055,0.4991978406906128,95.84598541259766,2.4962708578507105,8986.575088262558,0.01181173801422119,400,wavlm_large_sv_unispeech(seed-tts-eval),30000
B1,1,8,64,B,832,6,13,49850944,77259520,0.004,4.55083606209275,0.34889593501127664,0.009528510100727654,0.35831188883170356,0.3401607752824202,0.006232781787363658,2.739720667004585,0.022303433967471788,0.005,0.0,0.3461923730670883,0.3397472618597012,0.34889593501127664,0.6598392247175797,0.5650698332488537,0.4991978406906128,191.6919708251953,2.4962708578507105,8986.575088262558,0.01676578078005049,400,wavlm_large_sv_unispeech(seed-tts-eval),30000
B1,1,16,128,B,832,6,13,49850944,77259520,0.004,4.55083606209275,0.2896792632114644,0.009022852174684919,0.2939783839423572,0.3571161601832136,0.006351781608780993,2.933106941282749,0.02237475074141661,0.0,0.0,0.2896792632114644,0.3571161601832136,0.2896792632114644,0.6428838398167864,0.5167232646793127,0.4991978406906128,383.3839416503906,2.4962708578507105,8986.575088262558,0.016217006776067945,400,wavlm_large_sv_unispeech(seed-tts-eval),30000
B1,2,1,8,B,832,6,13,49850944,77259520,0.004,4.555555333671891,1.184325289482227,0.043207015840400716,1.1563561502830675,0.22258634147117845,0.005397080980854447,1.5727473357319832,0.011068526803041845,0.41,0.0,1.1714223384832008,0.2235543942552502,1.184325289482227,0.7774136585288216,0.8568131660670042,0.4991978406906128,23.961496353149414,1.2026633183823692,4329.587946176529,0.005937955114576551,400,wavlm_large_sv_unispeech(seed-tts-eval),30000
B1,2,2,16,B,832,6,13,49850944,77259520,0.004,4.555555333671891,0.8826597171141971,0.02323038208187202,0.9110653628409676,0.27355456146469803,0.006200028489147644,1.942580734193325,0.017164854323966264,0.095,0.0,0.8535263873089817,0.2790411639018293,0.8826597171141971,0.726445438535302,0.7643548164516687,0.4991978406906128,47.92299270629883,1.2026633183823692,4329.587946176529,0.0054187626971138846,400,wavlm_large_sv_unispeech(seed-tts-eval),30000
B1,2,4,32,B,832,6,13,49850944,77259520,0.004,4.555555333671891,0.534605378460233,0.017370447741782386,0.5561502830674215,0.31979229777585716,0.006069780678168905,2.4423528429865837,0.019288782933217164,0.025,0.0,0.502842333809625,0.3205028706588424,0.534605378460233,0.6802077022241428,0.6394117892533541,0.4991978406906128,95.84598541259766,1.2026633183823692,4329.587946176529,0.009780849681960212,400,wavlm_large_sv_unispeech(seed-tts-eval),30000
B1,2,8,64,B,832,6,13,49850944,77259520,0.004,4.555555333671891,0.35348665442539146,0.009410398154266267,0.36726711271230056,0.34541869938489983,0.006406240932564457,2.7643100008368493,0.021262717417090356,0.0,0.0,0.35348665442539146,0.34541869938489983,0.35348665442539146,0.6545813006151002,0.5589224997907877,0.4991978406906128,191.6919708251953,1.2026633183823692,4329.587946176529,0.008845546576711867,400,wavlm_large_sv_unispeech(seed-tts-eval),30000
B1,2,16,128,B,832,6,13,49850944,77259520,0.004,4.555555333671891,0.3037721759242472,0.00896570613979339,0.3085949562532167,0.36063825025456026,0.006422964450751334,2.9317881539463997,0.022445481712992894,0.0025,0.0,0.30248292870054405,0.3610692971262306,0.3037721759242472,0.6393617497454398,0.5170529615134001,0.4991978406906128,383.3839416503906,1.2026633183823692,4329.587946176529,0.012232421967718336,400,wavlm_large_sv_unispeech(seed-tts-eval),30000
B2,0,1,8,B,640,10,10,49165440,70248960,0.004,4.5039717025160035,1.1617244307134393,0.049256019656190524,1.1434894493051981,0.21048823118559085,0.005271187706563235,1.5030274820327758,0.00962865129546769,0.435,0.0,1.179479004000926,0.21357487714890622,1.1617244307134393,0.7895117688144091,0.874243129491806,0.506141185760498,40.491294860839844,6.08723195903831,21914.035052537918,0.007918044593599108,400,wavlm_large_sv_unispeech(seed-tts-eval),30000
B2,0,2,16,B,640,10,10,49165440,70248960,0.004,4.5039717025160035,0.7829589370734104,0.034892200038719616,0.81358723623263,0.2860808205488138,0.006214817744326483,1.9489310017228128,0.018291229731324368,0.085,0.0,0.7394194116020919,0.28959255793279476,0.7829589370734104,0.7139191794511862,0.7627672495692968,0.506141185760498,80.98258972167969,6.08723195903831,21914.035052537918,0.008515932891103957,400,wavlm_large_sv_unispeech(seed-tts-eval),30000
B2,0,4,32,B,640,10,10,49165440,70248960,0.004,4.5039717025160035,0.32370142374358407,0.01009730343446202,0.3242408646423057,0.3427139186160639,0.006126867716459678,2.4875929814577105,0.021135141792242303,0.0,0.0,0.32370142374358407,0.3427139186160639,0.32370142374358407,0.6572860813839361,0.6281017546355724,0.506141185760498,161.96517944335938,6.08723195903831,21914.035052537918,0.010349628196822272,400,wavlm_large_sv_unispeech(seed-tts-eval),30000
B2,0,8,64,B,640,10,10,49165440,70248960,0.004,4.5039717025160035,0.20564243176859698,0.008288585078135265,0.20524961399897065,0.37161658314988016,0.006478404330742473,2.8041279289126395,0.02090434359948141,0.0025,0.0,0.20397494978822883,0.3713277427288225,0.20564243176859698,0.6283834168501199,0.5489680177718401,0.506141185760498,323.93035888671875,6.08723195903831,21914.035052537918,0.01499827007452647,400,wavlm_large_sv_unispeech(seed-tts-eval),30000
B2,0,16,128,B,640,10,10,49165440,70248960,0.004,4.5039717025160035,0.15484151783177807,0.007147069211559463,0.15316520844055584,0.3859618786443025,0.006555276079884637,2.969093018472195,0.021793257822491696,0.0,0.0,0.15484151783177807,0.3859618786443025,0.15484151783177807,0.6140381213556976,0.5077267453819513,0.506141185760498,647.8607177734375,6.08723195903831,21914.035052537918,0.019898883170551725,400,wavlm_large_sv_unispeech(seed-tts-eval),30000
B2,1,1,8,B,640,10,10,49165440,70248960,0.004,4.50931424129374,1.1052599189621264,0.038170469629032214,1.1042717447246526,0.20579240730265155,0.005339049127151846,1.5105845165252685,0.009864612187095768,0.44,0.0,1.1404277560568228,0.1989328503966265,1.1052599189621264,0.7942075926973484,0.8723538708686829,0.506141185760498,40.491294860839844,6.082392071949111,21896.6114590168,0.007906512220700582,400,wavlm_large_sv_unispeech(seed-tts-eval),30000
B2,1,2,16,B,640,10,10,49165440,70248960,0.004,4.50931424129374,0.8064387449109673,0.02427517099130066,0.8206896551724138,0.27167569246026685,0.005908494481363255,1.9320102527737617,0.018345960405664535,0.1175,0.0,0.7436580962889866,0.27337891554523247,0.8064387449109673,0.7283243075397332,0.7669974368065595,0.506141185760498,80.98258972167969,6.082392071949111,21896.6114590168,0.011649623314539592,400,wavlm_large_sv_unispeech(seed-tts-eval),30000
B2,1,4,32,B,640,10,10,49165440,70248960,0.004,4.50931424129374,0.3652939447285337,0.010573530206342522,0.3695316520844056,0.33185352152679115,0.006576041721592432,2.4718250322341917,0.02095287652252885,0.005,0.0,0.36252322753286464,0.3325724987612672,0.3652939447285337,0.6681464784732088,0.6320437419414521,0.506141185760498,161.96517944335938,6.082392071949111,21896.6114590168,0.009911948111322191,400,wavlm_large_sv_unispeech(seed-tts-eval),30000
B2,1,8,64,B,640,10,10,49165440,70248960,0.004,4.50931424129374,0.23429148206826875,0.008519878778000149,0.23890890375707668,0.3647393479337916,0.006719237759171594,2.7959487864375117,0.021771361307083577,0.0025,0.0,0.23291725346279527,0.36495459417259335,0.23429148206826875,0.6352606520662084,0.5510128033906221,0.506141185760498,323.93035888671875,6.082392071949111,21896.6114590168,0.012514275312423707,400,wavlm_large_sv_unispeech(seed-tts-eval),30000
B2,1,16,128,B,640,10,10,49165440,70248960,0.004,4.50931424129374,0.18587753837088236,0.007046018114094828,0.18229541945445188,0.3737519835401326,0.006578514485788896,2.957098132967949,0.02249872917038199,0.0,0.0,0.18587753837088236,0.3737519835401326,0.18587753837088236,0.6262480164598674,0.5107254667580128,0.506141185760498,647.8607177734375,6.082392071949111,21896.6114590168,0.017796098324987623,400,wavlm_large_sv_unispeech(seed-tts-eval),30000
B3,0,1,8,B,512,16,8,50348544,67215360,0.004,4.497502267398678,1.1679861390134656,0.04134861411274039,1.1607822954194544,0.2120452289201785,0.0055054159740359114,1.5141216471791268,0.009780564624581904,0.4375,0.0,1.2061539314638792,0.21170566188999349,1.1679861390134656,0.7879547710798215,0.8714695882052184,0.4931086301803589,63.11790466308594,2.725425343049897,9811.53123497963,0.010150524377822876,400,wavlm_large_sv_unispeech(seed-tts-eval),30000
B3,0,2,16,B,512,16,8,50348544,67215360,0.004,4.497502267398678,0.7896007970750344,0.029102590715194908,0.8145136387030365,0.29118668916635215,0.005983585993771379,1.935844830572605,0.01826483449259802,0.0825,0.0,0.7287640165242489,0.29510673795311587,0.7896007970750344,0.7088133108336478,0.7660387923568488,0.4931086301803589,126.23580932617188,2.725425343049897,9811.53123497963,0.009387626184357538,400,wavlm_large_sv_unispeech(seed-tts-eval),30000
B3,0,4,32,B,512,16,8,50348544,67215360,0.004,4.497502267398678,0.28773424998802777,0.009767527819380629,0.2936695831188883,0.3449943453026936,0.006597030992622978,2.508281857073307,0.021606607227619944,0.005,0.0,0.2849795468352862,0.34603422625112024,0.28773424998802777,0.6550056546973064,0.6229295357316732,0.4931086301803589,252.47161865234375,2.725425343049897,9811.53123497963,0.010430955158339606,400,wavlm_large_sv_unispeech(seed-tts-eval),30000
B3,0,8,64,B,512,16,8,50348544,67215360,0.004,4.497502267398678,0.1777534409433762,0.010916462589733663,0.184251158003088,0.37806951217819007,0.006688721249392492,2.805541116297245,0.021524983186434327,0.0,0.0,0.1777534409433762,0.37806951217819007,0.1777534409433762,0.6219304878218099,0.5486147209256887,0.4931086301803589,504.9432373046875,2.725425343049897,9811.53123497963,0.018501160277260675,400,wavlm_large_sv_unispeech(seed-tts-eval),30000
B3,0,16,128,B,512,16,8,50348544,67215360,0.004,4.497502267398678,0.12688540690951453,0.008450050790480912,0.12732887287699435,0.3926169538870454,0.006967113959174764,2.9795328572392465,0.021218054313847688,0.0025,0.0,0.12063527094895587,0.39305154269649867,0.12688540690951453,0.6073830461129546,0.5051167856901884,0.4931086301803589,1009.886474609375,2.725425343049897,9811.53123497963,0.018548593786027696,400,wavlm_large_sv_unispeech(seed-tts-eval),30000
B3,1,1,8,B,512,16,8,50348544,67215360,0.004,4.497981906360108,1.1816746176610113,0.05104434659874766,1.1667524446731858,0.20519943709485233,0.005748189393362648,1.5153464484214783,0.010206705391568729,0.4025,0.0,1.1725016936876405,0.20936379183052597,1.1816746176610113,0.7948005629051477,0.8711633878946304,0.4931086301803589,63.11790466308594,4.994773155450821,17981.183359622955,0.010990238255924649,400,wavlm_large_sv_unispeech(seed-tts-eval),30000
B3,1,2,16,B,512,16,8,50348544,67215360,0.004,4.497981906360108,0.7327975888202891,0.02385505108256221,0.7529593412249099,0.2902524425648153,0.005768860223025376,1.9601490926742553,0.018163562865543065,0.07,0.0,0.6756609479259608,0.2899197994541096,0.7327975888202891,0.7097475574351847,0.7599627268314362,0.4931086301803589,126.23580932617188,4.994773155450821,17981.183359622955,0.008804278175036113,400,wavlm_large_sv_unispeech(seed-tts-eval),30000
B3,1,4,32,B,512,16,8,50348544,67215360,0.004,4.497981906360108,0.2877400666027049,0.00972619381600429,0.2873906330416881,0.34580011885147544,0.006453500942451637,2.5158626767992973,0.02107568722973318,0.0025,0.0,0.2867903758757276,0.34521218823889893,0.2877400666027049,0.6541998811485246,0.6210343308001757,0.4931086301803589,252.47161865234375,4.994773155450821,17981.183359622955,0.013161949051751031,400,wavlm_large_sv_unispeech(seed-tts-eval),30000
B3,1,8,64,B,512,16,8,50348544,67215360,0.004,4.497981906360108,0.18105295282476289,0.0074264775464114195,0.17817807514153372,0.37188429644331333,0.00633813824905149,2.8303363534808157,0.021082008097371104,0.0,0.0,0.18105295282476289,0.37188429644331333,0.18105295282476289,0.6281157035566867,0.5424159116297961,0.4931086301803589,504.9432373046875,4.994773155450821,17981.183359622955,0.014962473180558947,400,wavlm_large_sv_unispeech(seed-tts-eval),30000
B3,1,16,128,B,512,16,8,50348544,67215360,0.004,4.497981906360108,0.12877944305933842,0.006716108425194309,0.12454966546577458,0.3860178151447326,0.00631329462376287,2.998426441550255,0.022022536429894605,0.0,0.0,0.12877944305933842,0.3860178151447326,0.12877944305933842,0.6139821848552673,0.5003933896124363,0.4931086301803589,1009.886474609375,4.994773155450821,17981.183359622955,0.023550103770362006,400,wavlm_large_sv_unispeech(seed-tts-eval),30000
B4,0,1,8,B,448,22,7,53006016,67764480,0.004,4.5215161988725905,1.0856201952258533,0.028027534746396788,1.0705095213587237,0.21747463333420455,0.0055225754916219194,1.5324012407660483,0.01063177235237583,0.4,0.0,1.1357855036142632,0.2254995668733803,1.0856201952258533,0.7825253666657954,0.866899689808488,0.5001288652420044,88.02268028259277,4.848298084669643,17453.873104810715,0.00589361482196384,400,wavlm_large_sv_unispeech(seed-tts-eval),30000
B4,0,2,16,B,448,22,7,53006016,67764480,0.004,4.5215161988725905,0.7861800469911612,0.027305081232388607,0.8100874935666496,0.28375177157577125,0.005830137803935983,1.9369055232405663,0.018204215388591617,0.0725,0.0,0.7322472608310655,0.2831350852888469,0.7861800469911612,0.7162482284242288,0.7657736191898584,0.5001288652420044,176.04536056518555,4.848298084669643,17453.873104810715,0.0064233046107821995,400,wavlm_large_sv_unispeech(seed-tts-eval),30000
B4,0,4,32,B,448,22,7,53006016,67764480,0.004,4.5215161988725905,0.3273064280562253,0.010535752530336435,0.33350488934637157,0.3473597036674619,0.006340508471812398,2.4885561871528625,0.020574661002499554,0.0,0.0,0.3273064280562253,0.3473597036674619,0.3273064280562253,0.6526402963325382,0.6278609532117844,0.5001288652420044,352.0907211303711,4.848298084669643,17453.873104810715,0.007939155035548739,400,wavlm_large_sv_unispeech(seed-tts-eval),30000
B4,0,8,64,B,448,22,7,53006016,67764480,0.004,4.5215161988725905,0.20175478920939155,0.008345118420196373,0.2020586721564591,0.36636184544302525,0.006603283890164182,2.7927949696779253,0.021616475133995595,0.0025,0.0,0.20005253960602568,0.3661748491377012,0.20175478920939155,0.6336381545569747,0.5518012575805187,0.5001288652420044,704.1814422607422,4.848298084669643,17453.873104810715,0.018175833622614542,400,wavlm_large_sv_unispeech(seed-tts-eval),30000
B4,0,16,128,B,448,22,7,53006016,67764480,0.004,4.5215161988725905,0.14565932567137968,0.006862585286989471,0.14657745753988677,0.3856326579255983,0.0066794942314318175,2.937163597643375,0.021346403807412824,0.0,0.0,0.14565932567137968,0.3856326579255983,0.14565932567137968,0.6143673420744017,0.5157091005891562,0.5001288652420044,1408.3628845214844,4.848298084669643,17453.873104810715,0.01617789195643531,400,wavlm_large_sv_unispeech(seed-tts-eval),30000
B4,1,1,8,B,448,22,7,53006016,67764480,0.004,4.496750141379395,1.0931102051096337,0.030476028545081767,1.0709212557900154,0.2091785310744308,0.005566208512607994,1.5048635306954383,0.009941040057530198,0.465,0.0,1.0739738929290736,0.21790262950566885,1.0931102051096337,0.7908214689255693,0.8737841173261405,0.5001288652420044,88.02268028259277,4.659791816473007,16775.250539302826,0.0029438877767986723,400,wavlm_large_sv_unispeech(seed-tts-eval),30000
B4,1,2,16,B,448,22,7,53006016,67764480,0.004,4.496750141379395,0.6713925542730493,0.022995291892676926,0.6858466289243438,0.2876442977925763,0.006046647469699221,1.9632491344213485,0.019941272918938453,0.0775,0.0,0.6354414477884918,0.2891484882233306,0.6713925542730493,0.7123557022074237,0.7591877163946629,0.5001288652420044,176.04536056518555,4.659791816473007,16775.250539302826,0.008533317380481296,400,wavlm_large_sv_unispeech(seed-tts-eval),30000
B4,1,4,32,B,448,22,7,53006016,67764480,0.004,4.496750141379395,0.24753124809966232,0.00935531732339585,0.2469377251672671,0.344097443013452,0.006483508086804528,2.548215507864952,0.023073217031095387,0.0025,0.0,0.24611528631545093,0.3432436719266021,0.24753124809966232,0.655902556986548,0.612946123033762,0.5001288652420044,352.0907211303711,4.659791816473007,16775.250539302826,0.004108678036265903,400,wavlm_large_sv_unispeech(seed-tts-eval),30000
B4,1,8,64,B,448,22,7,53006016,67764480,0.004,4.496750141379395,0.13640944930564478,0.006777237246955341,0.13576942871847658,0.38170317467302084,0.006595884277161715,2.847196100950241,0.021942085634214625,0.0,0.0,0.13640944930564478,0.38170317467302084,0.13640944930564478,0.6182968253269792,0.5382009747624398,0.5001288652420044,704.1814422607422,4.659791816473007,16775.250539302826,0.00593820505672031,400,wavlm_large_sv_unispeech(seed-tts-eval),30000
B4,1,16,128,B,448,22,7,53006016,67764480,0.004,4.496750141379395,0.10532376468052786,0.0058131335034497505,0.10077200205867215,0.3817317589512095,0.00694072939165948,3.0042834597826005,0.021444257546534427,0.0,0.0,0.10532376468052786,0.3817317589512095,0.10532376468052786,0.6182682410487905,0.4989291350543499,0.5001288652420044,1408.3628845214844,4.659791816473007,16775.250539302826,0.00837790052096049,400,wavlm_large_sv_unispeech(seed-tts-eval),30000
B5,0,1,8,B,384,30,6,53107584,65757696,0.004,4.508695794026762,1.0973264227149113,0.037299146193785826,1.0971693257848687,0.20150148954242467,0.005295268350699136,1.521399665772915,0.009728735970271862,0.4425,0.0,1.1361716998202058,0.20311885672901242,1.0973264227149113,0.7984985104575754,0.8696500835567713,0.513961911201477,123.35085868835449,5.677998857233259,20440.795886039734,0.005507171816296048,400,wavlm_large_sv_unispeech(seed-tts-eval),30000
B5,0,2,16,B,384,30,6,53107584,65757696,0.004,4.508695794026762,0.673276460456679,0.018041596703913018,0.710036026762738,0.2881098372163251,0.005874134028609597,1.9576914939284324,0.018160004403828398,0.0825,0.0,0.6321462717209767,0.2911053980200752,0.673276460456679,0.7118901627836749,0.7605771265178919,0.513961911201477,246.70171737670898,5.677998857233259,20440.795886039734,0.006353783739937676,400,wavlm_large_sv_unispeech(seed-tts-eval),30000
B5,0,4,32,B,384,30,6,53107584,65757696,0.004,4.508695794026762,0.2384088005429536,0.009516005867140687,0.24302624806999484,0.3480294808186591,0.006326267990132496,2.551219251155853,0.02142897181883283,0.0,0.0,0.2384088005429536,0.3480294808186591,0.2384088005429536,0.651970519181341,0.6121951872110367,0.513961911201477,493.40343475341797,5.677998857233259,20440.795886039734,0.007951153119405112,400,wavlm_large_sv_unispeech(seed-tts-eval),30000
B5,0,8,64,B,384,30,6,53107584,65757696,0.004,4.508695794026762,0.13426418436749007,0.007155941131838335,0.1350488934637159,0.37798275833483785,0.006615338832067159,2.8276699203252793,0.020745442866022694,0.0025,0.0,0.13218724507276458,0.37757569033755245,0.13426418436749007,0.6220172416651621,0.5430825199186802,0.513961911201477,986.8068695068359,5.677998857233259,20440.795886039734,0.010334229270617168,400,wavlm_large_sv_unispeech(seed-tts-eval),30000
B5,0,16,128,B,384,30,6,53107584,65757696,0.004,4.508695794026762,0.08908415641121156,0.00558057189488168,0.0885229027277406,0.37629710430745034,0.006648450710170078,2.9980056256055834,0.021739701914342918,0.0,0.0,0.08908415641121156,0.37629710430745034,0.08908415641121156,0.6237028956925497,0.5004985935986042,0.513961911201477,1973.6137390136719,5.677998857233259,20440.795886039734,0.016650110284487405,400,wavlm_large_sv_unispeech(seed-tts-eval),30000
B5,1,1,8,B,384,30,6,53107584,65757696,0.004,4.520610877163286,1.1418861171356056,0.03962551543729743,1.1267112712300567,0.21437167986645364,0.005712973663726289,1.5069840025901795,0.00971391050450596,0.3675,0.0,1.1567212414117647,0.22401875637015217,1.1418861171356056,0.7856283201335463,0.8732539993524551,0.513961911201477,123.35085868835449,5.705537370575799,20539.934534072876,0.005677929586834378,400,wavlm_large_sv_unispeech(seed-tts-eval),30000
B5,1,2,16,B,384,30,6,53107584,65757696,0.004,4.520610877163286,0.6877777624760881,0.0195684020567577,0.6970663921770458,0.28984127374831586,0.006161011909854139,1.945518695116043,0.017505691423928754,0.0525,0.0,0.675096782207505,0.2911273021703109,0.6877777624760881,0.7101587262516842,0.7636203262209893,0.513961911201477,246.70171737670898,5.705537370575799,20539.934534072876,0.006064872675471835,400,wavlm_large_sv_unispeech(seed-tts-eval),30000
B5,1,4,32,B,384,30,6,53107584,65757696,0.004,4.520610877163286,0.2640495588982836,0.009665688187707128,0.2660833762223366,0.3456022950867191,0.006265436547679216,2.49425839304924,0.022204147735205328,0.0,0.0,0.2640495588982836,0.3456022950867191,0.2640495588982836,0.654397704913281,0.62643540173769,0.513961911201477,493.40343475341797,5.705537370575799,20539.934534072876,0.007804807623227437,400,wavlm_large_sv_unispeech(seed-tts-eval),30000
B5,1,8,64,B,384,30,6,53107584,65757696,0.004,4.520610877163286,0.1455565347902513,0.007089890543641687,0.14400411734431293,0.3687413244449999,0.0066811661439248856,2.8096459066867827,0.022584440816064675,0.0,0.0,0.1455565347902513,0.3687413244449999,0.1455565347902513,0.631258675555,0.5475885233283043,0.513961911201477,986.8068695068359,5.705537370575799,20539.934534072876,0.011342747277683682,400,wavlm_large_sv_unispeech(seed-tts-eval),30000
B5,1,16,128,B,384,30,6,53107584,65757696,0.004,4.520610877163286,0.11039926973097615,0.005821987357606729,0.10715388574369532,0.37703658420126884,0.006536885137078152,2.9661722880601884,0.021653995040145414,0.0,0.0,0.11039926973097615,0.37703658420126884,0.11039926973097615,0.6229634157987312,0.5084569279849529,0.513961911201477,1973.6137390136719,5.705537370575799,20539.934534072876,0.02249201152059767,400,wavlm_large_sv_unispeech(seed-tts-eval),30000
C1,0,1,8,C,1152,8,18,127421568,165371904,0.004,4.4817821344941855,1.1057004055379023,0.04102871768209904,1.0960370560988162,0.20810609054053203,0.005306484955321972,1.5252332815527916,0.01048069523098591,0.4125,0.0,1.1057731657416476,0.21396622840869933,1.1057004055379023,0.7918939094594679,0.868691679611802,0.5018264055252075,32.11688995361328,3.3123728108406065,11924.542119026184,0.010928074783749051,400,wavlm_large_sv_unispeech(seed-tts-eval),30000
C1,0,2,16,C,1152,8,18,127421568,165371904,0.004,4.4817821344941855,0.7121416991697421,0.019014728607320452,0.7336078229541946,0.29665287260431794,0.005963365273989776,1.9688028717041015,0.018295769853251098,0.075,0.0,0.6669469397754053,0.2999612013834554,0.7121416991697421,0.7033471273956821,0.7577992820739746,0.5018264055252075,64.23377990722656,3.3123728108406065,11924.542119026184,0.009347049925062391,400,wavlm_large_sv_unispeech(seed-tts-eval),30000
C1,0,4,32,C,1152,8,18,127421568,165371904,0.004,4.4817821344941855,0.3177329106271439,0.013307343643291203,0.3215645908389089,0.35041783945634963,0.006526284412012263,2.5351660948991777,0.02003630411878246,0.0075,0.0,0.306292556911258,0.3503768812836868,0.3177329106271439,0.6495821605436504,0.6162084762752056,0.5018264055252075,128.46755981445312,3.3123728108406065,11924.542119026184,0.012144184973504809,400,wavlm_large_sv_unispeech(seed-tts-eval),30000
C1,0,8,64,C,1152,8,18,127421568,165371904,0.004,4.4817821344941855,0.1848702564383821,0.007227367891762701,0.18991250643335048,0.38001401770627125,0.0066295557680266445,2.8308647578954695,0.020884205972126577,0.0,0.0,0.1848702564383821,0.38001401770627125,0.1848702564383821,0.6199859822937288,0.5422838105261326,0.5018264055252075,256.93511962890625,3.3123728108406065,11924.542119026184,0.016739842825465732,400,wavlm_large_sv_unispeech(seed-tts-eval),30000
C1,0,16,128,C,1152,8,18,127421568,165371904,0.004,4.4817821344941855,0.13003750292293229,0.006327309207188299,0.13093154915079774,0.38224351081764324,0.006819901752602402,2.995788998901844,0.020614926514552746,0.0025,0.0,0.12799638276874306,0.38235927169400274,0.13003750292293229,0.6177564891823568,0.501052750274539,0.5018264055252075,513.8702392578125,3.3123728108406065,11924.542119026184,0.023699770304891798,400,wavlm_large_sv_unispeech(seed-tts-eval),30000
C1,1,1,8,C,1152,8,18,127421568,165371904,0.004,4.507098158236761,1.1347628594602213,0.04044551973615744,1.1231085949562531,0.21897164222202264,0.005449789397326124,1.5496126833558082,0.011058339426925728,0.405,0.0,1.0873357965537038,0.22481576550728447,1.1347628594602213,0.7810283577779773,0.862596829161048,0.5018264055252075,32.11688995361328,5.905463237696224,21259.667655706406,0.008627969622612,400,wavlm_large_sv_unispeech(seed-tts-eval),30000
C1,1,2,16,C,1152,8,18,127421568,165371904,0.004,4.507098158236761,0.8167201238126247,0.028250465487935927,0.8547606793618117,0.28676037420285866,0.005854474130022912,1.9769058564305306,0.018719230979074457,0.095,0.0,0.7459002365904175,0.2875253089281694,0.8167201238126247,0.7132396257971414,0.7557735358923674,0.5018264055252075,64.23377990722656,5.905463237696224,21259.667655706406,0.009642079472541809,400,wavlm_large_sv_unispeech(seed-tts-eval),30000
C1,1,4,32,C,1152,8,18,127421568,165371904,0.004,4.507098158236761,0.3439597361780776,0.010179181582665555,0.3510036026762738,0.3350976032530889,0.006203717979125218,2.496508659720421,0.020343711307408387,0.0,0.0,0.3439597361780776,0.3350976032530889,0.3439597361780776,0.6649023967469111,0.6258728350698948,0.5018264055252075,128.46755981445312,5.905463237696224,21259.667655706406,0.011671356095208063,400,wavlm_large_sv_unispeech(seed-tts-eval),30000
C1,1,8,64,C,1152,8,18,127421568,165371904,0.004,4.507098158236761,0.2311894298097608,0.008843078614450354,0.24004117344312917,0.3663988106814213,0.006602852048222979,2.8207952973246573,0.022226963069879323,0.0025,0.0,0.22954106023813392,0.36657219401847824,0.2311894298097608,0.6336011893185787,0.5448011756688357,0.5018264055252075,256.93511962890625,5.905463237696224,21259.667655706406,0.015537482168939378,400,wavlm_large_sv_unispeech(seed-tts-eval),30000
C1,1,16,128,C,1152,8,18,127421568,165371904,0.004,4.507098158236761,0.1842887082037428,0.008097408457349324,0.18816263510036027,0.376134588601999,0.006469540686193915,2.9891242522001265,0.022331609519847907,0.0025,0.0,0.1816177525852058,0.37614819238938035,0.1842887082037428,0.623865411398001,0.5027189369499684,0.5018264055252075,513.8702392578125,5.905463237696224,21259.667655706406,0.028157873551050823,400,wavlm_large_sv_unispeech(seed-tts-eval),30000
C2,0,1,8,C,960,12,15,132734400,164359680,0.004,4.511992912618829,1.155215619786027,0.04313480740410143,1.1477097272259393,0.21496373855276033,0.005861593307781871,1.5256170719861983,0.01013416946024736,0.395,0.0,1.1555356248066257,0.21773774785274438,1.155215619786027,0.7850362614472397,0.8685957320034504,0.4928535223007202,47.31393814086914,3.8584935220744874,13890.576679468155,0.015127430028385586,400,wavlm_large_sv_unispeech(seed-tts-eval),30000
C2,0,2,16,C,960,12,15,132734400,164359680,0.004,4.511992912618829,0.7810454337490418,0.029351991916994308,0.797838394235718,0.28940664934460075,0.005993778106558584,1.9452775511145592,0.018198278048694012,0.065,0.0,0.7609605302490118,0.2887016864254433,0.7810454337490418,0.7105933506553992,0.7636806122213602,0.4928535223007202,94.62787628173828,3.8584935220744874,13890.576679468155,0.010215288334422642,400,wavlm_large_sv_unispeech(seed-tts-eval),30000
C2,0,4,32,C,960,12,15,132734400,164359680,0.004,4.511992912618829,0.3907408551913471,0.01886177548916397,0.40257334019557384,0.3435053565260023,0.006010094046735593,2.464664823114872,0.020108825944681222,0.0075,0.0,0.3786705905024685,0.3438844246231489,0.3907408551913471,0.6564946434739978,0.633833794221282,0.4928535223007202,189.25575256347656,3.8584935220744874,13890.576679468155,0.015247709949811299,400,wavlm_large_sv_unispeech(seed-tts-eval),30000
C2,0,8,64,C,960,12,15,132734400,164359680,0.004,4.511992912618829,0.23026834173159713,0.008541623601376115,0.23808543489449305,0.37063209936721253,0.006501914416052709,2.778884692788124,0.020948222012250203,0.0025,0.0,0.22879487437207277,0.3706818383658552,0.23026834173159713,0.6293679006327875,0.555278826802969,0.4928535223007202,378.5115051269531,3.8584935220744874,13890.576679468155,0.020801947249306573,400,wavlm_large_sv_unispeech(seed-tts-eval),30000
C2,0,16,128,C,960,12,15,132734400,164359680,0.004,4.511992912618829,0.1908505991041436,0.008338445278070563,0.19279464745239322,0.37644089296925815,0.0067165739633330045,2.940187146961689,0.021112564291140723,0.0,0.0,0.1908505991041436,0.37644089296925815,0.1908505991041436,0.6235591070307418,0.5149532132595778,0.4928535223007202,757.0230102539062,3.8584935220744874,13890.576679468155,0.030008397897084555,400,wavlm_large_sv_unispeech(seed-tts-eval),30000
C2,1,1,8,C,960,12,15,132734400,164359680,0.004,4.501184654992188,1.1385792926937344,0.03837543949804019,1.1156973751930006,0.21285211559967138,0.005393483741426678,1.5207812938094138,0.010141956129724333,0.385,0.0,1.1140585752876226,0.21441352533411265,1.1385792926937344,0.7871478844003286,0.8698046765476466,0.4928535223007202,47.31393814086914,8.03382838918103,28921.782201051712,0.0063444587257173325,400,wavlm_large_sv_unispeech(seed-tts-eval),30000
C2,1,2,16,C,960,12,15,132734400,164359680,0.004,4.501184654992188,0.8044693888093493,0.02817175312820523,0.8376737004632012,0.2793562042643316,0.005764468957784345,1.9368335422873497,0.017585530450019538,0.0775,0.0,0.7389196649669474,0.27823223610002257,0.8044693888093493,0.7206437957356684,0.7657916144281626,0.4928535223007202,94.62787628173828,8.03382838918103,28921.782201051712,0.006251717342270745,400,wavlm_large_sv_unispeech(seed-tts-eval),30000
C2,1,4,32,C,960,12,15,132734400,164359680,0.004,4.501184654992188,0.3907394753636008,0.011606794655770615,0.40092640247040656,0.3374175261706114,0.0062451825529261954,2.477034511566162,0.02010272032662157,0.01,0.0,0.3818694940377155,0.3376551538781084,0.3907394753636008,0.6625824738293886,0.6307413721084595,0.4928535223007202,189.25575256347656,8.03382838918103,28921.782201051712,0.012249202993181017,400,wavlm_large_sv_unispeech(seed-tts-eval),30000
C2,1,8,64,C,960,12,15,132734400,164359680,0.004,4.501184654992188,0.26430784655904166,0.009329429473876714,0.26659804426145134,0.35586823873687534,0.006828966477594357,2.80501406699419,0.02166059409245234,0.005,0.0,0.26095069527350445,0.35613176125995627,0.26430784655904166,0.6441317612631247,0.5487464832514525,0.4928535223007202,378.5115051269531,8.03382838918103,28921.782201051712,0.011355336639616225,400,wavlm_large_sv_unispeech(seed-tts-eval),30000
C2,1,16,128,C,960,12,15,132734400,164359680,0.004,4.501184654992188,0.2044312469265285,0.007524008024011418,0.2058672156459084,0.3660661900602281,0.006780023166189683,2.982099436223507,0.02190277849894287,0.0025,0.0,0.20267603224523686,0.36637509647840844,0.2044312469265285,0.6339338099397719,0.5044751409441233,0.4928535223007202,757.0230102539062,8.03382838918103,28921.782201051712,0.020308062103059556,400,wavlm_large_sv_unispeech(seed-tts-eval),30000
C3,0,1,8,C,768,18,12,127430400,152730624,0.004,4.470157134169155,1.1411705989383842,0.0438051270253584,1.1269171384457026,0.22211192006245256,0.0057677851577443776,1.5131861403584481,0.010242620962688341,0.4225,0.0,1.1272602081385343,0.2232320528372606,1.1411705989383842,0.7778880799375474,0.871703464910388,0.49766480922698975,71.66373252868652,4.360626705620024,15698.256140232086,0.008650721576478747,400,wavlm_large_sv_unispeech(seed-tts-eval),30000
C3,0,2,16,C,768,18,12,127430400,152730624,0.004,4.470157134169155,0.6887429431419129,0.024989277907510665,0.7131240349974267,0.30570791913662104,0.006318571263639751,1.968530688583851,0.018263682926473054,0.06,0.0,0.6322873944242087,0.30632958325874454,0.6887429431419129,0.694292080863379,0.7578673278540373,0.49766480922698975,143.32746505737305,4.360626705620024,15698.256140232086,0.016655560533205667,400,wavlm_large_sv_unispeech(seed-tts-eval),30000
C3,0,4,32,C,768,18,12,127430400,152730624,0.004,4.470157134169155,0.2742588107511268,0.014501279439793818,0.2813175501801338,0.3745530005637556,0.006352081640363575,2.5310866555571554,0.020875434456758442,0.005,0.0,0.25955015125097136,0.37487310774848986,0.2742588107511268,0.6254469994362444,0.6172283361107112,0.49766480922698975,286.6549301147461,4.360626705620024,15698.256140232086,0.013026258481873406,400,wavlm_large_sv_unispeech(seed-tts-eval),30000
C3,0,8,64,C,768,18,12,127430400,152730624,0.004,4.470157134169155,0.1426233254754627,0.006992988734231825,0.1395779722079259,0.39799169762060044,0.006481359577277722,2.8266905909776687,0.020909364456721907,0.0,0.0,0.1426233254754627,0.39799169762060044,0.1426233254754627,0.6020083023793996,0.5433273522555828,0.49766480922698975,573.3098602294922,4.360626705620024,15698.256140232086,0.018648804889784917,400,wavlm_large_sv_unispeech(seed-tts-eval),30000
C3,0,16,128,C,768,18,12,127430400,152730624,0.004,4.470157134169155,0.11250733636706733,0.006382732958450488,0.11044776119402985,0.4081370605202392,0.006830929536600294,2.985288911163807,0.021864434024352307,0.0,0.0,0.11250733636706733,0.4081370605202392,0.11250733636706733,0.5918629394797608,0.5036777722090483,0.49766480922698975,1146.6197204589844,4.360626705620024,15698.256140232086,0.02693246967262692,400,wavlm_large_sv_unispeech(seed-tts-eval),30000
C3,1,1,8,C,768,18,12,127430400,152730624,0.004,4.4982980442675915,1.1962591253633794,0.05032545009058461,1.1924858466289243,0.2186920235049911,0.005462792064608342,1.5390402841567994,0.01073369128920828,0.4,0.0,1.198518713685029,0.2235121920394401,1.1962591253633794,0.7813079764950089,0.8652399289608002,0.49766480922698975,71.66373252868652,4.473532402515412,16104.716649055481,0.008032370805740357,400,wavlm_large_sv_unispeech(seed-tts-eval),30000
C3,1,2,16,C,768,18,12,127430400,152730624,0.004,4.4982980442675915,0.8763370054512234,0.04873400105170253,0.8840967575913535,0.28820984867867083,0.006289587418192829,1.959093046784401,0.01838745582196697,0.115,0.0,0.7251845052998769,0.28760617735169536,0.8763370054512234,0.7117901513213292,0.7602267383038998,0.49766480922698975,143.32746505737305,4.473532402515412,16104.716649055481,0.009260398348172506,400,wavlm_large_sv_unispeech(seed-tts-eval),30000
C3,1,4,32,C,768,18,12,127430400,152730624,0.004,4.4982980442675915,0.37284641970358307,0.011842671571457953,0.38260422027792074,0.33733401086879894,0.00640161174072592,2.493132565021515,0.021510593953167755,0.0075,0.0,0.36446936300302885,0.3372872488019561,0.37284641970358307,0.662665989131201,0.6267168587446212,0.49766480922698975,286.6549301147461,4.473532402515412,16104.716649055481,0.011847743921809727,400,wavlm_large_sv_unispeech(seed-tts-eval),30000
C3,1,8,64,C,768,18,12,127430400,152730624,0.004,4.4982980442675915,0.2430025802051223,0.008691044111646538,0.24343798250128668,0.3692651988216676,0.0064988028467928265,2.8218996986746787,0.021518835439065673,0.0,0.0,0.2430025802051223,0.3692651988216676,0.2430025802051223,0.6307348011783325,0.5445250753313303,0.49766480922698975,573.3098602294922,4.473532402515412,16104.716649055481,0.01717980941136678,400,wavlm_large_sv_unispeech(seed-tts-eval),30000
C3,1,16,128,C,768,18,12,127430400,152730624,0.004,4.4982980442675915,0.1960623676755646,0.007893402990823303,0.19083890890375707,0.38587609799578787,0.006983536530894554,2.97704545378685,0.0226978500527751,0.0,0.0,0.1960623676755646,0.38587609799578787,0.1960623676755646,0.6141239020042122,0.5057386365532875,0.49766480922698975,1146.6197204589844,4.473532402515412,16104.716649055481,0.01944449570443895,400,wavlm_large_sv_unispeech(seed-tts-eval),30000
C4,0,1,8,C,640,26,10,127829120,148912640,0.004,4.487622845310373,1.1188122176785595,0.04222878636440637,1.101286670097787,0.20928516480955295,0.005589916617829698,1.5120971897244453,0.010325732464675488,0.4425,0.0,1.0560628852079093,0.20544840917910026,1.1188122176785595,0.790714835190447,0.8719757025688887,0.506141185760498,105.2773666381836,4.817090810471111,17341.526917696,0.010362175173229642,400,wavlm_large_sv_unispeech(seed-tts-eval),30000
C4,0,2,16,C,640,26,10,127829120,148912640,0.004,4.487622845310373,0.7446683895851103,0.03872840219764655,0.7657231085949563,0.3001219460181892,0.005956093205823588,1.9644267791509629,0.01965658547682087,0.07,0.0,0.6645968498864543,0.30281790904700756,0.7446683895851103,0.6998780539818108,0.7588933052122593,0.506141185760498,210.5547332763672,4.817090810471111,17341.526917696,0.0109492603275511,400,wavlm_large_sv_unispeech(seed-tts-eval),30000
C4,0,4,32,C,640,26,10,127829120,148912640,0.004,4.487622845310373,0.29227856908062116,0.010204157358412954,0.2936695831188883,0.3471806137263775,0.005935280225401309,2.52095616877079,0.02125127922236565,0.0025,0.0,0.2909605158247285,0.34741581942802086,0.29227856908062116,0.6528193862736225,0.6197609578073024,0.506141185760498,421.1094665527344,4.817090810471111,17341.526917696,0.014835782514678108,400,wavlm_large_sv_unispeech(seed-tts-eval),30000
C4,0,8,64,C,640,26,10,127829120,148912640,0.004,4.487622845310373,0.165937226569456,0.0073489009812875705,0.16664951106536285,0.37456674815621227,0.006785749890686467,2.8370695978403093,0.020371459282563894,0.0,0.0,0.165937226569456,0.37456674815621227,0.165937226569456,0.6254332518437877,0.5407326005399227,0.506141185760498,842.2189331054688,4.817090810471111,17341.526917696,0.024708495603667367,400,wavlm_large_sv_unispeech(seed-tts-eval),30000
C4,0,16,128,C,640,26,10,127829120,148912640,0.004,4.487622845310373,0.12686041308881035,0.006459706287847854,0.12413793103448276,0.389794853576459,0.006912219720287366,3.006089669764042,0.020262600082703076,0.0025,0.0,0.12521693368388964,0.3901603805848904,0.12686041308881035,0.610205146423541,0.49847758255898955,0.506141185760498,1684.4378662109375,4.817090810471111,17341.526917696,0.03815644356939528,400,wavlm_large_sv_unispeech(seed-tts-eval),30000
C4,1,1,8,C,640,26,10,127829120,148912640,0.004,4.476158318237386,1.1599806145997131,0.04190981767377823,1.1516212043232115,0.21654808942461387,0.005614074226854382,1.5083890417218209,0.010234647370013889,0.4,0.0,1.1315735373089912,0.2226700167520903,1.1599806145997131,0.7834519105753861,0.8729027395695448,0.506141185760498,105.2773666381836,9.254018211563428,33314.46556162834,0.011621489657296074,400,wavlm_large_sv_unispeech(seed-tts-eval),30000
C4,1,2,16,C,640,26,10,127829120,148912640,0.004,4.476158318237386,0.7164816971155287,0.030553777860368427,0.7342254246011323,0.2842325828340836,0.00614672644182611,1.9518383255600928,0.01950738960415448,0.075,0.0,0.6618357840696983,0.28419960571352293,0.7164816971155287,0.7157674171659164,0.7620404186099767,0.506141185760498,210.5547332763672,9.254018211563428,33314.46556162834,0.008143651750352648,400,wavlm_large_sv_unispeech(seed-tts-eval),30000
C4,1,4,32,C,640,26,10,127829120,148912640,0.004,4.476158318237386,0.2739243132999413,0.009882469732837088,0.2765826042202779,0.3646928694099188,0.006083105000734574,2.539265114068985,0.02222362691532794,0.0,0.0,0.2739243132999413,0.3646928694099188,0.2739243132999413,0.6353071305900813,0.6151837214827538,0.506141185760498,421.1094665527344,9.254018211563428,33314.46556162834,0.010384742816289266,400,wavlm_large_sv_unispeech(seed-tts-eval),30000
C4,1,8,64,C,640,26,10,127829120,148912640,0.004,4.476158318237386,0.17347008669959338,0.007750679871749548,0.17385486361296965,0.3899508999101818,0.006479679605572874,2.849719469845295,0.02183309551244174,0.0,0.0,0.17347008669959338,0.3899508999101818,0.17347008669959338,0.6100491000898183,0.5375701325386762,0.506141185760498,842.2189331054688,9.254018211563428,33314.46556162834,0.013499642411867777,400,wavlm_large_sv_unispeech(seed-tts-eval),30000
C4,1,16,128,C,640,26,10,127829120,148912640,0.004,4.476158318237386,0.13952038858758783,0.007182090714939275,0.13947503860010294,0.39466056753648443,0.006721368652689648,3.0257063448429107,0.02247656437542377,0.0,0.0,0.13952038858758783,0.39466056753648443,0.13952038858758783,0.6053394324635155,0.49357341378927233,0.506141185760498,1684.4378662109375,9.254018211563428,33314.46556162834,0.02632025202115377,400,wavlm_large_sv_unispeech(seed-tts-eval),30000
C5,0,1,8,C,512,36,8,113283584,130150400,0.004,4.482311366403406,1.1016718307630111,0.03486679318161747,1.0825527534740094,0.22445657708565706,0.0055489623743214525,1.5211906823515893,0.010519779235358148,0.4325,0.0,1.1232169556619986,0.23288771501098174,1.1016718307630111,0.775543422914343,0.8697023294121027,0.4931086301803589,142.01528549194336,5.2213970037301385,18797.029213428497,0.012011065416865878,400,wavlm_large_sv_unispeech(seed-tts-eval),30000
C5,0,2,16,C,512,36,8,113283584,130150400,0.004,4.482311366403406,0.684699066571361,0.026055963743967202,0.7061245496654658,0.29490304801613093,0.0062861501775904865,1.95862873762846,0.018453527018040213,0.075,0.0,0.6292638481627936,0.2953353333916213,0.684699066571361,0.705096951983869,0.7603428155928851,0.4931086301803589,284.0305709838867,5.2213970037301385,18797.029213428497,0.010558636056052314,400,wavlm_large_sv_unispeech(seed-tts-eval),30000
C5,0,4,32,C,512,36,8,113283584,130150400,0.004,4.482311366403406,0.25720248373799964,0.009717942863570509,0.2618630983015955,0.3582399148866534,0.006213531743607774,2.52390867292881,0.020857743272059345,0.0025,0.0,0.2556046532659012,0.357871757974302,0.25720248373799964,0.6417600851133466,0.6190228317677975,0.4931086301803589,568.0611419677734,5.2213970037301385,18797.029213428497,0.022912201815181308,400,wavlm_large_sv_unispeech(seed-tts-eval),30000
C5,0,8,64,C,512,36,8,113283584,130150400,0.004,4.482311366403406,0.14503906053271723,0.007248523410139772,0.14668039114770973,0.38381572684273124,0.006553016215474711,2.8200757732987403,0.02110417882327551,0.0,0.0,0.14503906053271723,0.38381572684273124,0.14503906053271723,0.6161842731572688,0.5449810566753149,0.4931086301803589,1136.1222839355469,5.2213970037301385,18797.029213428497,0.0258187288708157,400,wavlm_large_sv_unispeech(seed-tts-eval),30000
C5,0,16,128,C,512,36,8,113283584,130150400,0.004,4.482311366403406,0.09667490577429266,0.005433122893370845,0.09747812660833763,0.3917036315798759,0.006514634742536672,2.978548313379288,0.020383176934470622,0.0,0.0,0.09667490577429266,0.3917036315798759,0.09667490577429266,0.6082963684201241,0.505362921655178,0.4931086301803589,2272.2445678710938,5.2213970037301385,18797.029213428497,0.03467636591858334,400,wavlm_large_sv_unispeech(seed-tts-eval),30000
C5,1,1,8,C,512,36,8,113283584,130150400,0.004,4.48997910782107,1.1300551146418065,0.044248041103149456,1.1068450849202265,0.208813426324632,0.005388305695972085,1.5066538035869599,0.009730176694273614,0.3825,0.0,1.1793648635232261,0.21050315792578073,1.1300551146418065,0.791186573675368,0.8733365491032601,0.4931086301803589,142.01528549194336,10.035826332237985,36128.97479605675,0.008549028237660726,400,wavlm_large_sv_unispeech(seed-tts-eval),30000
C5,1,2,16,C,512,36,8,113283584,130150400,0.004,4.48997910782107,0.6818881556843946,0.019723223515717522,0.7088008234688625,0.2885251245298423,0.006052108667912099,1.9703961399197578,0.019117957073708298,0.0725,0.0,0.6399517155908497,0.29017391728834724,0.6818881556843946,0.7114748754701576,0.7574009650200606,0.4931086301803589,284.0305709838867,10.035826332237985,36128.97479605675,0.013725625740157234,400,wavlm_large_sv_unispeech(seed-tts-eval),30000
C5,1,4,32,C,512,36,8,113283584,130150400,0.004,4.48997910782107,0.2679507482709498,0.013066864418000017,0.26525990735975297,0.34865140974987296,0.0062381579183877186,2.5275866585969924,0.02165693812793961,0.005,0.0,0.25726950319432884,0.34925195324379743,0.2679507482709498,0.651348590250127,0.6181033353507519,0.4931086301803589,568.0611419677734,10.035826332237985,36128.97479605675,0.017079373002052308,400,wavlm_large_sv_unispeech(seed-tts-eval),30000
C5,1,8,64,C,512,36,8,113283584,130150400,0.004,4.48997910782107,0.14259046696160044,0.007303117390315592,0.13926917138445702,0.3769318553432822,0.0066520832136777895,2.878213174343109,0.021408684236576575,0.0025,0.0,0.1405418215153889,0.3769706509689938,0.14259046696160044,0.6230681446567178,0.5304467064142228,0.4931086301803589,1136.1222839355469,10.035826332237985,36128.97479605675,0.020044940180248685,400,wavlm_large_sv_unispeech(seed-tts-eval),30000
C5,1,16,128,C,512,36,8,113283584,130150400,0.004,4.48997910782107,0.10556527645365658,0.0057659582231876115,0.10169840452907875,0.3787389974296093,0.0066778234664338024,3.029154044389725,0.022274409978791286,0.0,0.0,0.10556527645365658,0.3787389974296093,0.10556527645365658,0.6212610025703906,0.4927114889025688,0.4931086301803589,2272.2445678710938,10.035826332237985,36128.97479605675,0.03426162686612871,400,wavlm_large_sv_unispeech(seed-tts-eval),30000
